<?xml version="1.0" encoding="UTF-8"?>
<gpx creator="Garmin Desktop App" version="1.1" schemaLocation="http://www.topografix.com/GPX/1/1 http://www.topografix.com/GPX/1/1/gpx.xsd http://www.garmin.com/xmlschemas/WaypointExtension/v1 http://www8.garmin.com/xmlschemas/WaypointExtensionv1.xsd http://www.garmin.com/xmlschemas/TrackPointExtension/v1 http://www.garmin.com/xmlschemas/TrackPointExtensionv1.xsd http://www.garmin.com/xmlschemas/GpxExtensions/v3 http://www8.garmin.com/xmlschemas/GpxExtensionsv3.xsd http://www.garmin.com/xmlschemas/ActivityExtension/v1 http://www8.garmin.com/xmlschemas/ActivityExtensionv1.xsd http://www.garmin.com/xmlschemas/AdventuresExtensions/v1 http://www8.garmin.com/xmlschemas/AdventuresExtensionv1.xsd http://www.garmin.com/xmlschemas/PressureExtension/v1 http://www.garmin.com/xmlschemas/PressureExtensionv1.xsd http://www.garmin.com/xmlschemas/TripExtensions/v1 http://www.garmin.com/xmlschemas/TripExtensionsv1.xsd http://www.garmin.com/xmlschemas/TripMetaDataExtensions/v1 http://www.garmin.com/xmlschemas/TripMetaDataExtensionsv1.xsd http://www.garmin.com/xmlschemas/ViaPointTransportationModeExtensions/v1 http://www.garmin.com/xmlschemas/ViaPointTransportationModeExtensionsv1.xsd http://www.garmin.com/xmlschemas/CreationTimeExtension/v1 http://www.garmin.com/xmlschemas/CreationTimeExtensionsv1.xsd http://www.garmin.com/xmlschemas/AccelerationExtension/v1 http://www.garmin.com/xmlschemas/AccelerationExtensionv1.xsd http://www.garmin.com/xmlschemas/PowerExtension/v1 http://www.garmin.com/xmlschemas/PowerExtensionv1.xsd http://www.garmin.com/xmlschemas/VideoExtension/v1 http://www.garmin.com/xmlschemas/VideoExtensionv1.xsd" xmlns="http://www.topografix.com/GPX/1/1" xmlns:xsi="http://www.w3.org/2001/XMLSchema-instance" xsi:schemaLocation="http://www.topografix.com/GPX/1/1 http://www.topografix.com/GPX/1/1/gpx.xsd http://www.garmin.com/xmlschemas/GpxExtensions/v3 http://www.garmin.com/xmlschemas/GpxExtensionsv3.xsd http://www.garmin.com/xmlschemas/TrackPointExtension/v1 http://www.garmin.com/xmlschemas/TrackPointExtensionv1.xsd http://www.garmin.com/xmlschemas/PowerExtension/v1 http://www.garmin.com/xmlschemas/PowerExtensionv1.xsd http://www.topografix.com/GPX/gpx_style/0/2 http://www.topografix.com/GPX/gpx_style/0/2/gpx_style.xsd" xmlns:gpxtpx="http://www.garmin.com/xmlschemas/TrackPointExtension/v1" xmlns:gpxx="http://www.garmin.com/xmlschemas/GpxExtensions/v3" xmlns:gpxpx="http://www.garmin.com/xmlschemas/PowerExtension/v1" xmlns:gpx_style="http://www.topografix.com/GPX/gpx_style/0/2">
  <metadata>
    <name>2026 트랜스제주 100K</name>
    <author>
      <name>gpx.studio</name>
      <link href="https://gpx.studio"/>
    </author>
    <link href="http://www.garmin.com">
      <text>Garmin International</text>
    </link>
    <time>2025-10-13T16:03:14.000Z</time>
  </metadata>
  <wpt lat="33.288751" lon="126.530568">
    <ele>416.89406335458625</ele>
    <name>CP1-7.1</name>
    <sym>Drinking Water</sym>
  </wpt>
  <wpt lat="33.34638" lon="126.495796">
    <ele>1221.2436588393182</ele>
    <name>CP2-20.2</name>
    <sym>Drinking Water</sym>
  </wpt>
  <wpt lat="33.39204" lon="126.494956">
    <ele>967.9863950574072</ele>
    <name>CP3-28.6</name>
    <sym>Drinking Water</sym>
  </wpt>
  <wpt lat="33.422307" lon="126.549436">
    <ele>574.8396281691552</ele>
    <name>Drop-40.7</name>
    <sym>Drinking Water</sym>
  </wpt>
  <wpt lat="33.384919" lon="126.619662">
    <ele>751.6783237110212</ele>
    <name>CP5-58.5</name>
    <sym>Drinking Water</sym>
  </wpt>
  <wpt lat="33.335199" lon="126.622412">
    <ele>413.84346654987894</ele>
    <name>CP6-70.5</name>
    <sym>Drinking Water</sym>
  </wpt>
  <wpt lat="33.308322" lon="126.559036">
    <ele>492.587042157622</ele>
    <name>CP7-82.2</name>
    <sym>Drinking Water</sym>
  </wpt>
  <wpt lat="33.288823" lon="126.530538">
    <ele>417.1449444278842</ele>
    <name>CP8-91.8</name>
    <sym>Drinking Water</sym>
  </wpt>
  <wpt lat="33.247205" lon="126.509821">
    <ele>79.15350651885508</ele>
    <name>Finish</name>
  </wpt>
  <trk>
    <name>100K 최종(초반구간완료)</name>
    <trkseg>
      <trkpt lat="33.24657418114388" lon="126.51083595975386">
        <ele>79.89916021047569</ele>
        <time>2025-10-13T15:37:45.000Z</time>
      </trkpt>
      <trkpt lat="33.24659798294306" lon="126.51082498021424">
        <ele>79.89</ele>
        <time>2025-10-13T15:37:45.000Z</time>
      </trkpt>
      <trkpt lat="33.24660695157945" lon="126.51080192998052">
        <ele>79.87</ele>
        <time>2025-10-13T15:37:45.000Z</time>
      </trkpt>
      <trkpt lat="33.24662195518613" lon="126.51078198105097">
        <ele>79.86</ele>
        <time>2025-10-13T15:37:45.000Z</time>
      </trkpt>
      <trkpt lat="33.24664995074272" lon="126.51076697744429">
        <ele>79.9</ele>
        <time>2025-10-13T15:37:45.000Z</time>
      </trkpt>
      <trkpt lat="33.24666696600616" lon="126.51074493303895">
        <ele>79.92</ele>
        <time>2025-10-13T15:37:45.000Z</time>
      </trkpt>
      <trkpt lat="33.24668196961284" lon="126.51072196662426">
        <ele>79.95</ele>
        <time>2025-10-13T15:37:45.000Z</time>
      </trkpt>
      <trkpt lat="33.24671197682619" lon="126.51071693748236">
        <ele>80.02</ele>
        <time>2025-10-13T15:37:45.000Z</time>
      </trkpt>
      <trkpt lat="33.24675698764622" lon="126.51072196662426">
        <ele>80.12</ele>
        <time>2025-10-13T15:37:45.000Z</time>
      </trkpt>
      <trkpt lat="33.24677492491901" lon="126.51071693748236">
        <ele>80.21</ele>
        <time>2025-10-13T15:37:45.000Z</time>
      </trkpt>
      <trkpt lat="33.24680199846625" lon="126.51070696301758">
        <ele>80.28</ele>
        <time>2025-10-13T15:37:45.000Z</time>
      </trkpt>
      <trkpt lat="33.246831921860576" lon="126.51068198494613">
        <ele>80.34</ele>
        <time>2025-10-13T15:37:45.000Z</time>
      </trkpt>
      <trkpt lat="33.246852960437536" lon="126.51065994054079">
        <ele>80.39</ele>
        <time>2025-10-13T15:37:45.000Z</time>
      </trkpt>
      <trkpt lat="33.24688196182251" lon="126.5106369741261">
        <ele>80.42</ele>
        <time>2025-10-13T15:37:45.000Z</time>
      </trkpt>
      <trkpt lat="33.24689696542919" lon="126.51062498800457">
        <ele>80.43</ele>
        <time>2025-10-13T15:37:45.000Z</time>
      </trkpt>
      <trkpt lat="33.24691993184388" lon="126.51060495525599">
        <ele>80.43</ele>
        <time>2025-10-13T15:37:45.000Z</time>
      </trkpt>
      <trkpt lat="33.24694692157209" lon="126.51058995164931">
        <ele>80.46</ele>
        <time>2025-10-13T15:37:45.000Z</time>
      </trkpt>
      <trkpt lat="33.24697298929095" lon="126.51057193055749">
        <ele>80.5</ele>
        <time>2025-10-13T15:37:45.000Z</time>
      </trkpt>
      <trkpt lat="33.247001990675926" lon="126.51055692695081">
        <ele>80.54</ele>
        <time>2025-10-13T15:37:45.000Z</time>
      </trkpt>
      <trkpt lat="33.24703694321215" lon="126.51054192334414">
        <ele>80.59</ele>
        <time>2025-10-13T15:37:45.000Z</time>
      </trkpt>
      <trkpt lat="33.24706996791065" lon="126.5105399955064">
        <ele>80.65</ele>
        <time>2025-10-13T15:37:45.000Z</time>
      </trkpt>
      <trkpt lat="33.247089916840196" lon="126.51054494082928">
        <ele>80.72</ele>
        <time>2025-10-13T15:37:45.000Z</time>
      </trkpt>
      <trkpt lat="33.247109949588776" lon="126.51055198162794">
        <ele>80.79</ele>
        <time>2025-10-13T15:37:45.000Z</time>
      </trkpt>
      <trkpt lat="33.247126964852214" lon="126.51056698523462">
        <ele>80.87</ele>
        <time>2025-10-13T15:37:45.000Z</time>
      </trkpt>
      <trkpt lat="33.24714791961014" lon="126.51058995164931">
        <ele>80.94</ele>
        <time>2025-10-13T15:37:45.000Z</time>
      </trkpt>
      <trkpt lat="33.247169964015484" lon="126.51062498800457">
        <ele>81.01</ele>
        <time>2025-10-13T15:37:45.000Z</time>
      </trkpt>
      <trkpt lat="33.247176920995116" lon="126.51064493693411">
        <ele>81.08</ele>
        <time>2025-10-13T15:37:45.000Z</time>
      </trkpt>
      <trkpt lat="33.247169964015484" lon="126.5106699988246">
        <ele>81.14</ele>
        <time>2025-10-13T15:37:45.000Z</time>
      </trkpt>
      <trkpt lat="33.24715998955071" lon="126.51069497689605">
        <ele>81.19</ele>
        <time>2025-10-13T15:37:45.000Z</time>
      </trkpt>
      <trkpt lat="33.247151942923665" lon="126.5107199549675">
        <ele>81.24</ele>
        <time>2025-10-13T15:37:45.000Z</time>
      </trkpt>
      <trkpt lat="33.247127970680594" lon="126.51074199937284">
        <ele>81.28</ele>
        <time>2025-10-13T15:37:45.000Z</time>
      </trkpt>
      <trkpt lat="33.24711196124554" lon="126.51074996218085">
        <ele>81.31</ele>
        <time>2025-10-13T15:37:45.000Z</time>
      </trkpt>
      <trkpt lat="33.2470949459821" lon="126.51076194830239">
        <ele>81.34</ele>
        <time>2025-10-13T15:37:45.000Z</time>
      </trkpt>
      <trkpt lat="33.24707197956741" lon="126.51078198105097">
        <ele>81.38</ele>
        <time>2025-10-13T15:37:45.000Z</time>
      </trkpt>
      <trkpt lat="33.247046917676926" lon="126.51080997660756">
        <ele>81.43</ele>
        <time>2025-10-13T15:37:45.000Z</time>
      </trkpt>
      <trkpt lat="33.2470119651407" lon="126.51083193719387">
        <ele>81.48</ele>
        <time>2025-10-13T15:37:45.000Z</time>
      </trkpt>
      <trkpt lat="33.24697198346257" lon="126.51085498742759">
        <ele>81.5</ele>
        <time>2025-10-13T15:37:45.000Z</time>
      </trkpt>
      <trkpt lat="33.24693191796541" lon="126.51087996549904">
        <ele>81.51</ele>
        <time>2025-10-13T15:37:45.000Z</time>
      </trkpt>
      <trkpt lat="33.246891936287284" lon="126.51091198436916">
        <ele>81.48</ele>
        <time>2025-10-13T15:37:45.000Z</time>
      </trkpt>
      <trkpt lat="33.246849942952394" lon="126.51094492524862">
        <ele>81.41</ele>
        <time>2025-10-13T15:37:45.000Z</time>
      </trkpt>
      <trkpt lat="33.24680199846625" lon="126.51096696965396">
        <ele>81.31</ele>
        <time>2025-10-13T15:37:45.000Z</time>
      </trkpt>
      <trkpt lat="33.24675195850432" lon="126.51098691858351">
        <ele>81.19</ele>
        <time>2025-10-13T15:37:45.000Z</time>
      </trkpt>
      <trkpt lat="33.24670493602753" lon="126.51100695133209">
        <ele>81.08</ele>
        <time>2025-10-13T15:37:45.000Z</time>
      </trkpt>
      <trkpt lat="33.246656991541386" lon="126.51102698408067">
        <ele>80.95</ele>
        <time>2025-10-13T15:37:45.000Z</time>
      </trkpt>
      <trkpt lat="33.24660493992269" lon="126.51104693301022">
        <ele>80.82</ele>
        <time>2025-10-13T15:37:45.000Z</time>
      </trkpt>
      <trkpt lat="33.24655699543655" lon="126.5110669657588">
        <ele>80.68</ele>
        <time>2025-10-13T15:37:46.000Z</time>
      </trkpt>
      <trkpt lat="33.24650192633271" lon="126.51108699850738">
        <ele>80.54</ele>
        <time>2025-10-13T15:37:46.000Z</time>
      </trkpt>
      <trkpt lat="33.24645197018981" lon="126.5110999904573">
        <ele>80.4</ele>
        <time>2025-10-13T15:37:46.000Z</time>
      </trkpt>
      <trkpt lat="33.24640695936978" lon="126.51111499406397">
        <ele>80.27</ele>
        <time>2025-10-13T15:37:46.000Z</time>
      </trkpt>
      <trkpt lat="33.24636697769165" lon="126.5111219510436">
        <ele>80.14</ele>
        <time>2025-10-13T15:37:46.000Z</time>
      </trkpt>
      <trkpt lat="33.24633194133639" lon="126.51113192550838">
        <ele>80.03</ele>
        <time>2025-10-13T15:37:46.000Z</time>
      </trkpt>
      <trkpt lat="33.246311992406845" lon="126.51115992106497">
        <ele>79.94</ele>
        <time>2025-10-13T15:37:46.000Z</time>
      </trkpt>
      <trkpt lat="33.24629497714341" lon="126.51118498295546">
        <ele>79.87</ele>
        <time>2025-10-13T15:37:46.000Z</time>
      </trkpt>
      <trkpt lat="33.24628693051636" lon="126.51121691800654">
        <ele>79.81</ele>
        <time>2025-10-13T15:37:46.000Z</time>
      </trkpt>
      <trkpt lat="33.24627997353673" lon="126.51123996824026">
        <ele>79.77</ele>
        <time>2025-10-13T15:37:46.000Z</time>
      </trkpt>
      <trkpt lat="33.24628198519349" lon="126.51126494631171">
        <ele>79.75</ele>
        <time>2025-10-13T15:37:46.000Z</time>
      </trkpt>
      <trkpt lat="33.24629497714341" lon="126.5113119687885">
        <ele>79.75</ele>
        <time>2025-10-13T15:37:46.000Z</time>
      </trkpt>
      <trkpt lat="33.2463179435581" lon="126.5113399643451">
        <ele>79.76</ele>
        <time>2025-10-13T15:37:46.000Z</time>
      </trkpt>
      <trkpt lat="33.24634493328631" lon="126.51136494241655">
        <ele>79.8</ele>
        <time>2025-10-13T15:37:46.000Z</time>
      </trkpt>
      <trkpt lat="33.246379969641566" lon="126.51138195767999">
        <ele>79.86</ele>
        <time>2025-10-13T15:37:46.000Z</time>
      </trkpt>
      <trkpt lat="33.246421962976456" lon="126.51139696128666">
        <ele>79.93</ele>
        <time>2025-10-13T15:37:46.000Z</time>
      </trkpt>
      <trkpt lat="33.24646999128163" lon="126.51142193935812">
        <ele>80.03</ele>
        <time>2025-10-13T15:37:47.000Z</time>
      </trkpt>
      <trkpt lat="33.24652195908129" lon="126.51144691742957">
        <ele>80.14</ele>
        <time>2025-10-13T15:37:47.000Z</time>
      </trkpt>
      <trkpt lat="33.24657996185124" lon="126.51147692464292">
        <ele>80.27</ele>
        <time>2025-10-13T15:37:47.000Z</time>
      </trkpt>
      <trkpt lat="33.24663997627795" lon="126.51150693185627">
        <ele>80.43</ele>
        <time>2025-10-13T15:37:47.000Z</time>
      </trkpt>
      <trkpt lat="33.246696973219514" lon="126.51153492741287">
        <ele>80.6</ele>
        <time>2025-10-13T15:37:47.000Z</time>
      </trkpt>
      <trkpt lat="33.24675698764622" lon="126.51155998930335">
        <ele>80.78</ele>
        <time>2025-10-13T15:37:47.000Z</time>
      </trkpt>
      <trkpt lat="33.246806943789124" lon="126.51157197542489">
        <ele>80.97</ele>
        <time>2025-10-13T15:37:47.000Z</time>
      </trkpt>
      <trkpt lat="33.24685698375106" lon="126.51157197542489">
        <ele>81.17</ele>
        <time>2025-10-13T15:37:47.000Z</time>
      </trkpt>
      <trkpt lat="33.24690199457109" lon="126.51155697181821">
        <ele>81.37</ele>
        <time>2025-10-13T15:37:47.000Z</time>
      </trkpt>
      <trkpt lat="33.24694197624922" lon="126.51153199374676">
        <ele>81.55</ele>
        <time>2025-10-13T15:37:47.000Z</time>
      </trkpt>
      <trkpt lat="33.24697298929095" lon="126.5115019865334">
        <ele>81.72</ele>
        <time>2025-10-13T15:37:47.000Z</time>
      </trkpt>
      <trkpt lat="33.247001990675926" lon="126.51146493852139">
        <ele>81.84</ele>
        <time>2025-10-13T15:37:47.000Z</time>
      </trkpt>
      <trkpt lat="33.24702696874738" lon="126.51142495684326">
        <ele>81.93</ele>
        <time>2025-10-13T15:37:48.000Z</time>
      </trkpt>
      <trkpt lat="33.247046917676926" lon="126.51138497516513">
        <ele>82</ele>
        <time>2025-10-13T15:37:48.000Z</time>
      </trkpt>
      <trkpt lat="33.247066950425506" lon="126.51134692132473">
        <ele>82.07</ele>
        <time>2025-10-13T15:37:48.000Z</time>
      </trkpt>
      <trkpt lat="33.24708195403218" lon="126.5113119687885">
        <ele>82.11</ele>
        <time>2025-10-13T15:37:48.000Z</time>
      </trkpt>
      <trkpt lat="33.24709695763886" lon="126.51127198711038">
        <ele>82.14</ele>
        <time>2025-10-13T15:37:48.000Z</time>
      </trkpt>
      <trkpt lat="33.24711699038744" lon="126.51123192161322">
        <ele>82.15</ele>
        <time>2025-10-13T15:37:48.000Z</time>
      </trkpt>
      <trkpt lat="33.247146997600794" lon="126.51118699461222">
        <ele>82.15</ele>
        <time>2025-10-13T15:37:48.000Z</time>
      </trkpt>
      <trkpt lat="33.24718496762216" lon="126.5111449174583">
        <ele>82.14</ele>
        <time>2025-10-13T15:37:48.000Z</time>
      </trkpt>
      <trkpt lat="33.24722696095705" lon="126.5110999904573">
        <ele>82.1</ele>
        <time>2025-10-13T15:37:48.000Z</time>
      </trkpt>
      <trkpt lat="33.24727691709995" lon="126.51105699129403">
        <ele>82.06</ele>
        <time>2025-10-13T15:37:48.000Z</time>
      </trkpt>
      <trkpt lat="33.24732695706189" lon="126.51101994328201">
        <ele>82</ele>
        <time>2025-10-13T15:37:48.000Z</time>
      </trkpt>
      <trkpt lat="33.247367944568396" lon="126.51098197326064">
        <ele>81.97</ele>
        <time>2025-10-13T15:37:49.000Z</time>
      </trkpt>
      <trkpt lat="33.24739996343851" lon="126.5109599288553">
        <ele>81.93</ele>
        <time>2025-10-13T15:37:49.000Z</time>
      </trkpt>
      <trkpt lat="33.24740692041814" lon="126.51091692969203">
        <ele>81.88</ele>
        <time>2025-10-13T15:37:49.000Z</time>
      </trkpt>
      <trkpt lat="33.247409937903285" lon="126.51088692247868">
        <ele>81.83</ele>
        <time>2025-10-13T15:37:49.000Z</time>
      </trkpt>
      <trkpt lat="33.24740197509527" lon="126.51086496189237">
        <ele>81.78</ele>
        <time>2025-10-13T15:37:49.000Z</time>
      </trkpt>
      <trkpt lat="33.24738194234669" lon="126.51086194440722">
        <ele>81.73</ele>
        <time>2025-10-13T15:37:49.000Z</time>
      </trkpt>
      <trkpt lat="33.24737196788192" lon="126.51087996549904">
        <ele>81.68</ele>
        <time>2025-10-13T15:37:49.000Z</time>
      </trkpt>
      <trkpt lat="33.24735696427524" lon="126.51089496910572">
        <ele>81.64</ele>
        <time>2025-10-13T15:37:49.000Z</time>
      </trkpt>
      <trkpt lat="33.247344978153706" lon="126.51091198436916">
        <ele>81.61</ele>
        <time>2025-10-13T15:37:49.000Z</time>
      </trkpt>
      <trkpt lat="33.24732695706189" lon="126.51094693690538">
        <ele>81.59</ele>
        <time>2025-10-13T15:37:50.000Z</time>
      </trkpt>
      <trkpt lat="33.24731991626322" lon="126.51098197326064">
        <ele>81.58</ele>
        <time>2025-10-13T15:37:50.000Z</time>
      </trkpt>
      <trkpt lat="33.24730692431331" lon="126.51100996881723">
        <ele>81.59</ele>
        <time>2025-10-13T15:37:50.000Z</time>
      </trkpt>
      <trkpt lat="33.24729694984853" lon="126.51103695854545">
        <ele>81.61</ele>
        <time>2025-10-13T15:37:50.000Z</time>
      </trkpt>
      <trkpt lat="33.24729694984853" lon="126.51106495410204">
        <ele>81.65</ele>
        <time>2025-10-13T15:37:50.000Z</time>
      </trkpt>
      <trkpt lat="33.247301978990436" lon="126.51108699850738">
        <ele>81.7</ele>
        <time>2025-10-13T15:37:50.000Z</time>
      </trkpt>
      <trkpt lat="33.24730994179845" lon="126.51110996492207">
        <ele>81.77</ele>
        <time>2025-10-13T15:37:50.000Z</time>
      </trkpt>
      <trkpt lat="33.24730692431331" lon="126.51108699850738">
        <ele>81.83</ele>
        <time>2025-10-13T15:37:50.000Z</time>
      </trkpt>
      <trkpt lat="33.24730692431331" lon="126.51105699129403">
        <ele>81.91</ele>
        <time>2025-10-13T15:37:51.000Z</time>
      </trkpt>
      <trkpt lat="33.24731195345521" lon="126.51108196936548">
        <ele>82.02</ele>
        <time>2025-10-13T15:37:51.000Z</time>
      </trkpt>
      <trkpt lat="33.24731698259711" lon="126.51112798601389">
        <ele>82.14</ele>
        <time>2025-10-13T15:37:51.000Z</time>
      </trkpt>
      <trkpt lat="33.24731991626322" lon="126.51119696907699">
        <ele>82.28</ele>
        <time>2025-10-13T15:37:51.000Z</time>
      </trkpt>
      <trkpt lat="33.247324945405126" lon="126.51127693243325">
        <ele>82.43</ele>
        <time>2025-10-13T15:37:51.000Z</time>
      </trkpt>
      <trkpt lat="33.247324945405126" lon="126.51136494241655">
        <ele>82.57</ele>
        <time>2025-10-13T15:37:51.000Z</time>
      </trkpt>
      <trkpt lat="33.247324945405126" lon="126.5114419721067">
        <ele>82.72</ele>
        <time>2025-10-13T15:37:51.000Z</time>
      </trkpt>
      <trkpt lat="33.247324945405126" lon="126.51151196099818">
        <ele>82.86</ele>
        <time>2025-10-13T15:37:51.000Z</time>
      </trkpt>
      <trkpt lat="33.24732695706189" lon="126.51157692074776">
        <ele>83.01</ele>
        <time>2025-10-13T15:37:52.000Z</time>
      </trkpt>
      <trkpt lat="33.24733198620379" lon="126.5116319898516">
        <ele>83.17</ele>
        <time>2025-10-13T15:37:52.000Z</time>
      </trkpt>
      <trkpt lat="33.2473349198699" lon="126.5116819459945">
        <ele>83.32</ele>
        <time>2025-10-13T15:37:52.000Z</time>
      </trkpt>
      <trkpt lat="33.247341960668564" lon="126.5117369312793">
        <ele>83.47</ele>
        <time>2025-10-13T15:37:52.000Z</time>
      </trkpt>
      <trkpt lat="33.24734698981047" lon="126.51178697124124">
        <ele>83.61</ele>
        <time>2025-10-13T15:37:52.000Z</time>
      </trkpt>
      <trkpt lat="33.24735294096172" lon="126.51184698566794">
        <ele>83.73</ele>
        <time>2025-10-13T15:37:52.000Z</time>
      </trkpt>
      <trkpt lat="33.247361993417144" lon="126.51190691627562">
        <ele>83.84</ele>
        <time>2025-10-13T15:37:52.000Z</time>
      </trkpt>
      <trkpt lat="33.247366938740015" lon="126.51196693070233">
        <ele>83.92</ele>
        <time>2025-10-13T15:37:53.000Z</time>
      </trkpt>
      <trkpt lat="33.24737699702382" lon="126.51202795095742">
        <ele>83.96</ele>
        <time>2025-10-13T15:37:53.000Z</time>
      </trkpt>
      <trkpt lat="33.247386971488595" lon="126.51209693402052">
        <ele>83.98</ele>
        <time>2025-10-13T15:37:53.000Z</time>
      </trkpt>
      <trkpt lat="33.24739694595337" lon="126.51216197758913">
        <ele>83.98</ele>
        <time>2025-10-13T15:37:53.000Z</time>
      </trkpt>
      <trkpt lat="33.24740692041814" lon="126.51222693733871">
        <ele>83.94</ele>
        <time>2025-10-13T15:37:53.000Z</time>
      </trkpt>
      <trkpt lat="33.24742192402482" lon="126.51229198090732">
        <ele>83.88</ele>
        <time>2025-10-13T15:37:53.000Z</time>
      </trkpt>
      <trkpt lat="33.247431982308626" lon="126.5123569406569">
        <ele>83.78</ele>
        <time>2025-10-13T15:37:54.000Z</time>
      </trkpt>
      <trkpt lat="33.24744296260178" lon="126.51242198422551">
        <ele>83.67</ele>
        <time>2025-10-13T15:37:54.000Z</time>
      </trkpt>
      <trkpt lat="33.247454948723316" lon="126.51248694397509">
        <ele>83.53</ele>
        <time>2025-10-13T15:37:54.000Z</time>
      </trkpt>
      <trkpt lat="33.24746693484485" lon="126.5125519875437">
        <ele>83.39</ele>
        <time>2025-10-13T15:37:54.000Z</time>
      </trkpt>
      <trkpt lat="33.24747699312866" lon="126.51261694729328">
        <ele>83.23</ele>
        <time>2025-10-13T15:37:54.000Z</time>
      </trkpt>
      <trkpt lat="33.24748696759343" lon="126.51268199086189">
        <ele>83.06</ele>
        <time>2025-10-13T15:37:54.000Z</time>
      </trkpt>
      <trkpt lat="33.247494930401444" lon="126.51275197975338">
        <ele>82.87</ele>
        <time>2025-10-13T15:37:55.000Z</time>
      </trkpt>
      <trkpt lat="33.24749995954335" lon="126.51282699778676">
        <ele>82.68</ele>
        <time>2025-10-13T15:37:55.000Z</time>
      </trkpt>
      <trkpt lat="33.24750297702849" lon="126.51289698667824">
        <ele>82.49</ele>
        <time>2025-10-13T15:37:55.000Z</time>
      </trkpt>
      <trkpt lat="33.24750691652298" lon="126.51297493837774">
        <ele>82.3</ele>
        <time>2025-10-13T15:37:55.000Z</time>
      </trkpt>
      <trkpt lat="33.24751194566488" lon="126.51304693892598">
        <ele>82.1</ele>
        <time>2025-10-13T15:37:55.000Z</time>
      </trkpt>
      <trkpt lat="33.24751295149326" lon="126.5131199453026">
        <ele>81.89</ele>
        <time>2025-10-13T15:37:55.000Z</time>
      </trkpt>
      <trkpt lat="33.24751295149326" lon="126.51319194585085">
        <ele>81.65</ele>
        <time>2025-10-13T15:37:56.000Z</time>
      </trkpt>
      <trkpt lat="33.24751295149326" lon="126.51326696388423">
        <ele>81.41</ele>
        <time>2025-10-13T15:37:56.000Z</time>
      </trkpt>
      <trkpt lat="33.24751194566488" lon="126.51333695277572">
        <ele>81.16</ele>
        <time>2025-10-13T15:37:56.000Z</time>
      </trkpt>
      <trkpt lat="33.24750691652298" lon="126.51340493001044">
        <ele>80.9</ele>
        <time>2025-10-13T15:37:56.000Z</time>
      </trkpt>
      <trkpt lat="33.24750197120011" lon="126.51347198523581">
        <ele>80.65</ele>
        <time>2025-10-13T15:37:56.000Z</time>
      </trkpt>
      <trkpt lat="33.247496942058206" lon="126.51353694498539">
        <ele>80.42</ele>
        <time>2025-10-13T15:37:57.000Z</time>
      </trkpt>
      <trkpt lat="33.247491996735334" lon="126.5135969594121">
        <ele>80.21</ele>
        <time>2025-10-13T15:37:57.000Z</time>
      </trkpt>
      <trkpt lat="33.24748696759343" lon="126.5136519446969">
        <ele>80</ele>
        <time>2025-10-13T15:37:57.000Z</time>
      </trkpt>
      <trkpt lat="33.24748696759343" lon="126.51368370500542">
        <ele>79.85701311699249</ele>
        <time>2025-10-13T15:38:03.761Z</time>
      </trkpt>
      <trkpt lat="33.247487" lon="126.513687">
        <ele>79</ele>
        <time>2025-10-13T15:38:04.462Z</time>
      </trkpt>
      <trkpt lat="33.247609" lon="126.513691">
        <ele>79</ele>
        <time>2025-10-13T15:38:35.531Z</time>
      </trkpt>
      <trkpt lat="33.247713" lon="126.513674">
        <ele>79.32</ele>
        <time>2025-10-13T15:39:02.252Z</time>
      </trkpt>
      <trkpt lat="33.247759" lon="126.513684">
        <ele>79.56</ele>
        <time>2025-10-13T15:39:14.154Z</time>
      </trkpt>
      <trkpt lat="33.247801" lon="126.513703">
        <ele>79.69</ele>
        <time>2025-10-13T15:39:25.585Z</time>
      </trkpt>
      <trkpt lat="33.247934" lon="126.513788">
        <ele>79.93</ele>
        <time>2025-10-13T15:40:03.975Z</time>
      </trkpt>
      <trkpt lat="33.248035" lon="126.513813">
        <ele>79.93</ele>
        <time>2025-10-13T15:40:30.231Z</time>
      </trkpt>
      <trkpt lat="33.248144" lon="126.51384">
        <ele>79.94</ele>
        <time>2025-10-13T15:40:58.568Z</time>
      </trkpt>
      <trkpt lat="33.248416" lon="126.513934">
        <ele>80.01</ele>
        <time>2025-10-13T15:42:10.645Z</time>
      </trkpt>
      <trkpt lat="33.248416" lon="126.513934">
        <ele>80.01</ele>
        <time>2025-10-13T15:42:10.645Z</time>
      </trkpt>
      <trkpt lat="33.248416" lon="126.513934">
        <ele>80.01</ele>
        <time>2025-10-13T15:42:10.645Z</time>
      </trkpt>
      <trkpt lat="33.249137" lon="126.514176">
        <ele>81.25</ele>
        <time>2025-10-13T15:44:42.931Z</time>
      </trkpt>
      <trkpt lat="33.24978" lon="126.514415">
        <ele>84.31</ele>
        <time>2025-10-13T15:46:59.860Z</time>
      </trkpt>
      <trkpt lat="33.250108" lon="126.514667">
        <ele>86.02</ele>
        <time>2025-10-13T15:48:19.141Z</time>
      </trkpt>
      <trkpt lat="33.250124" lon="126.514703">
        <ele>86.11</ele>
        <time>2025-10-13T15:48:26.074Z</time>
      </trkpt>
      <trkpt lat="33.250159" lon="126.514748">
        <ele>86.24</ele>
        <time>2025-10-13T15:48:36.525Z</time>
      </trkpt>
      <trkpt lat="33.250205" lon="126.514777">
        <ele>86.32</ele>
        <time>2025-10-13T15:48:47.099Z</time>
      </trkpt>
      <trkpt lat="33.250256" lon="126.514786">
        <ele>86.44</ele>
        <time>2025-10-13T15:48:57.582Z</time>
      </trkpt>
      <trkpt lat="33.25029" lon="126.514781">
        <ele>86.6</ele>
        <time>2025-10-13T15:49:04.548Z</time>
      </trkpt>
      <trkpt lat="33.250338" lon="126.514757">
        <ele>86.84</ele>
        <time>2025-10-13T15:49:15.128Z</time>
      </trkpt>
      <trkpt lat="33.250365" lon="126.514732">
        <ele>86.95</ele>
        <time>2025-10-13T15:49:22.072Z</time>
      </trkpt>
      <trkpt lat="33.250515" lon="126.514737">
        <ele>87.85</ele>
        <time>2025-10-13T15:49:52.587Z</time>
      </trkpt>
      <trkpt lat="33.250667" lon="126.514762">
        <ele>89.31</ele>
        <time>2025-10-13T15:50:23.788Z</time>
      </trkpt>
      <trkpt lat="33.252052" lon="126.515281">
        <ele>99.6</ele>
        <time>2025-10-13T15:55:18.941Z</time>
      </trkpt>
      <trkpt lat="33.252487" lon="126.515509">
        <ele>102.97</ele>
        <time>2025-10-13T15:56:55.525Z</time>
      </trkpt>
      <trkpt lat="33.253644" lon="126.516271">
        <ele>118.2</ele>
        <time>2025-10-13T16:01:24.132Z</time>
      </trkpt>
      <trkpt lat="33.254096" lon="126.516454">
        <ele>122.74</ele>
        <time>2025-10-13T16:03:01.174Z</time>
      </trkpt>
      <trkpt lat="33.254501" lon="126.516601">
        <ele>125.56</ele>
        <time>2025-10-13T16:04:27.243Z</time>
      </trkpt>
      <trkpt lat="33.254677" lon="126.516631">
        <ele>126.78</ele>
        <time>2025-10-13T16:05:03.395Z</time>
      </trkpt>
      <trkpt lat="33.255162" lon="126.516659">
        <ele>132.31</ele>
        <time>2025-10-13T16:06:42.137Z</time>
      </trkpt>
      <trkpt lat="33.255747" lon="126.516635">
        <ele>139.44</ele>
        <time>2025-10-13T16:08:41.170Z</time>
      </trkpt>
      <trkpt lat="33.256077" lon="126.516594">
        <ele>144.04</ele>
        <time>2025-10-13T16:09:48.638Z</time>
      </trkpt>
      <trkpt lat="33.256946" lon="126.516431">
        <ele>154.28</ele>
        <time>2025-10-13T16:12:47.514Z</time>
      </trkpt>
      <trkpt lat="33.257248" lon="126.516407">
        <ele>158.32</ele>
        <time>2025-10-13T16:13:49.062Z</time>
      </trkpt>
      <trkpt lat="33.258038" lon="126.5164">
        <ele>168.3</ele>
        <time>2025-10-13T16:16:29.717Z</time>
      </trkpt>
      <trkpt lat="33.25802" lon="126.517145">
        <ele>166.05</ele>
        <time>2025-10-13T16:18:36.455Z</time>
      </trkpt>
      <trkpt lat="33.257956" lon="126.517287">
        <ele>165.03</ele>
        <time>2025-10-13T16:19:03.885Z</time>
      </trkpt>
      <trkpt lat="33.258203" lon="126.517341">
        <ele>167.02</ele>
        <time>2025-10-13T16:19:54.946Z</time>
      </trkpt>
      <trkpt lat="33.258413" lon="126.517246">
        <ele>169.84</ele>
        <time>2025-10-13T16:20:40.604Z</time>
      </trkpt>
      <trkpt lat="33.258793" lon="126.517222">
        <ele>171.8</ele>
        <time>2025-10-13T16:21:57.986Z</time>
      </trkpt>
      <trkpt lat="33.25894" lon="126.517123">
        <ele>173.25</ele>
        <time>2025-10-13T16:22:32.293Z</time>
      </trkpt>
      <trkpt lat="33.259012" lon="126.516922">
        <ele>174.92</ele>
        <time>2025-10-13T16:23:09.476Z</time>
      </trkpt>
      <trkpt lat="33.259314" lon="126.51666">
        <ele>177.57</ele>
        <time>2025-10-13T16:24:25.347Z</time>
      </trkpt>
      <trkpt lat="33.259354988113046" lon="126.51672692969441">
        <ele>179.72</ele>
        <time>2025-10-13T16:24:39.453Z</time>
      </trkpt>
      <trkpt lat="33.25937191955745" lon="126.51674193330109">
        <ele>179.81</ele>
        <time>2025-10-13T16:24:43.738Z</time>
      </trkpt>
      <trkpt lat="33.259394969791174" lon="126.51677495799959">
        <ele>179.86</ele>
        <time>2025-10-13T16:24:44.738Z</time>
      </trkpt>
      <trkpt lat="33.25939999893308" lon="126.5167969185859">
        <ele>179.89</ele>
        <time>2025-10-13T16:24:44.738Z</time>
      </trkpt>
      <trkpt lat="33.25940695591271" lon="126.51681996881962">
        <ele>179.88</ele>
        <time>2025-10-13T16:24:45.738Z</time>
      </trkpt>
      <trkpt lat="33.25941198505461" lon="126.51685492135584">
        <ele>179.85</ele>
        <time>2025-10-13T16:24:45.738Z</time>
      </trkpt>
      <trkpt lat="33.25941198505461" lon="126.51689699850976">
        <ele>179.79</ele>
        <time>2025-10-13T16:24:46.738Z</time>
      </trkpt>
      <trkpt lat="33.259417936205864" lon="126.51691694743931">
        <ele>179.73</ele>
        <time>2025-10-13T16:24:47.738Z</time>
      </trkpt>
      <trkpt lat="33.25942698866129" lon="126.51695692911744">
        <ele>179.64</ele>
        <time>2025-10-13T16:24:47.738Z</time>
      </trkpt>
      <trkpt lat="33.25942698866129" lon="126.51698199100792">
        <ele>179.53</ele>
        <time>2025-10-13T16:24:48.738Z</time>
      </trkpt>
      <trkpt lat="33.2594299223274" lon="126.51700495742261">
        <ele>179.41</ele>
        <time>2025-10-13T16:24:49.738Z</time>
      </trkpt>
      <trkpt lat="33.2594299223274" lon="126.51703697629273">
        <ele>179.28</ele>
        <time>2025-10-13T16:24:49.738Z</time>
      </trkpt>
      <trkpt lat="33.25942698866129" lon="126.51706698350608">
        <ele>179.14</ele>
        <time>2025-10-13T16:24:50.738Z</time>
      </trkpt>
      <trkpt lat="33.259421959519386" lon="126.51709992438555">
        <ele>178.99</ele>
        <time>2025-10-13T16:24:51.738Z</time>
      </trkpt>
      <trkpt lat="33.259417936205864" lon="126.51713697239757">
        <ele>178.84</ele>
        <time>2025-10-13T16:24:51.738Z</time>
      </trkpt>
      <trkpt lat="33.25941299088299" lon="126.51717192493379">
        <ele>178.69</ele>
        <time>2025-10-13T16:24:52.738Z</time>
      </trkpt>
      <trkpt lat="33.25941299088299" lon="126.51720193214715">
        <ele>178.54</ele>
        <time>2025-10-13T16:24:53.738Z</time>
      </trkpt>
      <trkpt lat="33.25941693037748" lon="126.51723495684564">
        <ele>178.4</ele>
        <time>2025-10-13T16:24:53.738Z</time>
      </trkpt>
      <trkpt lat="33.259421959519386" lon="126.51725691743195">
        <ele>178.27</ele>
        <time>2025-10-13T16:24:54.738Z</time>
      </trkpt>
      <trkpt lat="33.259417936205864" lon="126.51729195378721">
        <ele>178.13</ele>
        <time>2025-10-13T16:24:55.738Z</time>
      </trkpt>
      <trkpt lat="33.25941693037748" lon="126.51732699014246">
        <ele>178</ele>
        <time>2025-10-13T16:24:55.738Z</time>
      </trkpt>
      <trkpt lat="33.25941693037748" lon="126.51736194267869">
        <ele>177.88</ele>
        <time>2025-10-13T16:24:56.738Z</time>
      </trkpt>
      <trkpt lat="33.259421959519386" lon="126.51739194989204">
        <ele>177.76</ele>
        <time>2025-10-13T16:24:57.738Z</time>
      </trkpt>
      <trkpt lat="33.25942698866129" lon="126.5174219571054">
        <ele>177.66</ele>
        <time>2025-10-13T16:24:57.738Z</time>
      </trkpt>
      <trkpt lat="33.25942698866129" lon="126.51745196431875">
        <ele>177.56</ele>
        <time>2025-10-13T16:24:58.738Z</time>
      </trkpt>
      <trkpt lat="33.25942497700453" lon="126.51748691685498">
        <ele>177.47</ele>
        <time>2025-10-13T16:24:59.738Z</time>
      </trkpt>
      <trkpt lat="33.259421959519386" lon="126.51751994155347">
        <ele>177.4</ele>
        <time>2025-10-13T16:24:59.738Z</time>
      </trkpt>
      <trkpt lat="33.259417936205864" lon="126.51754693128169">
        <ele>177.34</ele>
        <time>2025-10-13T16:25:00.738Z</time>
      </trkpt>
      <trkpt lat="33.25941299088299" lon="126.51757995598018">
        <ele>177.29</ele>
        <time>2025-10-13T16:25:01.738Z</time>
      </trkpt>
      <trkpt lat="33.25940695591271" lon="126.51760996319354">
        <ele>177.25</ele>
        <time>2025-10-13T16:25:01.738Z</time>
      </trkpt>
      <trkpt lat="33.25940293259919" lon="126.51764198206365">
        <ele>177.22</ele>
        <time>2025-10-13T16:25:02.738Z</time>
      </trkpt>
      <trkpt lat="33.25940695591271" lon="126.51766997762024">
        <ele>177.21</ele>
        <time>2025-10-13T16:25:03.738Z</time>
      </trkpt>
      <trkpt lat="33.25940695591271" lon="126.51770493015647">
        <ele>177.21</ele>
        <time>2025-10-13T16:25:04.738Z</time>
      </trkpt>
      <trkpt lat="33.25941299088299" lon="126.51773996651173">
        <ele>177.22</ele>
        <time>2025-10-13T16:25:04.738Z</time>
      </trkpt>
      <trkpt lat="33.25941693037748" lon="126.51776695623994">
        <ele>177.24</ele>
        <time>2025-10-13T16:25:05.738Z</time>
      </trkpt>
      <trkpt lat="33.25941693037748" lon="126.51779193431139">
        <ele>177.26</ele>
        <time>2025-10-13T16:25:06.738Z</time>
      </trkpt>
      <trkpt lat="33.25942698866129" lon="126.51781699620187">
        <ele>177.29</ele>
        <time>2025-10-13T16:25:06.738Z</time>
      </trkpt>
      <trkpt lat="33.2594299223274" lon="126.51783996261656">
        <ele>177.33</ele>
        <time>2025-10-13T16:25:07.738Z</time>
      </trkpt>
      <trkpt lat="33.2594299223274" lon="126.51786996982992">
        <ele>177.36</ele>
        <time>2025-10-13T16:25:08.738Z</time>
      </trkpt>
      <trkpt lat="33.25943193398416" lon="126.51789695955813">
        <ele>177.41</ele>
        <time>2025-10-13T16:25:08.738Z</time>
      </trkpt>
      <trkpt lat="33.2594349514693" lon="126.51792696677148">
        <ele>177.45</ele>
        <time>2025-10-13T16:25:09.738Z</time>
      </trkpt>
      <trkpt lat="33.2594349514693" lon="126.51795697398484">
        <ele>177.5</ele>
        <time>2025-10-13T16:25:10.738Z</time>
      </trkpt>
      <trkpt lat="33.25943193398416" lon="126.51798698119819">
        <ele>177.55</ele>
        <time>2025-10-13T16:25:10.738Z</time>
      </trkpt>
      <trkpt lat="33.2594299223274" lon="126.51801497675478">
        <ele>177.59</ele>
        <time>2025-10-13T16:25:11.738Z</time>
      </trkpt>
      <trkpt lat="33.25942698866129" lon="126.51803995482624">
        <ele>177.65</ele>
        <time>2025-10-13T16:25:12.738Z</time>
      </trkpt>
      <trkpt lat="33.259417936205864" lon="126.51807197369635">
        <ele>177.7</ele>
        <time>2025-10-13T16:25:12.738Z</time>
      </trkpt>
      <trkpt lat="33.259421959519386" lon="126.5181019809097">
        <ele>177.77</ele>
        <time>2025-10-13T16:25:13.738Z</time>
      </trkpt>
      <trkpt lat="33.25942698866129" lon="126.51813693344593">
        <ele>177.84</ele>
        <time>2025-10-13T16:25:14.738Z</time>
      </trkpt>
      <trkpt lat="33.25943193398416" lon="126.51816694065928">
        <ele>177.92</ele>
        <time>2025-10-13T16:25:14.738Z</time>
      </trkpt>
      <trkpt lat="33.25943193398416" lon="126.51819694787264">
        <ele>177.99</ele>
        <time>2025-10-13T16:25:15.738Z</time>
      </trkpt>
      <trkpt lat="33.25943696312606" lon="126.51822695508599">
        <ele>178.05</ele>
        <time>2025-10-13T16:25:16.738Z</time>
      </trkpt>
      <trkpt lat="33.25943193398416" lon="126.51825696229935">
        <ele>178.11</ele>
        <time>2025-10-13T16:25:17.738Z</time>
      </trkpt>
      <trkpt lat="33.25942698866129" lon="126.5182869695127">
        <ele>178.16</ele>
        <time>2025-10-13T16:25:17.738Z</time>
      </trkpt>
      <trkpt lat="33.25942497700453" lon="126.51832192204893">
        <ele>178.21</ele>
        <time>2025-10-13T16:25:18.738Z</time>
      </trkpt>
      <trkpt lat="33.259421959519386" lon="126.51835494674742">
        <ele>178.26</ele>
        <time>2025-10-13T16:25:19.738Z</time>
      </trkpt>
      <trkpt lat="33.259417936205864" lon="126.51838495396078">
        <ele>178.29</ele>
        <time>2025-10-13T16:25:19.738Z</time>
      </trkpt>
      <trkpt lat="33.25941693037748" lon="126.51842191815376">
        <ele>178.33</ele>
        <time>2025-10-13T16:25:20.738Z</time>
      </trkpt>
      <trkpt lat="33.25941198505461" lon="126.51844698004425">
        <ele>178.35</ele>
        <time>2025-10-13T16:25:21.738Z</time>
      </trkpt>
      <trkpt lat="33.25940695591271" lon="126.51846994645894">
        <ele>178.37</ele>
        <time>2025-10-13T16:25:21.738Z</time>
      </trkpt>
      <trkpt lat="33.25941198505461" lon="126.51849199086428">
        <ele>178.41</ele>
        <time>2025-10-13T16:25:22.738Z</time>
      </trkpt>
      <trkpt lat="33.25941693037748" lon="126.5185269434005">
        <ele>178.45</ele>
        <time>2025-10-13T16:25:23.738Z</time>
      </trkpt>
      <trkpt lat="33.25941693037748" lon="126.51855695061386">
        <ele>178.49</ele>
        <time>2025-10-13T16:25:24.738Z</time>
      </trkpt>
      <trkpt lat="33.25943193398416" lon="126.51859198696911">
        <ele>178.56</ele>
        <time>2025-10-13T16:25:24.738Z</time>
      </trkpt>
      <trkpt lat="33.259441992267966" lon="126.51862199418247">
        <ele>178.63</ele>
        <time>2025-10-13T16:25:25.738Z</time>
      </trkpt>
      <trkpt lat="33.25944995507598" lon="126.51865191757679">
        <ele>178.7</ele>
        <time>2025-10-13T16:25:26.738Z</time>
      </trkpt>
      <trkpt lat="33.25945196673274" lon="126.51868997141719">
        <ele>178.77</ele>
        <time>2025-10-13T16:25:26.738Z</time>
      </trkpt>
      <trkpt lat="33.25945699587464" lon="126.51872492395341">
        <ele>178.86</ele>
        <time>2025-10-13T16:25:27.738Z</time>
      </trkpt>
      <trkpt lat="33.259459028515046" lon="126.51875059329794">
        <ele>178.92928669922145</ele>
        <time>2025-10-13T16:25:28.699Z</time>
      </trkpt>
      <trkpt lat="33.259459" lon="126.518753">
        <ele>173.64</ele>
        <time>2025-10-13T16:25:28.788Z</time>
      </trkpt>
      <trkpt lat="33.2607" lon="126.518808">
        <ele>185.66</ele>
        <time>2025-10-13T16:26:24.146Z</time>
      </trkpt>
      <trkpt lat="33.260825" lon="126.518872">
        <ele>187.22</ele>
        <time>2025-10-13T16:26:30.207Z</time>
      </trkpt>
      <trkpt lat="33.260867" lon="126.518911">
        <ele>187.74</ele>
        <time>2025-10-13T16:26:32.577Z</time>
      </trkpt>
      <trkpt lat="33.260915" lon="126.518986">
        <ele>188.15</ele>
        <time>2025-10-13T16:26:34.960Z</time>
      </trkpt>
      <trkpt lat="33.260915" lon="126.518986">
        <ele>188.15</ele>
        <time>2025-10-13T16:26:34.960Z</time>
      </trkpt>
      <trkpt lat="33.260983" lon="126.519157">
        <ele>188.63</ele>
        <time>2025-10-13T16:26:39.738Z</time>
      </trkpt>
      <trkpt lat="33.261041" lon="126.52002">
        <ele>189.06</ele>
        <time>2025-10-13T16:27:01.585Z</time>
      </trkpt>
      <trkpt lat="33.261078" lon="126.520682">
        <ele>190.58</ele>
        <time>2025-10-13T16:27:18.327Z</time>
      </trkpt>
      <trkpt lat="33.261172" lon="126.522338">
        <ele>186.44</ele>
        <time>2025-10-13T16:28:00.211Z</time>
      </trkpt>
      <trkpt lat="33.261178" lon="126.522336">
        <ele>186.5</ele>
        <time>2025-10-13T16:28:00.398Z</time>
      </trkpt>
      <trkpt lat="33.261251" lon="126.52231">
        <ele>187.16</ele>
        <time>2025-10-13T16:28:02.696Z</time>
      </trkpt>
      <trkpt lat="33.261492" lon="126.522363">
        <ele>189.23</ele>
        <time>2025-10-13T16:28:10.090Z</time>
      </trkpt>
      <trkpt lat="33.262043" lon="126.522513">
        <ele>195.99</ele>
        <time>2025-10-13T16:28:27.143Z</time>
      </trkpt>
      <trkpt lat="33.262458" lon="126.522682">
        <ele>198.88</ele>
        <time>2025-10-13T16:28:40.373Z</time>
      </trkpt>
      <trkpt lat="33.262562" lon="126.522734">
        <ele>200.21</ele>
        <time>2025-10-13T16:28:43.774Z</time>
      </trkpt>
      <trkpt lat="33.262566" lon="126.522733">
        <ele>200.26</ele>
        <time>2025-10-13T16:28:43.897Z</time>
      </trkpt>
      <trkpt lat="33.26257003471255" lon="126.52274999767542">
        <ele>194.9</ele>
        <time>2025-10-13T16:28:44.218Z</time>
      </trkpt>
      <trkpt lat="33.262566" lon="126.522733">
        <ele>200.26</ele>
        <time>2025-10-13T16:28:44.539Z</time>
      </trkpt>
      <trkpt lat="33.263039" lon="126.522574">
        <ele>205.96</ele>
        <time>2025-10-13T16:28:55.217Z</time>
      </trkpt>
      <trkpt lat="33.263322" lon="126.52242">
        <ele>210.81</ele>
        <time>2025-10-13T16:29:01.974Z</time>
      </trkpt>
      <trkpt lat="33.264493" lon="126.521566">
        <ele>226.98</ele>
        <time>2025-10-13T16:29:31.784Z</time>
      </trkpt>
      <trkpt lat="33.264961" lon="126.521225">
        <ele>230.96</ele>
        <time>2025-10-13T16:29:43.694Z</time>
      </trkpt>
      <trkpt lat="33.265419" lon="126.520873">
        <ele>233.57</ele>
        <time>2025-10-13T16:29:55.526Z</time>
      </trkpt>
      <trkpt lat="33.265739" lon="126.520725">
        <ele>234.84</ele>
        <time>2025-10-13T16:30:02.983Z</time>
      </trkpt>
      <trkpt lat="33.265779" lon="126.520723">
        <ele>235.16</ele>
        <time>2025-10-13T16:30:03.586Z</time>
      </trkpt>
      <trkpt lat="33.265779" lon="126.520723">
        <ele>235.16</ele>
        <time>2025-10-13T16:30:03.586Z</time>
      </trkpt>
      <trkpt lat="33.266303" lon="126.520694">
        <ele>239.3</ele>
        <time>2025-10-13T16:30:11.493Z</time>
      </trkpt>
      <trkpt lat="33.266546" lon="126.520663">
        <ele>241.55</ele>
        <time>2025-10-13T16:30:15.177Z</time>
      </trkpt>
      <trkpt lat="33.266805" lon="126.520602">
        <ele>242.66</ele>
        <time>2025-10-13T16:30:19.156Z</time>
      </trkpt>
      <trkpt lat="33.267291" lon="126.520411">
        <ele>245.56</ele>
        <time>2025-10-13T16:30:26.868Z</time>
      </trkpt>
      <trkpt lat="33.267767" lon="126.520113">
        <ele>252.59</ele>
        <time>2025-10-13T16:30:34.967Z</time>
      </trkpt>
      <trkpt lat="33.268971" lon="126.519544">
        <ele>260.71</ele>
        <time>2025-10-13T16:30:54.483Z</time>
      </trkpt>
      <trkpt lat="33.26963" lon="126.519554">
        <ele>266.44</ele>
        <time>2025-10-13T16:31:04.418Z</time>
      </trkpt>
      <trkpt lat="33.270173" lon="126.519447">
        <ele>270.84</ele>
        <time>2025-10-13T16:31:12.714Z</time>
      </trkpt>
      <trkpt lat="33.270317" lon="126.51935">
        <ele>272.41</ele>
        <time>2025-10-13T16:31:15.205Z</time>
      </trkpt>
      <trkpt lat="33.270485" lon="126.5192">
        <ele>274.3</ele>
        <time>2025-10-13T16:31:18.480Z</time>
      </trkpt>
      <trkpt lat="33.270485" lon="126.5192">
        <ele>274.29</ele>
        <time>2025-10-13T16:31:18.480Z</time>
      </trkpt>
      <trkpt lat="33.271046" lon="126.518698">
        <ele>278.67</ele>
        <time>2025-10-13T16:31:29.425Z</time>
      </trkpt>
      <trkpt lat="33.271687" lon="126.518107">
        <ele>278.06</ele>
        <time>2025-10-13T16:31:42.068Z</time>
      </trkpt>
      <trkpt lat="33.271901" lon="126.517911">
        <ele>280.55</ele>
        <time>2025-10-13T16:31:46.278Z</time>
      </trkpt>
      <trkpt lat="33.272826" lon="126.517059">
        <ele>282.98</ele>
        <time>2025-10-13T16:32:04.517Z</time>
      </trkpt>
      <trkpt lat="33.273085" lon="126.516855">
        <ele>283.78</ele>
        <time>2025-10-13T16:32:09.361Z</time>
      </trkpt>
      <trkpt lat="33.273603" lon="126.516446">
        <ele>288.91</ele>
        <time>2025-10-13T16:32:19.057Z</time>
      </trkpt>
      <trkpt lat="33.274092" lon="126.516159">
        <ele>294.69</ele>
        <time>2025-10-13T16:32:27.566Z</time>
      </trkpt>
      <trkpt lat="33.274336" lon="126.516015">
        <ele>296</ele>
        <time>2025-10-13T16:32:31.816Z</time>
      </trkpt>
      <trkpt lat="33.274517" lon="126.515987">
        <ele>296</ele>
        <time>2025-10-13T16:32:36.398Z</time>
      </trkpt>
      <trkpt lat="33.274517" lon="126.515987">
        <ele>296</ele>
        <time>2025-10-13T16:32:36.398Z</time>
      </trkpt>
      <trkpt lat="33.274843" lon="126.515953">
        <ele>297.01</ele>
        <time>2025-10-13T16:32:44.614Z</time>
      </trkpt>
      <trkpt lat="33.275044" lon="126.516076">
        <ele>299.89</ele>
        <time>2025-10-13T16:32:50.282Z</time>
      </trkpt>
      <trkpt lat="33.275491" lon="126.515994">
        <ele>304.26</ele>
        <time>2025-10-13T16:33:01.636Z</time>
      </trkpt>
      <trkpt lat="33.275699" lon="126.515866">
        <ele>304.83</ele>
        <time>2025-10-13T16:33:11.337Z</time>
      </trkpt>
      <trkpt lat="33.275699" lon="126.515866">
        <ele>304.83</ele>
        <time>2025-10-13T16:33:11.337Z</time>
      </trkpt>
      <trkpt lat="33.275988" lon="126.515687">
        <ele>305.62</ele>
        <time>2025-10-13T16:33:24.834Z</time>
      </trkpt>
      <trkpt lat="33.276106" lon="126.515529">
        <ele>305.41</ele>
        <time>2025-10-13T16:33:32.180Z</time>
      </trkpt>
      <trkpt lat="33.276221" lon="126.515299">
        <ele>303.98</ele>
        <time>2025-10-13T16:33:41.472Z</time>
      </trkpt>
      <trkpt lat="33.276344" lon="126.515226">
        <ele>304.59</ele>
        <time>2025-10-13T16:33:47.166Z</time>
      </trkpt>
      <trkpt lat="33.276721" lon="126.515155">
        <ele>305.73</ele>
        <time>2025-10-13T16:34:02.994Z</time>
      </trkpt>
      <trkpt lat="33.27709" lon="126.515178">
        <ele>307.5</ele>
        <time>2025-10-13T16:34:18.318Z</time>
      </trkpt>
      <trkpt lat="33.277429" lon="126.515293">
        <ele>310.97</ele>
        <time>2025-10-13T16:34:32.932Z</time>
      </trkpt>
      <trkpt lat="33.278141" lon="126.515435">
        <ele>317.94</ele>
        <time>2025-10-13T16:35:02.869Z</time>
      </trkpt>
      <trkpt lat="33.27856" lon="126.515712">
        <ele>320</ele>
        <time>2025-10-13T16:35:22.724Z</time>
      </trkpt>
      <trkpt lat="33.278696" lon="126.515996">
        <ele>321.62</ele>
        <time>2025-10-13T16:35:34.072Z</time>
      </trkpt>
      <trkpt lat="33.278831" lon="126.516113">
        <ele>322.3</ele>
        <time>2025-10-13T16:35:40.986Z</time>
      </trkpt>
      <trkpt lat="33.278931" lon="126.516447">
        <ele>324.68</ele>
        <time>2025-10-13T16:35:53.287Z</time>
      </trkpt>
      <trkpt lat="33.27917" lon="126.516887">
        <ele>329.7</ele>
        <time>2025-10-13T16:36:11.480Z</time>
      </trkpt>
      <trkpt lat="33.279337" lon="126.517131">
        <ele>332.26</ele>
        <time>2025-10-13T16:36:22.413Z</time>
      </trkpt>
      <trkpt lat="33.279474" lon="126.51723">
        <ele>333.17</ele>
        <time>2025-10-13T16:36:29.051Z</time>
      </trkpt>
      <trkpt lat="33.27961" lon="126.517266">
        <ele>334</ele>
        <time>2025-10-13T16:36:34.827Z</time>
      </trkpt>
      <trkpt lat="33.279808" lon="126.517375">
        <ele>334.64</ele>
        <time>2025-10-13T16:36:43.866Z</time>
      </trkpt>
      <trkpt lat="33.280093" lon="126.517683">
        <ele>336.72</ele>
        <time>2025-10-13T16:36:59.795Z</time>
      </trkpt>
      <trkpt lat="33.280309" lon="126.517812">
        <ele>337.99</ele>
        <time>2025-10-13T16:37:09.807Z</time>
      </trkpt>
      <trkpt lat="33.280488" lon="126.518098">
        <ele>338.18</ele>
        <time>2025-10-13T16:37:22.194Z</time>
      </trkpt>
      <trkpt lat="33.280611" lon="126.518431">
        <ele>341.59</ele>
        <time>2025-10-13T16:37:34.816Z</time>
      </trkpt>
      <trkpt lat="33.280676" lon="126.518579">
        <ele>342.64</ele>
        <time>2025-10-13T16:37:40.612Z</time>
      </trkpt>
      <trkpt lat="33.280744" lon="126.518655">
        <ele>342.88</ele>
        <time>2025-10-13T16:37:44.471Z</time>
      </trkpt>
      <trkpt lat="33.280925" lon="126.518742">
        <ele>342.18</ele>
        <time>2025-10-13T16:37:52.561Z</time>
      </trkpt>
      <trkpt lat="33.281272" lon="126.51881">
        <ele>344.42</ele>
        <time>2025-10-13T16:38:07.144Z</time>
      </trkpt>
      <trkpt lat="33.281532" lon="126.518944">
        <ele>347.81</ele>
        <time>2025-10-13T16:38:18.885Z</time>
      </trkpt>
      <trkpt lat="33.281703" lon="126.519068">
        <ele>350.91</ele>
        <time>2025-10-13T16:38:27.178Z</time>
      </trkpt>
      <trkpt lat="33.281849" lon="126.519107">
        <ele>353.16</ele>
        <time>2025-10-13T16:38:33.382Z</time>
      </trkpt>
      <trkpt lat="33.281987" lon="126.519056">
        <ele>354.51</ele>
        <time>2025-10-13T16:38:39.372Z</time>
      </trkpt>
      <trkpt lat="33.282281" lon="126.519038">
        <ele>357.24</ele>
        <time>2025-10-13T16:38:51.581Z</time>
      </trkpt>
      <trkpt lat="33.282391" lon="126.519104">
        <ele>358.3</ele>
        <time>2025-10-13T16:38:56.684Z</time>
      </trkpt>
      <trkpt lat="33.282632" lon="126.519301">
        <ele>360.5</ele>
        <time>2025-10-13T16:39:08.790Z</time>
      </trkpt>
      <trkpt lat="33.282906" lon="126.519344">
        <ele>364.23</ele>
        <time>2025-10-13T16:39:20.251Z</time>
      </trkpt>
      <trkpt lat="33.283553" lon="126.519277">
        <ele>372.58</ele>
        <time>2025-10-13T16:39:47.185Z</time>
      </trkpt>
      <trkpt lat="33.284039" lon="126.51928">
        <ele>374.99</ele>
        <time>2025-10-13T16:40:07.341Z</time>
      </trkpt>
      <trkpt lat="33.284231" lon="126.519296">
        <ele>376.3</ele>
        <time>2025-10-13T16:40:15.323Z</time>
      </trkpt>
      <trkpt lat="33.284382" lon="126.519346">
        <ele>377</ele>
        <time>2025-10-13T16:40:21.821Z</time>
      </trkpt>
      <trkpt lat="33.284545" lon="126.519589">
        <ele>377.74</ele>
        <time>2025-10-13T16:40:32.622Z</time>
      </trkpt>
      <trkpt lat="33.284798" lon="126.519755">
        <ele>378.48</ele>
        <time>2025-10-13T16:40:44.589Z</time>
      </trkpt>
      <trkpt lat="33.284971" lon="126.520016">
        <ele>380</ele>
        <time>2025-10-13T16:40:56.137Z</time>
      </trkpt>
      <trkpt lat="33.284983" lon="126.52011">
        <ele>380.83</ele>
        <time>2025-10-13T16:40:59.433Z</time>
      </trkpt>
      <trkpt lat="33.284976" lon="126.520541">
        <ele>383.55</ele>
        <time>2025-10-13T16:41:14.378Z</time>
      </trkpt>
      <trkpt lat="33.285024" lon="126.520893">
        <ele>386.81</ele>
        <time>2025-10-13T16:41:26.743Z</time>
      </trkpt>
      <trkpt lat="33.285194" lon="126.521292">
        <ele>392.4</ele>
        <time>2025-10-13T16:41:42.269Z</time>
      </trkpt>
      <trkpt lat="33.285562" lon="126.521938">
        <ele>397.72</ele>
        <time>2025-10-13T16:42:09.372Z</time>
      </trkpt>
      <trkpt lat="33.285873" lon="126.522375">
        <ele>400.51</ele>
        <time>2025-10-13T16:42:29.269Z</time>
      </trkpt>
      <trkpt lat="33.285976" lon="126.522543">
        <ele>401.05</ele>
        <time>2025-10-13T16:42:36.492Z</time>
      </trkpt>
      <trkpt lat="33.286072" lon="126.522594">
        <ele>402.19</ele>
        <time>2025-10-13T16:42:40.848Z</time>
      </trkpt>
      <trkpt lat="33.286366" lon="126.522713">
        <ele>405.14</ele>
        <time>2025-10-13T16:42:53.720Z</time>
      </trkpt>
      <trkpt lat="33.286469" lon="126.522863">
        <ele>405.86</ele>
        <time>2025-10-13T16:43:00.450Z</time>
      </trkpt>
      <trkpt lat="33.28646323382845" lon="126.52286866897397">
        <ele>405.672967721993</ele>
        <time>2025-10-13T16:43:00.759Z</time>
      </trkpt>
      <trkpt lat="33.2863499969244" lon="126.52297999709845">
        <ele>402</ele>
        <time>2025-10-13T16:43:06.838Z</time>
      </trkpt>
      <trkpt lat="33.286530040204525" lon="126.52298997156322">
        <ele>404.2</ele>
        <time>2025-10-13T16:43:14.313Z</time>
      </trkpt>
      <trkpt lat="33.286679992452264" lon="126.52316004037857">
        <ele>405.8</ele>
        <time>2025-10-13T16:43:27.313Z</time>
      </trkpt>
      <trkpt lat="33.28686003573239" lon="126.5232600364834">
        <ele>407.4</ele>
        <time>2025-10-13T16:43:41.313Z</time>
      </trkpt>
      <trkpt lat="33.28703999519348" lon="126.52333002537489">
        <ele>408.8</ele>
        <time>2025-10-13T16:43:55.313Z</time>
      </trkpt>
      <trkpt lat="33.287220038473606" lon="126.52333999983966">
        <ele>410</ele>
        <time>2025-10-13T16:44:09.313Z</time>
      </trkpt>
      <trkpt lat="33.28740997239947" lon="126.52330001816154">
        <ele>411.1</ele>
        <time>2025-10-13T16:44:24.313Z</time>
      </trkpt>
      <trkpt lat="33.28759999014437" lon="126.52333002537489">
        <ele>412</ele>
        <time>2025-10-13T16:44:38.313Z</time>
      </trkpt>
      <trkpt lat="33.2877800334245" lon="126.52337998151779">
        <ele>412.7</ele>
        <time>2025-10-13T16:44:53.313Z</time>
      </trkpt>
      <trkpt lat="33.28795999288559" lon="126.5234399959445">
        <ele>413.4</ele>
        <time>2025-10-13T16:45:07.313Z</time>
      </trkpt>
      <trkpt lat="33.288140036165714" lon="126.52350998483598">
        <ele>413.9</ele>
        <time>2025-10-13T16:45:22.313Z</time>
      </trkpt>
      <trkpt lat="33.288250006735325" lon="126.52370000258088">
        <ele>414.4</ele>
        <time>2025-10-13T16:45:37.313Z</time>
      </trkpt>
      <trkpt lat="33.28824003227055" lon="126.52392002753913">
        <ele>414.9</ele>
        <time>2025-10-13T16:45:50.313Z</time>
      </trkpt>
      <trkpt lat="33.288380010053515" lon="126.52408003807068">
        <ele>415.4</ele>
        <time>2025-10-13T16:46:03.313Z</time>
      </trkpt>
      <trkpt lat="33.288570027798414" lon="126.52415002696216">
        <ele>416.2</ele>
        <time>2025-10-13T16:46:17.313Z</time>
      </trkpt>
      <trkpt lat="33.28873003832996" lon="126.52425999753177">
        <ele>417</ele>
        <time>2025-10-13T16:46:32.313Z</time>
      </trkpt>
      <trkpt lat="33.2888799905777" lon="126.52445001527667">
        <ele>417.8</ele>
        <time>2025-10-13T16:46:45.313Z</time>
      </trkpt>
      <trkpt lat="33.28890002332628" lon="126.5246800146997">
        <ele>418.7</ele>
        <time>2025-10-13T16:46:59.313Z</time>
      </trkpt>
      <trkpt lat="33.2888799905777" lon="126.52492996305227">
        <ele>419.6</ele>
        <time>2025-10-13T16:47:12.313Z</time>
      </trkpt>
      <trkpt lat="33.28888996504247" lon="126.5251599624753">
        <ele>420.7</ele>
        <time>2025-10-13T16:47:27.313Z</time>
      </trkpt>
      <trkpt lat="33.28898996114731" lon="126.5253499802202">
        <ele>422</ele>
        <time>2025-10-13T16:47:44.313Z</time>
      </trkpt>
      <trkpt lat="33.28903002664447" lon="126.52557997964323">
        <ele>423</ele>
        <time>2025-10-13T16:47:59.313Z</time>
      </trkpt>
      <trkpt lat="33.28900999389589" lon="126.52580997906625">
        <ele>423.9</ele>
        <time>2025-10-13T16:48:15.313Z</time>
      </trkpt>
      <trkpt lat="33.289000019431114" lon="126.52603997848928">
        <ele>424.8</ele>
        <time>2025-10-13T16:48:30.313Z</time>
      </trkpt>
      <trkpt lat="33.28890002332628" lon="126.52622999623418">
        <ele>425.4</ele>
        <time>2025-10-13T16:48:43.313Z</time>
      </trkpt>
      <trkpt lat="33.28881997615099" lon="126.52643996290863">
        <ele>425.9</ele>
        <time>2025-10-13T16:48:57.313Z</time>
      </trkpt>
      <trkpt lat="33.28877999447286" lon="126.52668002061546">
        <ele>426.3</ele>
        <time>2025-10-13T16:49:12.313Z</time>
      </trkpt>
      <trkpt lat="33.28877999447286" lon="126.52689996175468">
        <ele>426.5</ele>
        <time>2025-10-13T16:49:26.313Z</time>
      </trkpt>
      <trkpt lat="33.288789968937635" lon="126.52714001946151">
        <ele>426.6</ele>
        <time>2025-10-13T16:49:40.313Z</time>
      </trkpt>
      <trkpt lat="33.28873003832996" lon="126.52737001888454">
        <ele>426.4</ele>
        <time>2025-10-13T16:49:51.313Z</time>
      </trkpt>
      <trkpt lat="33.28873003832996" lon="126.52758996002376">
        <ele>426.2</ele>
        <time>2025-10-13T16:50:03.313Z</time>
      </trkpt>
      <trkpt lat="33.28871998004615" lon="126.52780998498201">
        <ele>425.7</ele>
        <time>2025-10-13T16:50:17.313Z</time>
      </trkpt>
      <trkpt lat="33.28871000558138" lon="126.52806001715362">
        <ele>425</ele>
        <time>2025-10-13T16:50:31.313Z</time>
      </trkpt>
      <trkpt lat="33.28861000947654" lon="126.52826998382807">
        <ele>424.2</ele>
        <time>2025-10-13T16:50:43.313Z</time>
      </trkpt>
      <trkpt lat="33.28854002058506" lon="126.5284999832511">
        <ele>423</ele>
        <time>2025-10-13T16:50:59.313Z</time>
      </trkpt>
      <trkpt lat="33.28848000615835" lon="126.52874004095793">
        <ele>422</ele>
        <time>2025-10-13T16:51:11.313Z</time>
      </trkpt>
      <trkpt lat="33.288440024480224" lon="126.52895000763237">
        <ele>420.8</ele>
        <time>2025-10-13T16:51:25.313Z</time>
      </trkpt>
      <trkpt lat="33.288440024480224" lon="126.52920003980398">
        <ele>419.4</ele>
        <time>2025-10-13T16:51:41.313Z</time>
      </trkpt>
      <trkpt lat="33.28838998451829" lon="126.52941000647843">
        <ele>418.2</ele>
        <time>2025-10-13T16:51:55.313Z</time>
      </trkpt>
      <trkpt lat="33.28841001726687" lon="126.52964000590146">
        <ele>417.1</ele>
        <time>2025-10-13T16:52:09.313Z</time>
      </trkpt>
      <trkpt lat="33.28850003890693" lon="126.5298499725759">
        <ele>416.2</ele>
        <time>2025-10-13T16:52:23.313Z</time>
      </trkpt>
      <trkpt lat="33.28862995840609" lon="126.53000000864267">
        <ele>415.5</ele>
        <time>2025-10-13T16:52:35.313Z</time>
      </trkpt>
      <trkpt lat="33.28867002390325" lon="126.53020997531712">
        <ele>415</ele>
        <time>2025-10-13T16:52:48.313Z</time>
      </trkpt>
      <trkpt lat="33.28871000558138" lon="126.53043000027537">
        <ele>414.5</ele>
        <time>2025-10-13T16:53:02.313Z</time>
      </trkpt>
      <trkpt lat="33.28877999447286" lon="126.53063996694982">
        <ele>414.3</ele>
        <time>2025-10-13T16:53:20.606Z</time>
      </trkpt>
      <trkpt lat="33.288782" lon="126.530644">
        <ele>417.9</ele>
        <time>2025-10-13T16:53:20.985Z</time>
      </trkpt>
      <trkpt lat="33.28906" lon="126.530475">
        <ele>418.91</ele>
        <time>2025-10-13T16:53:51.174Z</time>
      </trkpt>
      <trkpt lat="33.289354" lon="126.530197">
        <ele>420.99</ele>
        <time>2025-10-13T16:54:27.455Z</time>
      </trkpt>
      <trkpt lat="33.289825" lon="126.529834">
        <ele>424</ele>
        <time>2025-10-13T16:55:21.697Z</time>
      </trkpt>
      <trkpt lat="33.290296" lon="126.52947">
        <ele>424.52</ele>
        <time>2025-10-13T16:56:15.983Z</time>
      </trkpt>
      <trkpt lat="33.290427" lon="126.529402">
        <ele>425.82</ele>
        <time>2025-10-13T16:56:29.808Z</time>
      </trkpt>
      <trkpt lat="33.290419" lon="126.529475">
        <ele>425.34</ele>
        <time>2025-10-13T16:56:35.766Z</time>
      </trkpt>
      <trkpt lat="33.290445" lon="126.529541">
        <ele>425.33</ele>
        <time>2025-10-13T16:56:41.670Z</time>
      </trkpt>
      <trkpt lat="33.290497" lon="126.52958">
        <ele>425.8</ele>
        <time>2025-10-13T16:56:47.611Z</time>
      </trkpt>
      <trkpt lat="33.290558" lon="126.529579">
        <ele>426.72</ele>
        <time>2025-10-13T16:56:53.517Z</time>
      </trkpt>
      <trkpt lat="33.290609" lon="126.529539">
        <ele>427.72</ele>
        <time>2025-10-13T16:56:59.421Z</time>
      </trkpt>
      <trkpt lat="33.290634" lon="126.529472">
        <ele>428.48</ele>
        <time>2025-10-13T16:57:05.358Z</time>
      </trkpt>
      <trkpt lat="33.290624" lon="126.5294">
        <ele>428.39</ele>
        <time>2025-10-13T16:57:11.264Z</time>
      </trkpt>
      <trkpt lat="33.290799" lon="126.52926">
        <ele>431.93</ele>
        <time>2025-10-13T16:57:31.645Z</time>
      </trkpt>
      <trkpt lat="33.291176" lon="126.528873">
        <ele>437.7</ele>
        <time>2025-10-13T16:58:19.738Z</time>
      </trkpt>
      <trkpt lat="33.29145" lon="126.52849">
        <ele>443.48</ele>
        <time>2025-10-13T16:59:00.534Z</time>
      </trkpt>
      <trkpt lat="33.291799" lon="126.528342">
        <ele>447.53</ele>
        <time>2025-10-13T16:59:36.382Z</time>
      </trkpt>
      <trkpt lat="33.291958" lon="126.528213">
        <ele>449.04</ele>
        <time>2025-10-13T16:59:54.981Z</time>
      </trkpt>
      <trkpt lat="33.292127" lon="126.528075">
        <ele>450.59</ele>
        <time>2025-10-13T17:00:14.904Z</time>
      </trkpt>
      <trkpt lat="33.292127" lon="126.528075">
        <ele>450.59</ele>
        <time>2025-10-13T17:00:14.904Z</time>
      </trkpt>
      <trkpt lat="33.292215" lon="126.528003">
        <ele>451.4</ele>
        <time>2025-10-13T17:00:25.284Z</time>
      </trkpt>
      <trkpt lat="33.292306" lon="126.527929">
        <ele>452.45</ele>
        <time>2025-10-13T17:00:35.997Z</time>
      </trkpt>
      <trkpt lat="33.29238" lon="126.527768">
        <ele>453.88</ele>
        <time>2025-10-13T17:00:50.951Z</time>
      </trkpt>
      <trkpt lat="33.292526" lon="126.527685">
        <ele>455.4</ele>
        <time>2025-10-13T17:01:06.690Z</time>
      </trkpt>
      <trkpt lat="33.292754" lon="126.527342">
        <ele>459.23</ele>
        <time>2025-10-13T17:01:42.357Z</time>
      </trkpt>
      <trkpt lat="33.292884" lon="126.527049">
        <ele>463.13</ele>
        <time>2025-10-13T17:02:09.355Z</time>
      </trkpt>
      <trkpt lat="33.292958" lon="126.526945">
        <ele>465.43</ele>
        <time>2025-10-13T17:02:20.470Z</time>
      </trkpt>
      <trkpt lat="33.293232" lon="126.526797">
        <ele>470.9</ele>
        <time>2025-10-13T17:02:49.742Z</time>
      </trkpt>
      <trkpt lat="33.293353" lon="126.526682">
        <ele>473.73</ele>
        <time>2025-10-13T17:03:04.789Z</time>
      </trkpt>
      <trkpt lat="33.293465" lon="126.526507">
        <ele>475.78</ele>
        <time>2025-10-13T17:03:22.727Z</time>
      </trkpt>
      <trkpt lat="33.293622" lon="126.526344">
        <ele>478.44</ele>
        <time>2025-10-13T17:03:42.967Z</time>
      </trkpt>
      <trkpt lat="33.293674" lon="126.526301">
        <ele>479.52</ele>
        <time>2025-10-13T17:03:48.698Z</time>
      </trkpt>
      <trkpt lat="33.293674" lon="126.5263">
        <ele>479.52</ele>
        <time>2025-10-13T17:03:48.773Z</time>
      </trkpt>
      <trkpt lat="33.294086" lon="126.525955">
        <ele>488.15</ele>
        <time>2025-10-13T17:04:34.370Z</time>
      </trkpt>
      <trkpt lat="33.29418" lon="126.525931">
        <ele>489.06</ele>
        <time>2025-10-13T17:04:43.497Z</time>
      </trkpt>
      <trkpt lat="33.29418" lon="126.525931">
        <ele>489.06</ele>
        <time>2025-10-13T17:04:43.497Z</time>
      </trkpt>
      <trkpt lat="33.294223" lon="126.52592">
        <ele>489.47</ele>
        <time>2025-10-13T17:04:47.672Z</time>
      </trkpt>
      <trkpt lat="33.294434" lon="126.525955">
        <ele>491.73</ele>
        <time>2025-10-13T17:05:07.901Z</time>
      </trkpt>
      <trkpt lat="33.294597" lon="126.525923">
        <ele>493.06</ele>
        <time>2025-10-13T17:05:23.587Z</time>
      </trkpt>
      <trkpt lat="33.294721" lon="126.525863">
        <ele>494.59</ele>
        <time>2025-10-13T17:05:36.932Z</time>
      </trkpt>
      <trkpt lat="33.294721" lon="126.525863">
        <ele>494.59</ele>
        <time>2025-10-13T17:05:36.932Z</time>
      </trkpt>
      <trkpt lat="33.294981" lon="126.525738">
        <ele>497.8</ele>
        <time>2025-10-13T17:06:04.890Z</time>
      </trkpt>
      <trkpt lat="33.295122" lon="126.525606">
        <ele>499.55</ele>
        <time>2025-10-13T17:06:22.753Z</time>
      </trkpt>
      <trkpt lat="33.295454" lon="126.525362">
        <ele>504.52</ele>
        <time>2025-10-13T17:07:01.629Z</time>
      </trkpt>
      <trkpt lat="33.296135" lon="126.524815">
        <ele>518.11</ele>
        <time>2025-10-13T17:08:23.469Z</time>
      </trkpt>
      <trkpt lat="33.296554" lon="126.524509">
        <ele>519.87</ele>
        <time>2025-10-13T17:09:12.448Z</time>
      </trkpt>
      <trkpt lat="33.296661" lon="126.524465">
        <ele>520.24</ele>
        <time>2025-10-13T17:09:22.499Z</time>
      </trkpt>
      <trkpt lat="33.296661" lon="126.524465">
        <ele>520.24</ele>
        <time>2025-10-13T17:09:22.499Z</time>
      </trkpt>
      <trkpt lat="33.297051" lon="126.524305">
        <ele>521.59</ele>
        <time>2025-10-13T17:09:59.127Z</time>
      </trkpt>
      <trkpt lat="33.297299" lon="126.524203">
        <ele>525.69</ele>
        <time>2025-10-13T17:10:22.425Z</time>
      </trkpt>
      <trkpt lat="33.297375" lon="126.524198">
        <ele>526.87</ele>
        <time>2025-10-13T17:10:29.887Z</time>
      </trkpt>
      <trkpt lat="33.297375" lon="126.524198">
        <ele>526.87</ele>
        <time>2025-10-13T17:10:29.887Z</time>
      </trkpt>
      <trkpt lat="33.297474" lon="126.52419">
        <ele>528.39</ele>
        <time>2025-10-13T17:10:39.615Z</time>
      </trkpt>
      <trkpt lat="33.297691" lon="126.524262">
        <ele>532.06</ele>
        <time>2025-10-13T17:11:01.692Z</time>
      </trkpt>
      <trkpt lat="33.297841" lon="126.524359">
        <ele>534.64</ele>
        <time>2025-10-13T17:11:18.408Z</time>
      </trkpt>
      <trkpt lat="33.29811" lon="126.524456">
        <ele>538.66</ele>
        <time>2025-10-13T17:11:45.952Z</time>
      </trkpt>
      <trkpt lat="33.298433" lon="126.524474">
        <ele>545.23</ele>
        <time>2025-10-13T17:12:17.653Z</time>
      </trkpt>
      <trkpt lat="33.298502" lon="126.524529">
        <ele>547</ele>
        <time>2025-10-13T17:12:25.967Z</time>
      </trkpt>
      <trkpt lat="33.298502" lon="126.524529">
        <ele>546.99</ele>
        <time>2025-10-13T17:12:25.967Z</time>
      </trkpt>
      <trkpt lat="33.298617" lon="126.524619">
        <ele>549.91</ele>
        <time>2025-10-13T17:12:39.747Z</time>
      </trkpt>
      <trkpt lat="33.298747" lon="126.524807">
        <ele>553.01</ele>
        <time>2025-10-13T17:13:00.198Z</time>
      </trkpt>
      <trkpt lat="33.298902" lon="126.525276">
        <ele>557.01</ele>
        <time>2025-10-13T17:13:42.469Z</time>
      </trkpt>
      <trkpt lat="33.299025" lon="126.525534">
        <ele>560.58</ele>
        <time>2025-10-13T17:14:07.364Z</time>
      </trkpt>
      <trkpt lat="33.299283" lon="126.525821">
        <ele>566.22</ele>
        <time>2025-10-13T17:14:42.691Z</time>
      </trkpt>
      <trkpt lat="33.299346" lon="126.525863">
        <ele>566.86</ele>
        <time>2025-10-13T17:14:49.923Z</time>
      </trkpt>
      <trkpt lat="33.299379" lon="126.525885">
        <ele>567.2</ele>
        <time>2025-10-13T17:14:53.711Z</time>
      </trkpt>
      <trkpt lat="33.299475" lon="126.525884">
        <ele>568.49</ele>
        <time>2025-10-13T17:15:03.293Z</time>
      </trkpt>
      <trkpt lat="33.299475" lon="126.525884">
        <ele>568.49</ele>
        <time>2025-10-13T17:15:03.293Z</time>
      </trkpt>
      <trkpt lat="33.299538" lon="126.525883">
        <ele>569.35</ele>
        <time>2025-10-13T17:15:09.581Z</time>
      </trkpt>
      <trkpt lat="33.299617" lon="126.525829">
        <ele>570.52</ele>
        <time>2025-10-13T17:15:18.662Z</time>
      </trkpt>
      <trkpt lat="33.29987" lon="126.525537">
        <ele>575.06</ele>
        <time>2025-10-13T17:15:53.748Z</time>
      </trkpt>
      <trkpt lat="33.300186" lon="126.524976">
        <ele>582.1</ele>
        <time>2025-10-13T17:16:50.184Z</time>
      </trkpt>
      <trkpt lat="33.300334" lon="126.524635">
        <ele>588.16</ele>
        <time>2025-10-13T17:17:22.238Z</time>
      </trkpt>
      <trkpt lat="33.300473" lon="126.524351">
        <ele>591.32</ele>
        <time>2025-10-13T17:17:49.693Z</time>
      </trkpt>
      <trkpt lat="33.300612" lon="126.524067">
        <ele>591.47</ele>
        <time>2025-10-13T17:18:17.148Z</time>
      </trkpt>
      <trkpt lat="33.300657" lon="126.523874">
        <ele>591.52</ele>
        <time>2025-10-13T17:18:33.863Z</time>
      </trkpt>
      <trkpt lat="33.300677" lon="126.5236">
        <ele>590.95</ele>
        <time>2025-10-13T17:18:56.807Z</time>
      </trkpt>
      <trkpt lat="33.30077" lon="126.523131">
        <ele>592.37</ele>
        <time>2025-10-13T17:19:39.284Z</time>
      </trkpt>
      <trkpt lat="33.30077" lon="126.523131">
        <ele>592.38</ele>
        <time>2025-10-13T17:19:39.284Z</time>
      </trkpt>
      <trkpt lat="33.300801" lon="126.523007">
        <ele>593.09</ele>
        <time>2025-10-13T17:19:50.689Z</time>
      </trkpt>
      <trkpt lat="33.300769" lon="126.522573">
        <ele>592.08</ele>
        <time>2025-10-13T17:20:29.083Z</time>
      </trkpt>
      <trkpt lat="33.300592" lon="126.521206">
        <ele>595.36</ele>
        <time>2025-10-13T17:22:30.986Z</time>
      </trkpt>
      <trkpt lat="33.300666" lon="126.520754">
        <ele>601.92</ele>
        <time>2025-10-13T17:23:11.575Z</time>
      </trkpt>
      <trkpt lat="33.300693" lon="126.520493">
        <ele>606.06</ele>
        <time>2025-10-13T17:23:34.751Z</time>
      </trkpt>
      <trkpt lat="33.300669" lon="126.52009">
        <ele>610.04</ele>
        <time>2025-10-13T17:24:10.355Z</time>
      </trkpt>
      <trkpt lat="33.300638" lon="126.519747">
        <ele>613.38</ele>
        <time>2025-10-13T17:24:40.758Z</time>
      </trkpt>
      <trkpt lat="33.300607" lon="126.519405">
        <ele>613.05</ele>
        <time>2025-10-13T17:25:11.073Z</time>
      </trkpt>
      <trkpt lat="33.300695" lon="126.519013">
        <ele>613.62</ele>
        <time>2025-10-13T17:25:46.842Z</time>
      </trkpt>
      <trkpt lat="33.300731" lon="126.518938">
        <ele>614.47</ele>
        <time>2025-10-13T17:25:54.463Z</time>
      </trkpt>
      <trkpt lat="33.300775" lon="126.518968">
        <ele>615.1</ele>
        <time>2025-10-13T17:25:59.575Z</time>
      </trkpt>
      <trkpt lat="33.300775" lon="126.518968">
        <ele>615.1</ele>
        <time>2025-10-13T17:25:59.575Z</time>
      </trkpt>
      <trkpt lat="33.300931" lon="126.519074">
        <ele>617.39</ele>
        <time>2025-10-13T17:26:17.687Z</time>
      </trkpt>
      <trkpt lat="33.301088" lon="126.519089">
        <ele>619.48</ele>
        <time>2025-10-13T17:26:33.587Z</time>
      </trkpt>
      <trkpt lat="33.301144" lon="126.519105">
        <ele>620.17</ele>
        <time>2025-10-13T17:26:39.399Z</time>
      </trkpt>
      <trkpt lat="33.301315" lon="126.519239">
        <ele>621.65</ele>
        <time>2025-10-13T17:27:00.036Z</time>
      </trkpt>
      <trkpt lat="33.301414" lon="126.519276">
        <ele>622.12</ele>
        <time>2025-10-13T17:27:10.507Z</time>
      </trkpt>
      <trkpt lat="33.301509" lon="126.519265">
        <ele>623.06</ele>
        <time>2025-10-13T17:27:21.167Z</time>
      </trkpt>
      <trkpt lat="33.301509" lon="126.519265">
        <ele>623.06</ele>
        <time>2025-10-13T17:27:21.167Z</time>
      </trkpt>
      <trkpt lat="33.301609" lon="126.519253">
        <ele>624.05</ele>
        <time>2025-10-13T17:27:32.392Z</time>
      </trkpt>
      <trkpt lat="33.301708" lon="126.519222">
        <ele>625.1</ele>
        <time>2025-10-13T17:27:43.822Z</time>
      </trkpt>
      <trkpt lat="33.301726" lon="126.51918">
        <ele>625.72</ele>
        <time>2025-10-13T17:27:48.228Z</time>
      </trkpt>
      <trkpt lat="33.301803" lon="126.519104">
        <ele>627.65</ele>
        <time>2025-10-13T17:27:59.377Z</time>
      </trkpt>
      <trkpt lat="33.301898" lon="126.519069">
        <ele>629.38</ele>
        <time>2025-10-13T17:28:10.479Z</time>
      </trkpt>
      <trkpt lat="33.302005" lon="126.518955">
        <ele>632.37</ele>
        <time>2025-10-13T17:28:26.482Z</time>
      </trkpt>
      <trkpt lat="33.302173" lon="126.518866">
        <ele>636.19</ele>
        <time>2025-10-13T17:28:47.003Z</time>
      </trkpt>
      <trkpt lat="33.302344" lon="126.5188">
        <ele>638.86</ele>
        <time>2025-10-13T17:29:07.072Z</time>
      </trkpt>
      <trkpt lat="33.302572" lon="126.518817">
        <ele>641.68</ele>
        <time>2025-10-13T17:29:34.815Z</time>
      </trkpt>
      <trkpt lat="33.302572" lon="126.518817">
        <ele>641.68</ele>
        <time>2025-10-13T17:29:34.815Z</time>
      </trkpt>
      <trkpt lat="33.302643" lon="126.518817">
        <ele>642.67</ele>
        <time>2025-10-13T17:29:43.437Z</time>
      </trkpt>
      <trkpt lat="33.302713" lon="126.518857">
        <ele>642.97</ele>
        <time>2025-10-13T17:29:52.857Z</time>
      </trkpt>
      <trkpt lat="33.302846" lon="126.51891">
        <ele>643.85</ele>
        <time>2025-10-13T17:30:09.881Z</time>
      </trkpt>
      <trkpt lat="33.302883" lon="126.518899">
        <ele>644.57</ele>
        <time>2025-10-13T17:30:14.511Z</time>
      </trkpt>
      <trkpt lat="33.303021" lon="126.518908">
        <ele>646.87</ele>
        <time>2025-10-13T17:30:31.295Z</time>
      </trkpt>
      <trkpt lat="33.303063" lon="126.518928">
        <ele>647.23</ele>
        <time>2025-10-13T17:30:36.784Z</time>
      </trkpt>
      <trkpt lat="33.303221" lon="126.518962">
        <ele>649.35</ele>
        <time>2025-10-13T17:30:56.280Z</time>
      </trkpt>
      <trkpt lat="33.303387" lon="126.518967">
        <ele>652.17</ele>
        <time>2025-10-13T17:31:16.446Z</time>
      </trkpt>
      <trkpt lat="33.303491" lon="126.518928">
        <ele>653.85</ele>
        <time>2025-10-13T17:31:29.682Z</time>
      </trkpt>
      <trkpt lat="33.303604" lon="126.518985">
        <ele>655.1</ele>
        <time>2025-10-13T17:31:44.575Z</time>
      </trkpt>
      <trkpt lat="33.303721" lon="126.518981">
        <ele>656.75</ele>
        <time>2025-10-13T17:31:58.789Z</time>
      </trkpt>
      <trkpt lat="33.303781" lon="126.519053">
        <ele>656.99</ele>
        <time>2025-10-13T17:32:09.109Z</time>
      </trkpt>
      <trkpt lat="33.303892" lon="126.519084">
        <ele>658.11</ele>
        <time>2025-10-13T17:32:22.951Z</time>
      </trkpt>
      <trkpt lat="33.30403" lon="126.519072">
        <ele>660.02</ele>
        <time>2025-10-13T17:32:39.754Z</time>
      </trkpt>
      <trkpt lat="33.304156" lon="126.519084">
        <ele>661.26</ele>
        <time>2025-10-13T17:32:55.104Z</time>
      </trkpt>
      <trkpt lat="33.304284" lon="126.519078">
        <ele>663.01</ele>
        <time>2025-10-13T17:33:10.660Z</time>
      </trkpt>
      <trkpt lat="33.304454" lon="126.519087">
        <ele>665.91</ele>
        <time>2025-10-13T17:33:31.325Z</time>
      </trkpt>
      <trkpt lat="33.304508" lon="126.51908">
        <ele>667.16</ele>
        <time>2025-10-13T17:33:37.921Z</time>
      </trkpt>
      <trkpt lat="33.304645" lon="126.519092">
        <ele>670.24</ele>
        <time>2025-10-13T17:33:54.603Z</time>
      </trkpt>
      <trkpt lat="33.304806" lon="126.519152">
        <ele>673.66</ele>
        <time>2025-10-13T17:34:15.082Z</time>
      </trkpt>
      <trkpt lat="33.304969" lon="126.519165">
        <ele>677.61</ele>
        <time>2025-10-13T17:34:34.921Z</time>
      </trkpt>
      <trkpt lat="33.305126" lon="126.519143">
        <ele>681.62</ele>
        <time>2025-10-13T17:34:54.118Z</time>
      </trkpt>
      <trkpt lat="33.305269" lon="126.519161">
        <ele>685.49</ele>
        <time>2025-10-13T17:35:11.580Z</time>
      </trkpt>
      <trkpt lat="33.305384" lon="126.519258">
        <ele>687.3</ele>
        <time>2025-10-13T17:35:28.667Z</time>
      </trkpt>
      <trkpt lat="33.30546" lon="126.51935">
        <ele>687.64</ele>
        <time>2025-10-13T17:35:41.796Z</time>
      </trkpt>
      <trkpt lat="33.305563" lon="126.519421">
        <ele>688.95</ele>
        <time>2025-10-13T17:35:56.232Z</time>
      </trkpt>
      <trkpt lat="33.305625" lon="126.519435">
        <ele>689.88</ele>
        <time>2025-10-13T17:36:04.248Z</time>
      </trkpt>
      <trkpt lat="33.305625" lon="126.519435">
        <ele>689.89</ele>
        <time>2025-10-13T17:36:04.248Z</time>
      </trkpt>
      <trkpt lat="33.305695" lon="126.519451">
        <ele>690.94</ele>
        <time>2025-10-13T17:36:13.302Z</time>
      </trkpt>
      <trkpt lat="33.305823" lon="126.519423">
        <ele>693.33</ele>
        <time>2025-10-13T17:36:29.834Z</time>
      </trkpt>
      <trkpt lat="33.305861" lon="126.519404">
        <ele>694.19</ele>
        <time>2025-10-13T17:36:35.066Z</time>
      </trkpt>
      <trkpt lat="33.306011" lon="126.519333">
        <ele>696.73</ele>
        <time>2025-10-13T17:36:55.561Z</time>
      </trkpt>
      <trkpt lat="33.306175" lon="126.519281">
        <ele>699.05</ele>
        <time>2025-10-13T17:37:17.117Z</time>
      </trkpt>
      <trkpt lat="33.30638" lon="126.519234">
        <ele>699</ele>
        <time>2025-10-13T17:37:43.637Z</time>
      </trkpt>
      <trkpt lat="33.306443" lon="126.519173">
        <ele>699.9</ele>
        <time>2025-10-13T17:37:53.934Z</time>
      </trkpt>
      <trkpt lat="33.306517" lon="126.519077">
        <ele>701.54</ele>
        <time>2025-10-13T17:38:07.801Z</time>
      </trkpt>
      <trkpt lat="33.306583" lon="126.518918">
        <ele>704.79</ele>
        <time>2025-10-13T17:38:26.652Z</time>
      </trkpt>
      <trkpt lat="33.306854" lon="126.518728">
        <ele>707.62</ele>
        <time>2025-10-13T17:39:06.559Z</time>
      </trkpt>
      <trkpt lat="33.307147" lon="126.518625">
        <ele>707.94</ele>
        <time>2025-10-13T17:39:45.359Z</time>
      </trkpt>
      <trkpt lat="33.307446" lon="126.518452">
        <ele>708.73</ele>
        <time>2025-10-13T17:40:27.557Z</time>
      </trkpt>
      <trkpt lat="33.307609" lon="126.518406">
        <ele>707.86</ele>
        <time>2025-10-13T17:40:48.835Z</time>
      </trkpt>
      <trkpt lat="33.307728" lon="126.518439">
        <ele>707.26</ele>
        <time>2025-10-13T17:41:04.931Z</time>
      </trkpt>
      <trkpt lat="33.307728" lon="126.518439">
        <ele>707.26</ele>
        <time>2025-10-13T17:41:04.931Z</time>
      </trkpt>
      <trkpt lat="33.307895" lon="126.518464">
        <ele>707.93</ele>
        <time>2025-10-13T17:41:27.108Z</time>
      </trkpt>
      <trkpt lat="33.308009" lon="126.518431">
        <ele>710.15</ele>
        <time>2025-10-13T17:41:42.563Z</time>
      </trkpt>
      <trkpt lat="33.308104" lon="126.518444">
        <ele>711.71</ele>
        <time>2025-10-13T17:41:55.162Z</time>
      </trkpt>
      <trkpt lat="33.308131" lon="126.518481">
        <ele>712.05</ele>
        <time>2025-10-13T17:42:00.571Z</time>
      </trkpt>
      <trkpt lat="33.308379" lon="126.518616">
        <ele>716.54</ele>
        <time>2025-10-13T17:42:36.473Z</time>
      </trkpt>
      <trkpt lat="33.308625" lon="126.518611">
        <ele>720.94</ele>
        <time>2025-10-13T17:43:08.893Z</time>
      </trkpt>
      <trkpt lat="33.308784" lon="126.518749">
        <ele>723.88</ele>
        <time>2025-10-13T17:43:34.775Z</time>
      </trkpt>
      <trkpt lat="33.308832" lon="126.518766">
        <ele>724.97</ele>
        <time>2025-10-13T17:43:41.371Z</time>
      </trkpt>
      <trkpt lat="33.308849" lon="126.5187">
        <ele>725.05</ele>
        <time>2025-10-13T17:43:48.820Z</time>
      </trkpt>
      <trkpt lat="33.308849" lon="126.5187">
        <ele>725.05</ele>
        <time>2025-10-13T17:43:48.820Z</time>
      </trkpt>
      <trkpt lat="33.308876" lon="126.518601">
        <ele>725.18</ele>
        <time>2025-10-13T17:44:00.052Z</time>
      </trkpt>
      <trkpt lat="33.308901" lon="126.518429">
        <ele>725.69</ele>
        <time>2025-10-13T17:44:18.883Z</time>
      </trkpt>
      <trkpt lat="33.308955" lon="126.518278">
        <ele>726.81</ele>
        <time>2025-10-13T17:44:36.599Z</time>
      </trkpt>
      <trkpt lat="33.308979" lon="126.518113">
        <ele>727.28</ele>
        <time>2025-10-13T17:44:54.664Z</time>
      </trkpt>
      <trkpt lat="33.309066" lon="126.517753">
        <ele>729.33</ele>
        <time>2025-10-13T17:45:35.086Z</time>
      </trkpt>
      <trkpt lat="33.30908" lon="126.517493">
        <ele>730.66</ele>
        <time>2025-10-13T17:46:03.189Z</time>
      </trkpt>
      <trkpt lat="33.309106" lon="126.51732">
        <ele>732.09</ele>
        <time>2025-10-13T17:46:22.149Z</time>
      </trkpt>
      <trkpt lat="33.309149" lon="126.517112">
        <ele>733.48</ele>
        <time>2025-10-13T17:46:45.261Z</time>
      </trkpt>
      <trkpt lat="33.309171" lon="126.5169">
        <ele>734</ele>
        <time>2025-10-13T17:47:08.304Z</time>
      </trkpt>
      <trkpt lat="33.309211" lon="126.516712">
        <ele>734.02</ele>
        <time>2025-10-13T17:47:29.229Z</time>
      </trkpt>
      <trkpt lat="33.309288" lon="126.516503">
        <ele>735.18</ele>
        <time>2025-10-13T17:47:53.866Z</time>
      </trkpt>
      <trkpt lat="33.309335" lon="126.516343">
        <ele>736.24</ele>
        <time>2025-10-13T17:48:12.159Z</time>
      </trkpt>
      <trkpt lat="33.309354" lon="126.516248">
        <ele>736.31</ele>
        <time>2025-10-13T17:48:22.695Z</time>
      </trkpt>
      <trkpt lat="33.309441" lon="126.516048">
        <ele>738.64</ele>
        <time>2025-10-13T17:48:47.015Z</time>
      </trkpt>
      <trkpt lat="33.309511" lon="126.515942">
        <ele>740.4</ele>
        <time>2025-10-13T17:49:01.587Z</time>
      </trkpt>
      <trkpt lat="33.309524" lon="126.515921">
        <ele>740.74</ele>
        <time>2025-10-13T17:49:04.405Z</time>
      </trkpt>
      <trkpt lat="33.309519" lon="126.515849">
        <ele>740.77</ele>
        <time>2025-10-13T17:49:12.198Z</time>
      </trkpt>
      <trkpt lat="33.309421" lon="126.515546">
        <ele>742.01</ele>
        <time>2025-10-13T17:49:47.243Z</time>
      </trkpt>
      <trkpt lat="33.309387" lon="126.515317">
        <ele>744.21</ele>
        <time>2025-10-13T17:50:12.330Z</time>
      </trkpt>
      <trkpt lat="33.309411" lon="126.515262">
        <ele>745.18</ele>
        <time>2025-10-13T17:50:19.022Z</time>
      </trkpt>
      <trkpt lat="33.309411" lon="126.515262">
        <ele>745.18</ele>
        <time>2025-10-13T17:50:19.022Z</time>
      </trkpt>
      <trkpt lat="33.309411" lon="126.515262">
        <ele>745.18</ele>
        <time>2025-10-13T17:50:19.022Z</time>
      </trkpt>
      <trkpt lat="33.309464" lon="126.515143">
        <ele>747.3</ele>
        <time>2025-10-13T17:50:34.582Z</time>
      </trkpt>
      <trkpt lat="33.309564" lon="126.51495">
        <ele>749.97</ele>
        <time>2025-10-13T17:51:00.785Z</time>
      </trkpt>
      <trkpt lat="33.309683" lon="126.514814">
        <ele>751.34</ele>
        <time>2025-10-13T17:51:23.506Z</time>
      </trkpt>
      <trkpt lat="33.30979" lon="126.514719">
        <ele>752.06</ele>
        <time>2025-10-13T17:51:41.902Z</time>
      </trkpt>
      <trkpt lat="33.309936" lon="126.514682">
        <ele>753</ele>
        <time>2025-10-13T17:52:02.508Z</time>
      </trkpt>
      <trkpt lat="33.310028" lon="126.514578">
        <ele>753.46</ele>
        <time>2025-10-13T17:52:19.983Z</time>
      </trkpt>
      <trkpt lat="33.310004" lon="126.514258">
        <ele>752.09</ele>
        <time>2025-10-13T17:52:57.056Z</time>
      </trkpt>
      <trkpt lat="33.310065" lon="126.514176">
        <ele>752.04</ele>
        <time>2025-10-13T17:53:09.723Z</time>
      </trkpt>
      <trkpt lat="33.310124" lon="126.514062">
        <ele>752.4</ele>
        <time>2025-10-13T17:53:25.523Z</time>
      </trkpt>
      <trkpt lat="33.310124" lon="126.514062">
        <ele>752.41</ele>
        <time>2025-10-13T17:53:25.523Z</time>
      </trkpt>
      <trkpt lat="33.310219" lon="126.513933">
        <ele>752.69</ele>
        <time>2025-10-13T17:53:45.783Z</time>
      </trkpt>
      <trkpt lat="33.310187" lon="126.513806">
        <ele>751.84</ele>
        <time>2025-10-13T17:54:01.413Z</time>
      </trkpt>
      <trkpt lat="33.310208" lon="126.513733">
        <ele>751.99</ele>
        <time>2025-10-13T17:54:10.510Z</time>
      </trkpt>
      <trkpt lat="33.310216" lon="126.513635">
        <ele>752.04</ele>
        <time>2025-10-13T17:54:22.113Z</time>
      </trkpt>
      <trkpt lat="33.310245" lon="126.513515">
        <ele>752.05</ele>
        <time>2025-10-13T17:54:36.832Z</time>
      </trkpt>
      <trkpt lat="33.310298" lon="126.51342">
        <ele>751.86</ele>
        <time>2025-10-13T17:54:50.291Z</time>
      </trkpt>
      <trkpt lat="33.310272" lon="126.513351">
        <ele>751.57</ele>
        <time>2025-10-13T17:54:59.210Z</time>
      </trkpt>
      <trkpt lat="33.310311" lon="126.513213">
        <ele>751.31</ele>
        <time>2025-10-13T17:55:16.376Z</time>
      </trkpt>
      <trkpt lat="33.310319" lon="126.513006">
        <ele>751</ele>
        <time>2025-10-13T17:55:40.794Z</time>
      </trkpt>
      <trkpt lat="33.310316" lon="126.512872">
        <ele>751.64</ele>
        <time>2025-10-13T17:55:57.583Z</time>
      </trkpt>
      <trkpt lat="33.310316" lon="126.512872">
        <ele>751.64</ele>
        <time>2025-10-13T17:55:57.583Z</time>
      </trkpt>
      <trkpt lat="33.310314" lon="126.512791">
        <ele>752.03</ele>
        <time>2025-10-13T17:56:07.732Z</time>
      </trkpt>
      <trkpt lat="33.310236" lon="126.512725">
        <ele>752.86</ele>
        <time>2025-10-13T17:56:22.049Z</time>
      </trkpt>
      <trkpt lat="33.309906" lon="126.51257">
        <ele>752.07</ele>
        <time>2025-10-13T17:57:15.180Z</time>
      </trkpt>
      <trkpt lat="33.309629" lon="126.512478">
        <ele>747.71</ele>
        <time>2025-10-13T17:57:58.263Z</time>
      </trkpt>
      <trkpt lat="33.30944" lon="126.512482">
        <ele>743.38</ele>
        <time>2025-10-13T17:58:26.593Z</time>
      </trkpt>
      <trkpt lat="33.309329" lon="126.512471">
        <ele>740.5</ele>
        <time>2025-10-13T17:58:43.285Z</time>
      </trkpt>
      <trkpt lat="33.309143" lon="126.51239">
        <ele>737.5</ele>
        <time>2025-10-13T17:59:12.949Z</time>
      </trkpt>
      <trkpt lat="33.309095" lon="126.512254">
        <ele>737.67</ele>
        <time>2025-10-13T17:59:31.439Z</time>
      </trkpt>
      <trkpt lat="33.30899" lon="126.512203">
        <ele>736.45</ele>
        <time>2025-10-13T17:59:48.422Z</time>
      </trkpt>
      <trkpt lat="33.308852" lon="126.512156">
        <ele>734.95</ele>
        <time>2025-10-13T18:00:09.925Z</time>
      </trkpt>
      <trkpt lat="33.308458" lon="126.512187">
        <ele>731.24</ele>
        <time>2025-10-13T18:01:09.101Z</time>
      </trkpt>
      <trkpt lat="33.308459" lon="126.512095">
        <ele>731.46</ele>
        <time>2025-10-13T18:01:20.805Z</time>
      </trkpt>
      <trkpt lat="33.308459" lon="126.512095">
        <ele>731.46</ele>
        <time>2025-10-13T18:01:20.805Z</time>
      </trkpt>
      <trkpt lat="33.308459" lon="126.51195">
        <ele>731.81</ele>
        <time>2025-10-13T18:01:39.251Z</time>
      </trkpt>
      <trkpt lat="33.308486" lon="126.511912">
        <ele>732.25</ele>
        <time>2025-10-13T18:01:45.596Z</time>
      </trkpt>
      <trkpt lat="33.308565" lon="126.511862">
        <ele>733.94</ele>
        <time>2025-10-13T18:01:59.200Z</time>
      </trkpt>
      <trkpt lat="33.308644" lon="126.511754">
        <ele>736.19</ele>
        <time>2025-10-13T18:02:17.458Z</time>
      </trkpt>
      <trkpt lat="33.308665" lon="126.511571">
        <ele>738.83</ele>
        <time>2025-10-13T18:02:40.956Z</time>
      </trkpt>
      <trkpt lat="33.308705" lon="126.511406">
        <ele>742.25</ele>
        <time>2025-10-13T18:03:02.811Z</time>
      </trkpt>
      <trkpt lat="33.308752" lon="126.511147">
        <ele>746.94</ele>
        <time>2025-10-13T18:03:36.527Z</time>
      </trkpt>
      <trkpt lat="33.308707" lon="126.510992">
        <ele>748.75</ele>
        <time>2025-10-13T18:03:57.401Z</time>
      </trkpt>
      <trkpt lat="33.308726" lon="126.510758">
        <ele>751.19</ele>
        <time>2025-10-13T18:04:27.309Z</time>
      </trkpt>
      <trkpt lat="33.308708" lon="126.510706">
        <ele>751.24</ele>
        <time>2025-10-13T18:04:33.945Z</time>
      </trkpt>
      <trkpt lat="33.308708" lon="126.510706">
        <ele>751.24</ele>
        <time>2025-10-13T18:04:33.945Z</time>
      </trkpt>
      <trkpt lat="33.308683" lon="126.510631">
        <ele>751.32</ele>
        <time>2025-10-13T18:04:43.465Z</time>
      </trkpt>
      <trkpt lat="33.308664" lon="126.510506">
        <ele>751.71</ele>
        <time>2025-10-13T18:04:58.445Z</time>
      </trkpt>
      <trkpt lat="33.30859" lon="126.510409">
        <ele>751.33</ele>
        <time>2025-10-13T18:05:13.930Z</time>
      </trkpt>
      <trkpt lat="33.308509" lon="126.510364">
        <ele>750.56</ele>
        <time>2025-10-13T18:05:26.529Z</time>
      </trkpt>
      <trkpt lat="33.308444" lon="126.510353">
        <ele>750.04</ele>
        <time>2025-10-13T18:05:35.790Z</time>
      </trkpt>
      <trkpt lat="33.308422" lon="126.510262">
        <ele>750.69</ele>
        <time>2025-10-13T18:05:46.959Z</time>
      </trkpt>
      <trkpt lat="33.308432" lon="126.510217">
        <ele>751.23</ele>
        <time>2025-10-13T18:05:52.449Z</time>
      </trkpt>
      <trkpt lat="33.308379" lon="126.510167">
        <ele>750.79</ele>
        <time>2025-10-13T18:06:01.971Z</time>
      </trkpt>
      <trkpt lat="33.308232" lon="126.509866">
        <ele>748.74</ele>
        <time>2025-10-13T18:06:43.076Z</time>
      </trkpt>
      <trkpt lat="33.308151" lon="126.509804">
        <ele>746.92</ele>
        <time>2025-10-13T18:06:56.642Z</time>
      </trkpt>
      <trkpt lat="33.308181" lon="126.509657">
        <ele>747.32</ele>
        <time>2025-10-13T18:07:14.483Z</time>
      </trkpt>
      <trkpt lat="33.308182" lon="126.509593">
        <ele>746.99</ele>
        <time>2025-10-13T18:07:21.878Z</time>
      </trkpt>
      <trkpt lat="33.308182" lon="126.509593">
        <ele>746.98</ele>
        <time>2025-10-13T18:07:21.878Z</time>
      </trkpt>
      <trkpt lat="33.308183" lon="126.509558">
        <ele>746.8</ele>
        <time>2025-10-13T18:07:25.924Z</time>
      </trkpt>
      <trkpt lat="33.308251" lon="126.509457">
        <ele>747.72</ele>
        <time>2025-10-13T18:07:40.908Z</time>
      </trkpt>
      <trkpt lat="33.308298" lon="126.509332">
        <ele>748.11</ele>
        <time>2025-10-13T18:07:56.743Z</time>
      </trkpt>
      <trkpt lat="33.308311" lon="126.509227">
        <ele>748.39</ele>
        <time>2025-10-13T18:08:09.006Z</time>
      </trkpt>
      <trkpt lat="33.308305" lon="126.508793">
        <ele>748.26</ele>
        <time>2025-10-13T18:08:59.154Z</time>
      </trkpt>
      <trkpt lat="33.308311" lon="126.508719">
        <ele>748.38</ele>
        <time>2025-10-13T18:09:07.743Z</time>
      </trkpt>
      <trkpt lat="33.308353" lon="126.508606">
        <ele>748.83</ele>
        <time>2025-10-13T18:09:22.031Z</time>
      </trkpt>
      <trkpt lat="33.308306" lon="126.508498">
        <ele>747.3</ele>
        <time>2025-10-13T18:09:36.098Z</time>
      </trkpt>
      <trkpt lat="33.30834" lon="126.508425">
        <ele>747.2</ele>
        <time>2025-10-13T18:09:45.753Z</time>
      </trkpt>
      <trkpt lat="33.308424" lon="126.508299">
        <ele>746.9</ele>
        <time>2025-10-13T18:10:04.374Z</time>
      </trkpt>
      <trkpt lat="33.308482" lon="126.508236">
        <ele>746.97</ele>
        <time>2025-10-13T18:10:15.202Z</time>
      </trkpt>
      <trkpt lat="33.308583" lon="126.508185">
        <ele>747.79</ele>
        <time>2025-10-13T18:10:30.356Z</time>
      </trkpt>
      <trkpt lat="33.308704" lon="126.508148">
        <ele>749.05</ele>
        <time>2025-10-13T18:10:47.620Z</time>
      </trkpt>
      <trkpt lat="33.308745" lon="126.508027">
        <ele>748.91</ele>
        <time>2025-10-13T18:11:02.704Z</time>
      </trkpt>
      <trkpt lat="33.3087" lon="126.507933">
        <ele>748.54</ele>
        <time>2025-10-13T18:11:15.219Z</time>
      </trkpt>
      <trkpt lat="33.308658" lon="126.507844">
        <ele>748.19</ele>
        <time>2025-10-13T18:11:27.027Z</time>
      </trkpt>
      <trkpt lat="33.30851" lon="126.507827">
        <ele>745.51</ele>
        <time>2025-10-13T18:11:47.580Z</time>
      </trkpt>
      <trkpt lat="33.308336" lon="126.507755">
        <ele>742.93</ele>
        <time>2025-10-13T18:12:13.031Z</time>
      </trkpt>
      <trkpt lat="33.308239" lon="126.507765">
        <ele>741.59</ele>
        <time>2025-10-13T18:12:26.490Z</time>
      </trkpt>
      <trkpt lat="33.307997" lon="126.507546">
        <ele>737.82</ele>
        <time>2025-10-13T18:13:08.435Z</time>
      </trkpt>
      <trkpt lat="33.307956" lon="126.507434">
        <ele>736.92</ele>
        <time>2025-10-13T18:13:22.561Z</time>
      </trkpt>
      <trkpt lat="33.3079" lon="126.507336">
        <ele>735.94</ele>
        <time>2025-10-13T18:13:36.276Z</time>
      </trkpt>
      <trkpt lat="33.3079" lon="126.507336">
        <ele>735.94</ele>
        <time>2025-10-13T18:13:36.276Z</time>
      </trkpt>
      <trkpt lat="33.3079" lon="126.507336">
        <ele>735.94</ele>
        <time>2025-10-13T18:13:36.276Z</time>
      </trkpt>
      <trkpt lat="33.307881" lon="126.507302">
        <ele>735.6</ele>
        <time>2025-10-13T18:13:41.063Z</time>
      </trkpt>
      <trkpt lat="33.30801" lon="126.506984">
        <ele>736.62</ele>
        <time>2025-10-13T18:14:22.440Z</time>
      </trkpt>
      <trkpt lat="33.30798" lon="126.506847">
        <ele>736.27</ele>
        <time>2025-10-13T18:14:39.017Z</time>
      </trkpt>
      <trkpt lat="33.307985" lon="126.506602">
        <ele>737.04</ele>
        <time>2025-10-13T18:15:07.704Z</time>
      </trkpt>
      <trkpt lat="33.308025" lon="126.506463">
        <ele>737.6</ele>
        <time>2025-10-13T18:15:24.912Z</time>
      </trkpt>
      <trkpt lat="33.30805" lon="126.50633">
        <ele>737.94</ele>
        <time>2025-10-13T18:15:40.869Z</time>
      </trkpt>
      <trkpt lat="33.308043" lon="126.506143">
        <ele>737.17</ele>
        <time>2025-10-13T18:16:02.780Z</time>
      </trkpt>
      <trkpt lat="33.308014" lon="126.506015">
        <ele>736.46</ele>
        <time>2025-10-13T18:16:18.303Z</time>
      </trkpt>
      <trkpt lat="33.307945" lon="126.505958">
        <ele>735.49</ele>
        <time>2025-10-13T18:16:30.046Z</time>
      </trkpt>
      <trkpt lat="33.307888" lon="126.505924">
        <ele>734.54</ele>
        <time>2025-10-13T18:16:38.966Z</time>
      </trkpt>
      <trkpt lat="33.30788" lon="126.505864">
        <ele>734.38</ele>
        <time>2025-10-13T18:16:46.078Z</time>
      </trkpt>
      <trkpt lat="33.307906" lon="126.505767">
        <ele>734.93</ele>
        <time>2025-10-13T18:16:58.002Z</time>
      </trkpt>
      <trkpt lat="33.307799" lon="126.505437">
        <ele>733.63</ele>
        <time>2025-10-13T18:17:39.435Z</time>
      </trkpt>
      <trkpt lat="33.307709" lon="126.50528">
        <ele>732.21</ele>
        <time>2025-10-13T18:18:01.720Z</time>
      </trkpt>
      <trkpt lat="33.307688" lon="126.505205">
        <ele>731.92</ele>
        <time>2025-10-13T18:18:11.688Z</time>
      </trkpt>
      <trkpt lat="33.307688" lon="126.505205">
        <ele>731.92</ele>
        <time>2025-10-13T18:18:11.688Z</time>
      </trkpt>
      <trkpt lat="33.30766" lon="126.505106">
        <ele>731.53</ele>
        <time>2025-10-13T18:18:24.859Z</time>
      </trkpt>
      <trkpt lat="33.307571" lon="126.504988">
        <ele>730.07</ele>
        <time>2025-10-13T18:18:44.890Z</time>
      </trkpt>
      <trkpt lat="33.307303" lon="126.504468">
        <ele>727.97</ele>
        <time>2025-10-13T18:20:01.882Z</time>
      </trkpt>
      <trkpt lat="33.307218" lon="126.504421">
        <ele>727.05</ele>
        <time>2025-10-13T18:20:16.002Z</time>
      </trkpt>
      <trkpt lat="33.307085" lon="126.504385">
        <ele>724.68</ele>
        <time>2025-10-13T18:20:36.564Z</time>
      </trkpt>
      <trkpt lat="33.30703" lon="126.504353">
        <ele>723.7</ele>
        <time>2025-10-13T18:20:45.786Z</time>
      </trkpt>
      <trkpt lat="33.306863" lon="126.504166">
        <ele>720.32</ele>
        <time>2025-10-13T18:21:20.276Z</time>
      </trkpt>
      <trkpt lat="33.30653" lon="126.504019">
        <ele>714.82</ele>
        <time>2025-10-13T18:22:13.799Z</time>
      </trkpt>
      <trkpt lat="33.306408" lon="126.50381">
        <ele>713.89</ele>
        <time>2025-10-13T18:22:45.927Z</time>
      </trkpt>
      <trkpt lat="33.306376" lon="126.503626">
        <ele>714.3</ele>
        <time>2025-10-13T18:23:09.612Z</time>
      </trkpt>
      <trkpt lat="33.306292" lon="126.503559">
        <ele>713.09</ele>
        <time>2025-10-13T18:23:24.835Z</time>
      </trkpt>
      <trkpt lat="33.306231" lon="126.503436">
        <ele>713.17</ele>
        <time>2025-10-13T18:23:42.860Z</time>
      </trkpt>
      <trkpt lat="33.306099" lon="126.503294">
        <ele>712.26</ele>
        <time>2025-10-13T18:24:09.627Z</time>
      </trkpt>
      <trkpt lat="33.306004" lon="126.503164">
        <ele>712.45</ele>
        <time>2025-10-13T18:24:31.390Z</time>
      </trkpt>
      <trkpt lat="33.305855" lon="126.502902">
        <ele>712.92</ele>
        <time>2025-10-13T18:25:11.328Z</time>
      </trkpt>
      <trkpt lat="33.305771" lon="126.502737">
        <ele>713.11</ele>
        <time>2025-10-13T18:25:35.676Z</time>
      </trkpt>
      <trkpt lat="33.305731" lon="126.502497">
        <ele>713.69</ele>
        <time>2025-10-13T18:26:06.518Z</time>
      </trkpt>
      <trkpt lat="33.305731" lon="126.502279">
        <ele>713.69</ele>
        <time>2025-10-13T18:26:33.992Z</time>
      </trkpt>
      <trkpt lat="33.305771" lon="126.502127">
        <ele>714.38</ele>
        <time>2025-10-13T18:26:54.075Z</time>
      </trkpt>
      <trkpt lat="33.305916" lon="126.501981">
        <ele>717.27</ele>
        <time>2025-10-13T18:27:22.652Z</time>
      </trkpt>
      <trkpt lat="33.305978" lon="126.501858">
        <ele>718.7</ele>
        <time>2025-10-13T18:27:40.754Z</time>
      </trkpt>
      <trkpt lat="33.306076" lon="126.501723">
        <ele>720.85</ele>
        <time>2025-10-13T18:28:03.289Z</time>
      </trkpt>
      <trkpt lat="33.306113" lon="126.501587">
        <ele>722.16</ele>
        <time>2025-10-13T18:28:21.314Z</time>
      </trkpt>
      <trkpt lat="33.306167" lon="126.501458">
        <ele>723.66</ele>
        <time>2025-10-13T18:28:39.496Z</time>
      </trkpt>
      <trkpt lat="33.306243" lon="126.501416">
        <ele>725.29</ele>
        <time>2025-10-13T18:28:52.119Z</time>
      </trkpt>
      <trkpt lat="33.306261" lon="126.501338">
        <ele>725.88</ele>
        <time>2025-10-13T18:29:02.316Z</time>
      </trkpt>
      <trkpt lat="33.306353" lon="126.501188">
        <ele>727.99</ele>
        <time>2025-10-13T18:29:25.764Z</time>
      </trkpt>
      <trkpt lat="33.306402" lon="126.50101">
        <ele>730.04</ele>
        <time>2025-10-13T18:29:49.382Z</time>
      </trkpt>
      <trkpt lat="33.306449" lon="126.500915">
        <ele>731.51</ele>
        <time>2025-10-13T18:30:03.295Z</time>
      </trkpt>
      <trkpt lat="33.306409" lon="126.500779">
        <ele>730.69</ele>
        <time>2025-10-13T18:30:21.465Z</time>
      </trkpt>
      <trkpt lat="33.306405" lon="126.500443">
        <ele>730.17</ele>
        <time>2025-10-13T18:31:03.814Z</time>
      </trkpt>
      <trkpt lat="33.306379" lon="126.50037">
        <ele>729.56</ele>
        <time>2025-10-13T18:31:13.814Z</time>
      </trkpt>
      <trkpt lat="33.306405" lon="126.500277">
        <ele>729.71</ele>
        <time>2025-10-13T18:31:26.172Z</time>
      </trkpt>
      <trkpt lat="33.306433" lon="126.500118">
        <ele>729.68</ele>
        <time>2025-10-13T18:31:46.650Z</time>
      </trkpt>
      <trkpt lat="33.306494" lon="126.500105">
        <ele>730.54</ele>
        <time>2025-10-13T18:31:55.993Z</time>
      </trkpt>
      <trkpt lat="33.306527" lon="126.500083">
        <ele>730.87</ele>
        <time>2025-10-13T18:32:01.689Z</time>
      </trkpt>
      <trkpt lat="33.30681" lon="126.499954">
        <ele>734.42</ele>
        <time>2025-10-13T18:32:47.356Z</time>
      </trkpt>
      <trkpt lat="33.306823" lon="126.499919">
        <ele>734.47</ele>
        <time>2025-10-13T18:32:52.182Z</time>
      </trkpt>
      <trkpt lat="33.306806" lon="126.499874">
        <ele>733.83</ele>
        <time>2025-10-13T18:32:58.405Z</time>
      </trkpt>
      <trkpt lat="33.30681" lon="126.499808">
        <ele>733.39</ele>
        <time>2025-10-13T18:33:06.744Z</time>
      </trkpt>
      <trkpt lat="33.306849" lon="126.499694">
        <ele>733.03</ele>
        <time>2025-10-13T18:33:22.268Z</time>
      </trkpt>
      <trkpt lat="33.306848" lon="126.499658">
        <ele>732.72</ele>
        <time>2025-10-13T18:33:26.807Z</time>
      </trkpt>
      <trkpt lat="33.306751" lon="126.499648">
        <ele>730.99</ele>
        <time>2025-10-13T18:33:41.488Z</time>
      </trkpt>
      <trkpt lat="33.306586" lon="126.499586">
        <ele>727.8</ele>
        <time>2025-10-13T18:34:07.567Z</time>
      </trkpt>
      <trkpt lat="33.30649" lon="126.499484">
        <ele>725.88</ele>
        <time>2025-10-13T18:34:26.927Z</time>
      </trkpt>
      <trkpt lat="33.306432" lon="126.499386">
        <ele>724.49</ele>
        <time>2025-10-13T18:34:42.060Z</time>
      </trkpt>
      <trkpt lat="33.306447" lon="126.499362">
        <ele>724.56</ele>
        <time>2025-10-13T18:34:45.989Z</time>
      </trkpt>
      <trkpt lat="33.306447" lon="126.499362">
        <ele>724.56</ele>
        <time>2025-10-13T18:34:45.989Z</time>
      </trkpt>
      <trkpt lat="33.306469" lon="126.499327">
        <ele>724.67</ele>
        <time>2025-10-13T18:34:51.731Z</time>
      </trkpt>
      <trkpt lat="33.306467" lon="126.499203">
        <ele>723.91</ele>
        <time>2025-10-13T18:35:07.993Z</time>
      </trkpt>
      <trkpt lat="33.306513" lon="126.499078">
        <ele>724.04</ele>
        <time>2025-10-13T18:35:25.902Z</time>
      </trkpt>
      <trkpt lat="33.306528" lon="126.498998">
        <ele>724.08</ele>
        <time>2025-10-13T18:35:36.652Z</time>
      </trkpt>
      <trkpt lat="33.306551" lon="126.498782">
        <ele>723.64</ele>
        <time>2025-10-13T18:36:05.204Z</time>
      </trkpt>
      <trkpt lat="33.306601" lon="126.498592">
        <ele>723.8</ele>
        <time>2025-10-13T18:36:31.323Z</time>
      </trkpt>
      <trkpt lat="33.306626" lon="126.498433">
        <ele>724.14</ele>
        <time>2025-10-13T18:36:52.537Z</time>
      </trkpt>
      <trkpt lat="33.306622" lon="126.49823">
        <ele>723.42</ele>
        <time>2025-10-13T18:37:19.163Z</time>
      </trkpt>
      <trkpt lat="33.306593" lon="126.497949">
        <ele>722.38</ele>
        <time>2025-10-13T18:37:56.289Z</time>
      </trkpt>
      <trkpt lat="33.306634" lon="126.497837">
        <ele>722.31</ele>
        <time>2025-10-13T18:38:12.322Z</time>
      </trkpt>
      <trkpt lat="33.30665" lon="126.497623">
        <ele>721.28</ele>
        <time>2025-10-13T18:38:40.495Z</time>
      </trkpt>
      <trkpt lat="33.306674" lon="126.497545">
        <ele>721.16</ele>
        <time>2025-10-13T18:38:51.394Z</time>
      </trkpt>
      <trkpt lat="33.306703" lon="126.497391">
        <ele>721.22</ele>
        <time>2025-10-13T18:39:12.093Z</time>
      </trkpt>
      <trkpt lat="33.306739" lon="126.497277">
        <ele>721.71</ele>
        <time>2025-10-13T18:39:28.072Z</time>
      </trkpt>
      <trkpt lat="33.306779" lon="126.497192">
        <ele>722.27</ele>
        <time>2025-10-13T18:39:40.863Z</time>
      </trkpt>
      <trkpt lat="33.306785" lon="126.497093">
        <ele>722.4</ele>
        <time>2025-10-13T18:39:53.878Z</time>
      </trkpt>
      <trkpt lat="33.30685" lon="126.496945">
        <ele>723.89</ele>
        <time>2025-10-13T18:40:15.801Z</time>
      </trkpt>
      <trkpt lat="33.30689" lon="126.496677">
        <ele>724.73</ele>
        <time>2025-10-13T18:40:51.498Z</time>
      </trkpt>
      <trkpt lat="33.30695" lon="126.496443">
        <ele>724.91</ele>
        <time>2025-10-13T18:41:23.593Z</time>
      </trkpt>
      <trkpt lat="33.307088" lon="126.496067">
        <ele>725.62</ele>
        <time>2025-10-13T18:42:17.441Z</time>
      </trkpt>
      <trkpt lat="33.307093" lon="126.495993">
        <ele>725.28</ele>
        <time>2025-10-13T18:42:27.175Z</time>
      </trkpt>
      <trkpt lat="33.307235" lon="126.495806">
        <ele>726.93</ele>
        <time>2025-10-13T18:43:00.305Z</time>
      </trkpt>
      <trkpt lat="33.307356" lon="126.495704">
        <ele>728.04</ele>
        <time>2025-10-13T18:43:23.527Z</time>
      </trkpt>
      <trkpt lat="33.307467" lon="126.495462">
        <ele>727.32</ele>
        <time>2025-10-13T18:43:59.724Z</time>
      </trkpt>
      <trkpt lat="33.307506" lon="126.495283">
        <ele>726.42</ele>
        <time>2025-10-13T18:44:23.979Z</time>
      </trkpt>
      <trkpt lat="33.307588" lon="126.495182">
        <ele>725.89</ele>
        <time>2025-10-13T18:44:42.442Z</time>
      </trkpt>
      <trkpt lat="33.307619" lon="126.495086">
        <ele>725.06</ele>
        <time>2025-10-13T18:44:55.936Z</time>
      </trkpt>
      <trkpt lat="33.307697" lon="126.49492">
        <ele>724.22</ele>
        <time>2025-10-13T18:45:20.907Z</time>
      </trkpt>
      <trkpt lat="33.307713" lon="126.494847">
        <ele>723.59</ele>
        <time>2025-10-13T18:45:30.802Z</time>
      </trkpt>
      <trkpt lat="33.307811" lon="126.49473">
        <ele>723.62</ele>
        <time>2025-10-13T18:45:52.522Z</time>
      </trkpt>
      <trkpt lat="33.307895" lon="126.49459">
        <ele>723.97</ele>
        <time>2025-10-13T18:46:15.120Z</time>
      </trkpt>
      <trkpt lat="33.307973" lon="126.4943">
        <ele>723.6</ele>
        <time>2025-10-13T18:46:55.066Z</time>
      </trkpt>
      <trkpt lat="33.307993" lon="126.494121">
        <ele>723.18</ele>
        <time>2025-10-13T18:47:18.746Z</time>
      </trkpt>
      <trkpt lat="33.308019" lon="126.494055">
        <ele>723.34</ele>
        <time>2025-10-13T18:47:28.313Z</time>
      </trkpt>
      <trkpt lat="33.308065" lon="126.493897">
        <ele>722.44</ele>
        <time>2025-10-13T18:47:50.251Z</time>
      </trkpt>
      <trkpt lat="33.308073" lon="126.493806">
        <ele>721.54</ele>
        <time>2025-10-13T18:48:02.249Z</time>
      </trkpt>
      <trkpt lat="33.308066" lon="126.493736">
        <ele>720.65</ele>
        <time>2025-10-13T18:48:11.493Z</time>
      </trkpt>
      <trkpt lat="33.308077" lon="126.493683">
        <ele>720.37</ele>
        <time>2025-10-13T18:48:18.653Z</time>
      </trkpt>
      <trkpt lat="33.30819" lon="126.49354">
        <ele>721.03</ele>
        <time>2025-10-13T18:48:44.458Z</time>
      </trkpt>
      <trkpt lat="33.308231" lon="126.493448">
        <ele>721.24</ele>
        <time>2025-10-13T18:48:58.129Z</time>
      </trkpt>
      <trkpt lat="33.308311" lon="126.493208">
        <ele>720.83</ele>
        <time>2025-10-13T18:49:32.009Z</time>
      </trkpt>
      <trkpt lat="33.308343" lon="126.493023">
        <ele>720.09</ele>
        <time>2025-10-13T18:49:56.781Z</time>
      </trkpt>
      <trkpt lat="33.308346" lon="126.492759">
        <ele>718.63</ele>
        <time>2025-10-13T18:50:31.400Z</time>
      </trkpt>
      <trkpt lat="33.308381" lon="126.492722">
        <ele>719.14</ele>
        <time>2025-10-13T18:50:38.727Z</time>
      </trkpt>
      <trkpt lat="33.308423" lon="126.492619">
        <ele>719.27</ele>
        <time>2025-10-13T18:50:53.754Z</time>
      </trkpt>
      <trkpt lat="33.308489" lon="126.492496">
        <ele>719.08</ele>
        <time>2025-10-13T18:51:12.920Z</time>
      </trkpt>
      <trkpt lat="33.30856" lon="126.492146">
        <ele>718.52</ele>
        <time>2025-10-13T18:52:00.145Z</time>
      </trkpt>
      <trkpt lat="33.308654" lon="126.491824">
        <ele>718.45</ele>
        <time>2025-10-13T18:52:44.868Z</time>
      </trkpt>
      <trkpt lat="33.308657" lon="126.491729">
        <ele>717.94</ele>
        <time>2025-10-13T18:52:57.333Z</time>
      </trkpt>
      <trkpt lat="33.308687" lon="126.491561">
        <ele>717.37</ele>
        <time>2025-10-13T18:53:19.859Z</time>
      </trkpt>
      <trkpt lat="33.308678" lon="126.491411">
        <ele>716.38</ele>
        <time>2025-10-13T18:53:39.578Z</time>
      </trkpt>
      <trkpt lat="33.308688" lon="126.49129">
        <ele>715.81</ele>
        <time>2025-10-13T18:53:55.521Z</time>
      </trkpt>
      <trkpt lat="33.308632" lon="126.491097">
        <ele>714.05</ele>
        <time>2025-10-13T18:54:22.309Z</time>
      </trkpt>
      <trkpt lat="33.308641" lon="126.49097">
        <ele>714.18</ele>
        <time>2025-10-13T18:54:39.021Z</time>
      </trkpt>
      <trkpt lat="33.308525" lon="126.490451">
        <ele>711.82</ele>
        <time>2025-10-13T18:55:49.465Z</time>
      </trkpt>
      <trkpt lat="33.308518" lon="126.490258">
        <ele>711.69</ele>
        <time>2025-10-13T18:56:14.795Z</time>
      </trkpt>
      <trkpt lat="33.308536" lon="126.490028">
        <ele>711.49</ele>
        <time>2025-10-13T18:56:45.085Z</time>
      </trkpt>
      <trkpt lat="33.308581" lon="126.489693">
        <ele>712.12</ele>
        <time>2025-10-13T18:57:29.575Z</time>
      </trkpt>
      <trkpt lat="33.308576" lon="126.489614">
        <ele>712.18</ele>
        <time>2025-10-13T18:57:39.963Z</time>
      </trkpt>
      <trkpt lat="33.30856" lon="126.489536">
        <ele>712.05</ele>
        <time>2025-10-13T18:57:50.494Z</time>
      </trkpt>
      <trkpt lat="33.308584" lon="126.489231">
        <ele>711.39</ele>
        <time>2025-10-13T18:58:30.663Z</time>
      </trkpt>
      <trkpt lat="33.308635" lon="126.488942">
        <ele>710.47</ele>
        <time>2025-10-13T18:59:09.393Z</time>
      </trkpt>
      <trkpt lat="33.308701" lon="126.488851">
        <ele>711.51</ele>
        <time>2025-10-13T18:59:25.192Z</time>
      </trkpt>
      <trkpt lat="33.308732" lon="126.488733">
        <ele>712.16</ele>
        <time>2025-10-13T18:59:41.411Z</time>
      </trkpt>
      <trkpt lat="33.308771" lon="126.488659">
        <ele>712.98</ele>
        <time>2025-10-13T18:59:52.882Z</time>
      </trkpt>
      <trkpt lat="33.308806" lon="126.488482">
        <ele>713.96</ele>
        <time>2025-10-13T19:00:16.731Z</time>
      </trkpt>
      <trkpt lat="33.308803" lon="126.488414">
        <ele>714.22</ele>
        <time>2025-10-13T19:00:25.659Z</time>
      </trkpt>
      <trkpt lat="33.308886" lon="126.488117">
        <ele>715.21</ele>
        <time>2025-10-13T19:01:06.722Z</time>
      </trkpt>
      <trkpt lat="33.308957" lon="126.487731">
        <ele>713.06</ele>
        <time>2025-10-13T19:01:58.546Z</time>
      </trkpt>
      <trkpt lat="33.309007" lon="126.487699">
        <ele>713.41</ele>
        <time>2025-10-13T19:02:07.442Z</time>
      </trkpt>
      <trkpt lat="33.308989" lon="126.487601">
        <ele>712.55</ele>
        <time>2025-10-13T19:02:20.598Z</time>
      </trkpt>
      <trkpt lat="33.309016" lon="126.487558">
        <ele>712.68</ele>
        <time>2025-10-13T19:02:27.650Z</time>
      </trkpt>
      <trkpt lat="33.309038" lon="126.48741">
        <ele>712.12</ele>
        <time>2025-10-13T19:02:47.360Z</time>
      </trkpt>
      <trkpt lat="33.309024" lon="126.487326">
        <ele>711.44</ele>
        <time>2025-10-13T19:02:58.591Z</time>
      </trkpt>
      <trkpt lat="33.30908" lon="126.487212">
        <ele>711.52</ele>
        <time>2025-10-13T19:03:15.930Z</time>
      </trkpt>
      <trkpt lat="33.309098" lon="126.487076">
        <ele>711.68</ele>
        <time>2025-10-13T19:03:33.984Z</time>
      </trkpt>
      <trkpt lat="33.309165" lon="126.486852">
        <ele>713.21</ele>
        <time>2025-10-13T19:04:05.180Z</time>
      </trkpt>
      <trkpt lat="33.30916" lon="126.486815">
        <ele>713.07</ele>
        <time>2025-10-13T19:04:10.094Z</time>
      </trkpt>
      <trkpt lat="33.309166" lon="126.486662">
        <ele>712.53</ele>
        <time>2025-10-13T19:04:30.177Z</time>
      </trkpt>
      <trkpt lat="33.309199" lon="126.486606">
        <ele>712.68</ele>
        <time>2025-10-13T19:04:39.161Z</time>
      </trkpt>
      <trkpt lat="33.309205" lon="126.486548">
        <ele>712.45</ele>
        <time>2025-10-13T19:04:46.824Z</time>
      </trkpt>
      <trkpt lat="33.309277" lon="126.486265">
        <ele>709.79</ele>
        <time>2025-10-13T19:05:25.613Z</time>
      </trkpt>
      <trkpt lat="33.309196" lon="126.486056">
        <ele>707.89</ele>
        <time>2025-10-13T19:05:55.821Z</time>
      </trkpt>
      <trkpt lat="33.309187" lon="126.485944">
        <ele>708.07</ele>
        <time>2025-10-13T19:06:10.574Z</time>
      </trkpt>
      <trkpt lat="33.309157" lon="126.485851">
        <ele>709.27</ele>
        <time>2025-10-13T19:06:23.645Z</time>
      </trkpt>
      <trkpt lat="33.30918" lon="126.485784">
        <ele>710.78</ele>
        <time>2025-10-13T19:06:33.142Z</time>
      </trkpt>
      <trkpt lat="33.309171" lon="126.485621">
        <ele>713.48</ele>
        <time>2025-10-13T19:06:54.561Z</time>
      </trkpt>
      <trkpt lat="33.309138" lon="126.485564">
        <ele>714.04</ele>
        <time>2025-10-13T19:07:03.653Z</time>
      </trkpt>
      <trkpt lat="33.309169" lon="126.485387">
        <ele>717.2</ele>
        <time>2025-10-13T19:07:27.365Z</time>
      </trkpt>
      <trkpt lat="33.309255" lon="126.485207">
        <ele>719.5</ele>
        <time>2025-10-13T19:07:54.551Z</time>
      </trkpt>
      <trkpt lat="33.309257" lon="126.485047">
        <ele>719.43</ele>
        <time>2025-10-13T19:08:15.532Z</time>
      </trkpt>
      <trkpt lat="33.309318" lon="126.484756">
        <ele>718.8</ele>
        <time>2025-10-13T19:08:54.870Z</time>
      </trkpt>
      <trkpt lat="33.309472" lon="126.484389">
        <ele>719.62</ele>
        <time>2025-10-13T19:09:48.717Z</time>
      </trkpt>
      <trkpt lat="33.30953" lon="126.484275">
        <ele>719.47</ele>
        <time>2025-10-13T19:10:06.217Z</time>
      </trkpt>
      <trkpt lat="33.309611" lon="126.48398">
        <ele>718.76</ele>
        <time>2025-10-13T19:10:46.932Z</time>
      </trkpt>
      <trkpt lat="33.309692" lon="126.48385">
        <ele>719.23</ele>
        <time>2025-10-13T19:11:08.194Z</time>
      </trkpt>
      <trkpt lat="33.309717" lon="126.483775">
        <ele>719.27</ele>
        <time>2025-10-13T19:11:18.781Z</time>
      </trkpt>
      <trkpt lat="33.309754" lon="126.483721">
        <ele>719.63</ele>
        <time>2025-10-13T19:11:27.937Z</time>
      </trkpt>
      <trkpt lat="33.309754" lon="126.483701">
        <ele>719.52</ele>
        <time>2025-10-13T19:11:30.559Z</time>
      </trkpt>
      <trkpt lat="33.309731" lon="126.48363">
        <ele>718.79</ele>
        <time>2025-10-13T19:11:40.543Z</time>
      </trkpt>
      <trkpt lat="33.309738" lon="126.483571">
        <ele>718.54</ele>
        <time>2025-10-13T19:11:48.356Z</time>
      </trkpt>
      <trkpt lat="33.309733" lon="126.483489">
        <ele>717.73</ele>
        <time>2025-10-13T19:11:59.136Z</time>
      </trkpt>
      <trkpt lat="33.30975" lon="126.483404">
        <ele>717.02</ele>
        <time>2025-10-13T19:12:11.681Z</time>
      </trkpt>
      <trkpt lat="33.30975" lon="126.483404">
        <ele>717.03</ele>
        <time>2025-10-13T19:12:11.681Z</time>
      </trkpt>
      <trkpt lat="33.309754" lon="126.483384">
        <ele>716.86</ele>
        <time>2025-10-13T19:12:14.632Z</time>
      </trkpt>
      <trkpt lat="33.309812" lon="126.483316">
        <ele>716.47</ele>
        <time>2025-10-13T19:12:28.579Z</time>
      </trkpt>
      <trkpt lat="33.309912" lon="126.483164">
        <ele>715.41</ele>
        <time>2025-10-13T19:12:56.347Z</time>
      </trkpt>
      <trkpt lat="33.309925" lon="126.483101">
        <ele>714.77</ele>
        <time>2025-10-13T19:13:05.661Z</time>
      </trkpt>
      <trkpt lat="33.310023" lon="126.48305">
        <ele>714.85</ele>
        <time>2025-10-13T19:13:24.016Z</time>
      </trkpt>
      <trkpt lat="33.310133" lon="126.482947">
        <ele>714.67</ele>
        <time>2025-10-13T19:13:48.007Z</time>
      </trkpt>
      <trkpt lat="33.310149" lon="126.482943">
        <ele>714.81</ele>
        <time>2025-10-13T19:13:50.814Z</time>
      </trkpt>
      <trkpt lat="33.31024" lon="126.482807">
        <ele>714.61</ele>
        <time>2025-10-13T19:14:15.822Z</time>
      </trkpt>
      <trkpt lat="33.310312" lon="126.482738">
        <ele>714.77</ele>
        <time>2025-10-13T19:14:31.666Z</time>
      </trkpt>
      <trkpt lat="33.310422" lon="126.482598">
        <ele>714.93</ele>
        <time>2025-10-13T19:14:59.249Z</time>
      </trkpt>
      <trkpt lat="33.310552" lon="126.482538">
        <ele>715.48</ele>
        <time>2025-10-13T19:15:23.181Z</time>
      </trkpt>
      <trkpt lat="33.310612" lon="126.482461">
        <ele>715.45</ele>
        <time>2025-10-13T19:15:38.293Z</time>
      </trkpt>
      <trkpt lat="33.310725" lon="126.482356">
        <ele>715.63</ele>
        <time>2025-10-13T19:16:02.867Z</time>
      </trkpt>
      <trkpt lat="33.310836" lon="126.48223">
        <ele>715.91</ele>
        <time>2025-10-13T19:16:29.146Z</time>
      </trkpt>
      <trkpt lat="33.310926" lon="126.482118">
        <ele>716.63</ele>
        <time>2025-10-13T19:16:51.449Z</time>
      </trkpt>
      <trkpt lat="33.310969" lon="126.481994">
        <ele>716.63</ele>
        <time>2025-10-13T19:17:10.720Z</time>
      </trkpt>
      <trkpt lat="33.310982" lon="126.481826">
        <ele>717.75</ele>
        <time>2025-10-13T19:17:34.938Z</time>
      </trkpt>
      <trkpt lat="33.311048" lon="126.481785">
        <ele>718.67</ele>
        <time>2025-10-13T19:17:47.711Z</time>
      </trkpt>
      <trkpt lat="33.311126" lon="126.481675">
        <ele>719.72</ele>
        <time>2025-10-13T19:18:08.418Z</time>
      </trkpt>
      <trkpt lat="33.31119" lon="126.481565">
        <ele>721.21</ele>
        <time>2025-10-13T19:18:27.657Z</time>
      </trkpt>
      <trkpt lat="33.311319" lon="126.48143">
        <ele>722.72</ele>
        <time>2025-10-13T19:18:57.093Z</time>
      </trkpt>
      <trkpt lat="33.311387" lon="126.48138">
        <ele>723.19</ele>
        <time>2025-10-13T19:19:10.801Z</time>
      </trkpt>
      <trkpt lat="33.311482" lon="126.481209">
        <ele>723.32</ele>
        <time>2025-10-13T19:19:40.275Z</time>
      </trkpt>
      <trkpt lat="33.311572" lon="126.481118">
        <ele>723.48</ele>
        <time>2025-10-13T19:20:00.513Z</time>
      </trkpt>
      <trkpt lat="33.311591" lon="126.481048">
        <ele>723.61</ele>
        <time>2025-10-13T19:20:11.077Z</time>
      </trkpt>
      <trkpt lat="33.311632" lon="126.480977">
        <ele>723.9</ele>
        <time>2025-10-13T19:20:23.464Z</time>
      </trkpt>
      <trkpt lat="33.311704" lon="126.480957">
        <ele>724.4</ele>
        <time>2025-10-13T19:20:36.159Z</time>
      </trkpt>
      <trkpt lat="33.311787" lon="126.480914">
        <ele>724.97</ele>
        <time>2025-10-13T19:20:51.694Z</time>
      </trkpt>
      <trkpt lat="33.311826" lon="126.480831">
        <ele>725.45</ele>
        <time>2025-10-13T19:21:05.362Z</time>
      </trkpt>
      <trkpt lat="33.311869" lon="126.480814">
        <ele>726.06</ele>
        <time>2025-10-13T19:21:13.140Z</time>
      </trkpt>
      <trkpt lat="33.3119" lon="126.480765">
        <ele>726.57</ele>
        <time>2025-10-13T19:21:21.961Z</time>
      </trkpt>
      <trkpt lat="33.311935" lon="126.480732">
        <ele>727</ele>
        <time>2025-10-13T19:21:29.614Z</time>
      </trkpt>
      <trkpt lat="33.311974" lon="126.480652">
        <ele>727.52</ele>
        <time>2025-10-13T19:21:42.908Z</time>
      </trkpt>
      <trkpt lat="33.312051" lon="126.480589">
        <ele>728.67</ele>
        <time>2025-10-13T19:21:58.929Z</time>
      </trkpt>
      <trkpt lat="33.312044" lon="126.48046">
        <ele>728.76</ele>
        <time>2025-10-13T19:22:17.484Z</time>
      </trkpt>
      <trkpt lat="33.312007" lon="126.48035">
        <ele>728.82</ele>
        <time>2025-10-13T19:22:34.504Z</time>
      </trkpt>
      <trkpt lat="33.311963" lon="126.480276">
        <ele>728.44</ele>
        <time>2025-10-13T19:22:47.540Z</time>
      </trkpt>
      <trkpt lat="33.311973" lon="126.48019">
        <ele>728.94</ele>
        <time>2025-10-13T19:23:00.003Z</time>
      </trkpt>
      <trkpt lat="33.311852" lon="126.480008">
        <ele>729.04</ele>
        <time>2025-10-13T19:23:33.386Z</time>
      </trkpt>
      <trkpt lat="33.311871" lon="126.479959">
        <ele>729.46</ele>
        <time>2025-10-13T19:23:41.139Z</time>
      </trkpt>
      <trkpt lat="33.311821" lon="126.47983">
        <ele>729.86</ele>
        <time>2025-10-13T19:24:01.550Z</time>
      </trkpt>
      <trkpt lat="33.311815" lon="126.479639">
        <ele>730.93</ele>
        <time>2025-10-13T19:24:28.985Z</time>
      </trkpt>
      <trkpt lat="33.311856" lon="126.479441">
        <ele>731.87</ele>
        <time>2025-10-13T19:24:58.265Z</time>
      </trkpt>
      <trkpt lat="33.311861" lon="126.479272">
        <ele>731.98</ele>
        <time>2025-10-13T19:25:22.538Z</time>
      </trkpt>
      <trkpt lat="33.31189" lon="126.479191">
        <ele>732.39</ele>
        <time>2025-10-13T19:25:35.187Z</time>
      </trkpt>
      <trkpt lat="33.311916" lon="126.479026">
        <ele>732.72</ele>
        <time>2025-10-13T19:25:59.760Z</time>
      </trkpt>
      <trkpt lat="33.311916" lon="126.479026">
        <ele>732.72</ele>
        <time>2025-10-13T19:25:59.760Z</time>
      </trkpt>
      <trkpt lat="33.311929" lon="126.478939">
        <ele>732.9</ele>
        <time>2025-10-13T19:26:12.694Z</time>
      </trkpt>
      <trkpt lat="33.311976" lon="126.478854">
        <ele>733.26</ele>
        <time>2025-10-13T19:26:27.610Z</time>
      </trkpt>
      <trkpt lat="33.312074" lon="126.478768">
        <ele>734.12</ele>
        <time>2025-10-13T19:26:48.892Z</time>
      </trkpt>
      <trkpt lat="33.312162" lon="126.478717">
        <ele>734.47</ele>
        <time>2025-10-13T19:27:06.015Z</time>
      </trkpt>
      <trkpt lat="33.312215" lon="126.478732">
        <ele>734.92</ele>
        <time>2025-10-13T19:27:15.552Z</time>
      </trkpt>
      <trkpt lat="33.312282" lon="126.478721">
        <ele>735.75</ele>
        <time>2025-10-13T19:27:27.395Z</time>
      </trkpt>
      <trkpt lat="33.312402" lon="126.478589">
        <ele>736.4</ele>
        <time>2025-10-13T19:27:55.939Z</time>
      </trkpt>
      <trkpt lat="33.312478" lon="126.478577">
        <ele>736.85</ele>
        <time>2025-10-13T19:28:09.363Z</time>
      </trkpt>
      <trkpt lat="33.31257" lon="126.478542">
        <ele>737.29</ele>
        <time>2025-10-13T19:28:26.269Z</time>
      </trkpt>
      <trkpt lat="33.312619" lon="126.478515">
        <ele>737.47</ele>
        <time>2025-10-13T19:28:35.716Z</time>
      </trkpt>
      <trkpt lat="33.31266" lon="126.478454">
        <ele>737.4</ele>
        <time>2025-10-13T19:28:47.172Z</time>
      </trkpt>
      <trkpt lat="33.312723" lon="126.478442">
        <ele>737.77</ele>
        <time>2025-10-13T19:28:58.343Z</time>
      </trkpt>
      <trkpt lat="33.312793" lon="126.478406">
        <ele>738.05</ele>
        <time>2025-10-13T19:29:11.685Z</time>
      </trkpt>
      <trkpt lat="33.31282" lon="126.478337">
        <ele>737.4</ele>
        <time>2025-10-13T19:29:22.835Z</time>
      </trkpt>
      <trkpt lat="33.312881" lon="126.478289">
        <ele>737.15</ele>
        <time>2025-10-13T19:29:35.620Z</time>
      </trkpt>
      <trkpt lat="33.312888" lon="126.478233">
        <ele>736.72</ele>
        <time>2025-10-13T19:29:43.906Z</time>
      </trkpt>
      <trkpt lat="33.312961" lon="126.478183">
        <ele>737.15</ele>
        <time>2025-10-13T19:29:58.636Z</time>
      </trkpt>
      <trkpt lat="33.313057" lon="126.478158">
        <ele>737.81</ele>
        <time>2025-10-13T19:30:15.841Z</time>
      </trkpt>
      <trkpt lat="33.313278" lon="126.478172">
        <ele>740.17</ele>
        <time>2025-10-13T19:30:54.597Z</time>
      </trkpt>
      <trkpt lat="33.313389" lon="126.478188">
        <ele>741.21</ele>
        <time>2025-10-13T19:31:14.176Z</time>
      </trkpt>
      <trkpt lat="33.313498" lon="126.47822">
        <ele>742.75</ele>
        <time>2025-10-13T19:31:33.830Z</time>
      </trkpt>
      <trkpt lat="33.313566" lon="126.478195">
        <ele>743.19</ele>
        <time>2025-10-13T19:31:46.287Z</time>
      </trkpt>
      <trkpt lat="33.313648" lon="126.478195">
        <ele>743.77</ele>
        <time>2025-10-13T19:32:00.647Z</time>
      </trkpt>
      <trkpt lat="33.313754" lon="126.478169">
        <ele>743.9</ele>
        <time>2025-10-13T19:32:19.596Z</time>
      </trkpt>
      <trkpt lat="33.313776" lon="126.478133">
        <ele>743.98</ele>
        <time>2025-10-13T19:32:25.929Z</time>
      </trkpt>
      <trkpt lat="33.313776" lon="126.478133">
        <ele>743.98</ele>
        <time>2025-10-13T19:32:25.929Z</time>
      </trkpt>
      <trkpt lat="33.313833" lon="126.478036">
        <ele>744.21</ele>
        <time>2025-10-13T19:32:42.769Z</time>
      </trkpt>
      <trkpt lat="33.313839" lon="126.477889">
        <ele>744.25</ele>
        <time>2025-10-13T19:33:03.670Z</time>
      </trkpt>
      <trkpt lat="33.313854" lon="126.477827">
        <ele>744.06</ele>
        <time>2025-10-13T19:33:12.836Z</time>
      </trkpt>
      <trkpt lat="33.313794" lon="126.477559">
        <ele>742.94</ele>
        <time>2025-10-13T19:33:52.238Z</time>
      </trkpt>
      <trkpt lat="33.313744" lon="126.477485">
        <ele>742.42</ele>
        <time>2025-10-13T19:34:05.752Z</time>
      </trkpt>
      <trkpt lat="33.313751" lon="126.477379">
        <ele>742.06</ele>
        <time>2025-10-13T19:34:20.852Z</time>
      </trkpt>
      <trkpt lat="33.313657" lon="126.47718">
        <ele>740.88</ele>
        <time>2025-10-13T19:34:53.315Z</time>
      </trkpt>
      <trkpt lat="33.313581" lon="126.477151">
        <ele>740.13</ele>
        <time>2025-10-13T19:35:06.871Z</time>
      </trkpt>
      <trkpt lat="33.313453" lon="126.477011">
        <ele>738.49</ele>
        <time>2025-10-13T19:35:36.341Z</time>
      </trkpt>
      <trkpt lat="33.313381" lon="126.476913">
        <ele>736.85</ele>
        <time>2025-10-13T19:35:54.872Z</time>
      </trkpt>
      <trkpt lat="33.313383" lon="126.476877">
        <ele>736.45</ele>
        <time>2025-10-13T19:35:59.995Z</time>
      </trkpt>
      <trkpt lat="33.313466" lon="126.476711">
        <ele>734.58</ele>
        <time>2025-10-13T19:36:27.467Z</time>
      </trkpt>
      <trkpt lat="33.313471" lon="126.476616">
        <ele>733.33</ele>
        <time>2025-10-13T19:36:40.985Z</time>
      </trkpt>
      <trkpt lat="33.313449" lon="126.476527">
        <ele>732.29</ele>
        <time>2025-10-13T19:36:54.165Z</time>
      </trkpt>
      <trkpt lat="33.313409" lon="126.476444">
        <ele>731</ele>
        <time>2025-10-13T19:37:07.772Z</time>
      </trkpt>
      <trkpt lat="33.313397" lon="126.476293">
        <ele>728.4</ele>
        <time>2025-10-13T19:37:29.313Z</time>
      </trkpt>
      <trkpt lat="33.313425" lon="126.476205">
        <ele>727.1</ele>
        <time>2025-10-13T19:37:42.685Z</time>
      </trkpt>
      <trkpt lat="33.313377" lon="126.476095">
        <ele>725.32</ele>
        <time>2025-10-13T19:38:00.308Z</time>
      </trkpt>
      <trkpt lat="33.313389" lon="126.475997">
        <ele>724.26</ele>
        <time>2025-10-13T19:38:14.374Z</time>
      </trkpt>
      <trkpt lat="33.313387" lon="126.47588">
        <ele>723.49</ele>
        <time>2025-10-13T19:38:33.697Z</time>
      </trkpt>
      <trkpt lat="33.313387" lon="126.47588">
        <ele>723.49</ele>
        <time>2025-10-13T19:38:33.697Z</time>
      </trkpt>
      <trkpt lat="33.313522" lon="126.475586">
        <ele>723.68</ele>
        <time>2025-10-13T19:39:29.089Z</time>
      </trkpt>
      <trkpt lat="33.313626" lon="126.475452">
        <ele>722.78</ele>
        <time>2025-10-13T19:39:59.286Z</time>
      </trkpt>
      <trkpt lat="33.313701" lon="126.475374">
        <ele>722.05</ele>
        <time>2025-10-13T19:40:18.920Z</time>
      </trkpt>
      <trkpt lat="33.313755" lon="126.475297">
        <ele>721.66</ele>
        <time>2025-10-13T19:40:35.518Z</time>
      </trkpt>
      <trkpt lat="33.313789" lon="126.475282">
        <ele>721.8</ele>
        <time>2025-10-13T19:40:42.678Z</time>
      </trkpt>
      <trkpt lat="33.313867" lon="126.475114">
        <ele>722.72</ele>
        <time>2025-10-13T19:41:14.412Z</time>
      </trkpt>
      <trkpt lat="33.313847" lon="126.474937">
        <ele>721.2</ele>
        <time>2025-10-13T19:41:43.905Z</time>
      </trkpt>
      <trkpt lat="33.313863" lon="126.474817">
        <ele>721.34</ele>
        <time>2025-10-13T19:42:03.970Z</time>
      </trkpt>
      <trkpt lat="33.313825" lon="126.474678">
        <ele>719.96</ele>
        <time>2025-10-13T19:42:28.119Z</time>
      </trkpt>
      <trkpt lat="33.313697" lon="126.474329">
        <ele>716.78</ele>
        <time>2025-10-13T19:43:31.053Z</time>
      </trkpt>
      <trkpt lat="33.313643" lon="126.474267">
        <ele>715.77</ele>
        <time>2025-10-13T19:43:45.840Z</time>
      </trkpt>
      <trkpt lat="33.313547" lon="126.474237">
        <ele>714.61</ele>
        <time>2025-10-13T19:44:05.445Z</time>
      </trkpt>
      <trkpt lat="33.313462" lon="126.474131">
        <ele>713.97</ele>
        <time>2025-10-13T19:44:29.703Z</time>
      </trkpt>
      <trkpt lat="33.313374" lon="126.474102">
        <ele>712.93</ele>
        <time>2025-10-13T19:44:47.738Z</time>
      </trkpt>
      <trkpt lat="33.313291" lon="126.474062">
        <ele>712.17</ele>
        <time>2025-10-13T19:45:05.418Z</time>
      </trkpt>
      <trkpt lat="33.313172" lon="126.473935">
        <ele>712.06</ele>
        <time>2025-10-13T19:45:36.924Z</time>
      </trkpt>
      <trkpt lat="33.313385" lon="126.473825">
        <ele>714.75</ele>
        <time>2025-10-13T19:46:22.763Z</time>
      </trkpt>
      <trkpt lat="33.313390016555786" lon="126.47384000010788">
        <ele>709.2</ele>
        <time>2025-10-13T19:46:25.430Z</time>
      </trkpt>
      <trkpt lat="33.31356997601688" lon="126.47389004006982">
        <ele>710.3</ele>
        <time>2025-10-13T19:46:26.238Z</time>
      </trkpt>
      <trkpt lat="33.31372001208365" lon="126.47404996678233">
        <ele>712.3</ele>
        <time>2025-10-13T19:47:08.238Z</time>
      </trkpt>
      <trkpt lat="33.31391002982855" lon="126.47412003949285">
        <ele>714.5</ele>
        <time>2025-10-13T19:47:46.238Z</time>
      </trkpt>
      <trkpt lat="33.31405000761151" lon="126.47427996620536">
        <ele>717.3</ele>
        <time>2025-10-13T19:48:28.238Z</time>
      </trkpt>
      <trkpt lat="33.31424002535641" lon="126.47435003891587">
        <ele>721</ele>
        <time>2025-10-13T19:49:15.238Z</time>
      </trkpt>
      <trkpt lat="33.314419984817505" lon="126.4744399767369">
        <ele>724.1</ele>
        <time>2025-10-13T19:49:53.238Z</time>
      </trkpt>
      <trkpt lat="33.31460002809763" lon="126.47449001669884">
        <ele>726.9</ele>
        <time>2025-10-13T19:50:26.238Z</time>
      </trkpt>
      <trkpt lat="33.31477998755872" lon="126.47452999837697">
        <ele>730.2</ele>
        <time>2025-10-13T19:51:04.238Z</time>
      </trkpt>
      <trkpt lat="33.31486003473401" lon="126.47475002333522">
        <ele>733.5</ele>
        <time>2025-10-13T19:51:42.238Z</time>
      </trkpt>
      <trkpt lat="33.314760038629174" lon="126.47495999000967">
        <ele>736.6</ele>
        <time>2025-10-13T19:52:20.238Z</time>
      </trkpt>
      <trkpt lat="33.31488995812833" lon="126.47512997500598">
        <ele>740.5</ele>
        <time>2025-10-13T19:53:08.238Z</time>
      </trkpt>
      <trkpt lat="33.31507000140846" lon="126.47521999664605">
        <ele>743.5</ele>
        <time>2025-10-13T19:53:46.238Z</time>
      </trkpt>
      <trkpt lat="33.31524996086955" lon="126.4752999600023">
        <ele>746</ele>
        <time>2025-10-13T19:54:20.238Z</time>
      </trkpt>
      <trkpt lat="33.315430004149675" lon="126.47534999996424">
        <ele>748.7</ele>
        <time>2025-10-13T19:54:58.238Z</time>
      </trkpt>
      <trkpt lat="33.315560007467866" lon="126.47551998496056">
        <ele>750.6</ele>
        <time>2025-10-13T19:55:27.238Z</time>
      </trkpt>
      <trkpt lat="33.31569001078606" lon="126.47570002824068">
        <ele>753.2</ele>
        <time>2025-10-13T19:56:10.238Z</time>
      </trkpt>
      <trkpt lat="33.31582998856902" lon="126.47587998770177">
        <ele>755.3</ele>
        <time>2025-10-13T19:56:48.238Z</time>
      </trkpt>
      <trkpt lat="33.31593995913863" lon="126.47607997991145">
        <ele>757.2</ele>
        <time>2025-10-13T19:57:27.238Z</time>
      </trkpt>
      <trkpt lat="33.31608002074063" lon="126.47623999044299">
        <ele>758.6</ele>
        <time>2025-10-13T19:58:01.238Z</time>
      </trkpt>
      <trkpt lat="33.31625000573695" lon="126.47637996822596">
        <ele>760.2</ele>
        <time>2025-10-13T19:58:39.238Z</time>
      </trkpt>
      <trkpt lat="33.31641001626849" lon="126.47653000429273">
        <ele>761.5</ele>
        <time>2025-10-13T19:59:18.238Z</time>
      </trkpt>
      <trkpt lat="33.31654999405146" lon="126.47666998207569">
        <ele>762.6</ele>
        <time>2025-10-13T19:59:52.238Z</time>
      </trkpt>
      <trkpt lat="33.31670003011823" lon="126.47679998539388">
        <ele>763.8</ele>
        <time>2025-10-13T20:00:31.238Z</time>
      </trkpt>
      <trkpt lat="33.316870015114546" lon="126.47691003978252">
        <ele>764.8</ele>
        <time>2025-10-13T20:01:05.238Z</time>
      </trkpt>
      <trkpt lat="33.31704997457564" lon="126.47699997760355">
        <ele>765.7</ele>
        <time>2025-10-13T20:01:34.238Z</time>
      </trkpt>
      <trkpt lat="33.31723001785576" lon="126.47708002477884">
        <ele>766.9</ele>
        <time>2025-10-13T20:02:13.238Z</time>
      </trkpt>
      <trkpt lat="33.31717997789383" lon="126.47729996591806">
        <ele>769</ele>
        <time>2025-10-13T20:03:16.238Z</time>
      </trkpt>
      <trkpt lat="33.31730998121202" lon="126.47745997644961">
        <ele>770.6</ele>
        <time>2025-10-13T20:04:00.238Z</time>
      </trkpt>
      <trkpt lat="33.31749999895692" lon="126.47752996534109">
        <ele>772.3</ele>
        <time>2025-10-13T20:04:39.238Z</time>
      </trkpt>
      <trkpt lat="33.31766000948846" lon="126.47767002694309">
        <ele>774.1</ele>
        <time>2025-10-13T20:05:18.238Z</time>
      </trkpt>
      <trkpt lat="33.31785002723336" lon="126.47774999029934">
        <ele>776.3</ele>
        <time>2025-10-13T20:06:03.238Z</time>
      </trkpt>
      <trkpt lat="33.31803996115923" lon="126.4778400119394">
        <ele>778.6</ele>
        <time>2025-10-13T20:06:47.238Z</time>
      </trkpt>
      <trkpt lat="33.31821002997458" lon="126.47791997529566">
        <ele>780.8</ele>
        <time>2025-10-13T20:07:26.238Z</time>
      </trkpt>
      <trkpt lat="33.31838998943567" lon="126.47797998972237">
        <ele>783</ele>
        <time>2025-10-13T20:08:06.238Z</time>
      </trkpt>
      <trkpt lat="33.31858000718057" lon="126.47804000414908">
        <ele>785.7</ele>
        <time>2025-10-13T20:08:50.238Z</time>
      </trkpt>
      <trkpt lat="33.318779999390244" lon="126.47814000025392">
        <ele>787.8</ele>
        <time>2025-10-13T20:09:25.238Z</time>
      </trkpt>
      <trkpt lat="33.31894998438656" lon="126.47823999635875">
        <ele>790.2</ele>
        <time>2025-10-13T20:10:04.238Z</time>
      </trkpt>
      <trkpt lat="33.319149976596236" lon="126.47831995971501">
        <ele>792.4</ele>
        <time>2025-10-13T20:10:39.238Z</time>
      </trkpt>
      <trkpt lat="33.31930998712778" lon="126.4784499630332">
        <ele>794.9</ele>
        <time>2025-10-13T20:11:19.238Z</time>
      </trkpt>
      <trkpt lat="33.3194799721241" lon="126.47853998467326">
        <ele>797.9</ele>
        <time>2025-10-13T20:12:03.238Z</time>
      </trkpt>
      <trkpt lat="33.319639982655644" lon="126.4786500390619">
        <ele>800.9</ele>
        <time>2025-10-13T20:12:48.238Z</time>
      </trkpt>
      <trkpt lat="33.31982002593577" lon="126.47876998409629">
        <ele>803.6</ele>
        <time>2025-10-13T20:13:28.238Z</time>
      </trkpt>
      <trkpt lat="33.31999998539686" lon="126.478829998523">
        <ele>806.5</ele>
        <time>2025-10-13T20:14:08.238Z</time>
      </trkpt>
      <trkpt lat="33.32019000314176" lon="126.47886000573635">
        <ele>809.4</ele>
        <time>2025-10-13T20:14:48.238Z</time>
      </trkpt>
      <trkpt lat="33.32038002088666" lon="126.47888003848493">
        <ele>812.4</ele>
        <time>2025-10-13T20:15:28.238Z</time>
      </trkpt>
      <trkpt lat="33.32055998034775" lon="126.47893996909261">
        <ele>815.5</ele>
        <time>2025-10-13T20:16:08.238Z</time>
      </trkpt>
      <trkpt lat="33.320759972557425" lon="126.47896997630596">
        <ele>818.6</ele>
        <time>2025-10-13T20:16:48.238Z</time>
      </trkpt>
      <trkpt lat="33.320949990302324" lon="126.47899998351932">
        <ele>821.7</ele>
        <time>2025-10-13T20:17:28.238Z</time>
      </trkpt>
      <trkpt lat="33.32111000083387" lon="126.47913996130228">
        <ele>824.9</ele>
        <time>2025-10-13T20:18:08.238Z</time>
      </trkpt>
      <trkpt lat="33.321249978616834" lon="126.47928999736905">
        <ele>828.2</ele>
        <time>2025-10-13T20:18:49.238Z</time>
      </trkpt>
      <trkpt lat="33.321400014683604" lon="126.47942000068724">
        <ele>831.1</ele>
        <time>2025-10-13T20:19:24.238Z</time>
      </trkpt>
      <trkpt lat="33.32153999246657" lon="126.47958998568356">
        <ele>834.4</ele>
        <time>2025-10-13T20:20:04.238Z</time>
      </trkpt>
      <trkpt lat="33.321720035746694" lon="126.47971998900175">
        <ele>837.3</ele>
        <time>2025-10-13T20:20:40.238Z</time>
      </trkpt>
      <trkpt lat="33.32186998799443" lon="126.47985996678472">
        <ele>839.8</ele>
        <time>2025-10-13T20:21:10.238Z</time>
      </trkpt>
      <trkpt lat="33.32205003127456" lon="126.47997002117336">
        <ele>842.4</ele>
        <time>2025-10-13T20:21:40.238Z</time>
      </trkpt>
      <trkpt lat="33.322199983522296" lon="126.48008996620774">
        <ele>845.8</ele>
        <time>2025-10-13T20:22:21.238Z</time>
      </trkpt>
      <trkpt lat="33.32232998684049" lon="126.48024000227451">
        <ele>848.9</ele>
        <time>2025-10-13T20:22:57.238Z</time>
      </trkpt>
      <trkpt lat="33.32248002290726" lon="126.48037998005748">
        <ele>852.4</ele>
        <time>2025-10-13T20:23:37.238Z</time>
      </trkpt>
      <trkpt lat="33.322650007903576" lon="126.48047000169754">
        <ele>855.5</ele>
        <time>2025-10-13T20:24:13.238Z</time>
      </trkpt>
      <trkpt lat="33.322799960151315" lon="126.48059003055096">
        <ele>858.6</ele>
        <time>2025-10-13T20:24:49.238Z</time>
      </trkpt>
      <trkpt lat="33.32294002175331" lon="126.4807500410825">
        <ele>862.5</ele>
        <time>2025-10-13T20:25:35.238Z</time>
      </trkpt>
      <trkpt lat="33.32308997400105" lon="126.48090996779501">
        <ele>865.9</ele>
        <time>2025-10-13T20:26:16.238Z</time>
      </trkpt>
      <trkpt lat="33.32321997731924" lon="126.48106997832656">
        <ele>868.8</ele>
        <time>2025-10-13T20:26:51.238Z</time>
      </trkpt>
      <trkpt lat="33.323379987850785" lon="126.4812299888581">
        <ele>871.7</ele>
        <time>2025-10-13T20:27:27.238Z</time>
      </trkpt>
      <trkpt lat="33.3235000167042" lon="126.481420006603">
        <ele>874.4</ele>
        <time>2025-10-13T20:28:03.238Z</time>
      </trkpt>
      <trkpt lat="33.323660027235746" lon="126.48155998438597">
        <ele>877.4</ele>
        <time>2025-10-13T20:28:44.238Z</time>
      </trkpt>
      <trkpt lat="33.32383998669684" lon="126.48164003156126">
        <ele>880.3</ele>
        <time>2025-10-13T20:29:25.238Z</time>
      </trkpt>
      <trkpt lat="33.323999997228384" lon="126.48174002766609">
        <ele>883</ele>
        <time>2025-10-13T20:30:07.238Z</time>
      </trkpt>
      <trkpt lat="33.324150033295155" lon="126.48188000544906">
        <ele>885.6</ele>
        <time>2025-10-13T20:30:48.238Z</time>
      </trkpt>
      <trkpt lat="33.324260003864765" lon="126.48205996491015">
        <ele>888.1</ele>
        <time>2025-10-13T20:31:29.238Z</time>
      </trkpt>
      <trkpt lat="33.32435002550483" lon="126.4822799898684">
        <ele>890.5</ele>
        <time>2025-10-13T20:32:11.238Z</time>
      </trkpt>
      <trkpt lat="33.324450021609664" lon="126.48246003314853">
        <ele>892.5</ele>
        <time>2025-10-13T20:32:47.238Z</time>
      </trkpt>
      <trkpt lat="33.32458999939263" lon="126.48261995986104">
        <ele>894.6</ele>
        <time>2025-10-13T20:33:28.238Z</time>
      </trkpt>
      <trkpt lat="33.32472997717559" lon="126.48276002146304">
        <ele>896.5</ele>
        <time>2025-10-13T20:34:05.238Z</time>
      </trkpt>
      <trkpt lat="33.32488998770714" lon="126.48286999203265">
        <ele>898.5</ele>
        <time>2025-10-13T20:34:46.238Z</time>
      </trkpt>
      <trkpt lat="33.32508000545204" lon="126.48289002478123">
        <ele>900.8</ele>
        <time>2025-10-13T20:35:33.238Z</time>
      </trkpt>
      <trkpt lat="33.32525996491313" lon="126.48293000645936">
        <ele>902.8</ele>
        <time>2025-10-13T20:36:15.238Z</time>
      </trkpt>
      <trkpt lat="33.32544998265803" lon="126.48293000645936">
        <ele>904.7</ele>
        <time>2025-10-13T20:36:57.238Z</time>
      </trkpt>
      <trkpt lat="33.32564000040293" lon="126.48296998813748">
        <ele>906.8</ele>
        <time>2025-10-13T20:37:44.238Z</time>
      </trkpt>
      <trkpt lat="33.3258399926126" lon="126.48306000977755">
        <ele>908.9</ele>
        <time>2025-10-13T20:38:31.238Z</time>
      </trkpt>
      <trkpt lat="33.3260300103575" lon="126.48312002420425">
        <ele>910.7</ele>
        <time>2025-10-13T20:39:13.238Z</time>
      </trkpt>
      <trkpt lat="33.32620996981859" lon="126.48319001309574">
        <ele>912.3</ele>
        <time>2025-10-13T20:39:49.238Z</time>
      </trkpt>
      <trkpt lat="33.32639001309872" lon="126.48316998034716">
        <ele>913.9</ele>
        <time>2025-10-13T20:40:26.238Z</time>
      </trkpt>
      <trkpt lat="33.32656997255981" lon="126.48316998034716">
        <ele>916.3</ele>
        <time>2025-10-13T20:41:19.238Z</time>
      </trkpt>
      <trkpt lat="33.326750015839934" lon="126.48319998756051">
        <ele>918.2</ele>
        <time>2025-10-13T20:41:56.238Z</time>
      </trkpt>
      <trkpt lat="33.32695000804961" lon="126.48320996202528">
        <ele>920.1</ele>
        <time>2025-10-13T20:42:33.238Z</time>
      </trkpt>
      <trkpt lat="33.32715000025928" lon="126.48325002752244">
        <ele>922.4</ele>
        <time>2025-10-13T20:43:15.238Z</time>
      </trkpt>
      <trkpt lat="33.32734999246895" lon="126.48326000198722">
        <ele>925.2</ele>
        <time>2025-10-13T20:44:02.238Z</time>
      </trkpt>
      <trkpt lat="33.32754001021385" lon="126.48333996534348">
        <ele>928.2</ele>
        <time>2025-10-13T20:44:50.238Z</time>
      </trkpt>
      <trkpt lat="33.327719969674945" lon="126.48346996866167">
        <ele>931</ele>
        <time>2025-10-13T20:45:32.238Z</time>
      </trkpt>
      <trkpt lat="33.327890038490295" lon="126.4835699647665">
        <ele>933.4</ele>
        <time>2025-10-13T20:46:10.238Z</time>
      </trkpt>
      <trkpt lat="33.328060023486614" lon="126.4837100263685">
        <ele>936.3</ele>
        <time>2025-10-13T20:46:52.238Z</time>
      </trkpt>
      <trkpt lat="33.328190026804805" lon="126.48385997861624">
        <ele>939.2</ele>
        <time>2025-10-13T20:47:35.238Z</time>
      </trkpt>
      <trkpt lat="33.32835003733635" lon="126.48398000746965">
        <ele>941.7</ele>
        <time>2025-10-13T20:48:12.238Z</time>
      </trkpt>
      <trkpt lat="33.32849998958409" lon="126.48411001078784">
        <ele>944.2</ele>
        <time>2025-10-13T20:48:49.238Z</time>
      </trkpt>
      <trkpt lat="33.32865002565086" lon="126.48424001410604">
        <ele>947.6</ele>
        <time>2025-10-13T20:49:43.238Z</time>
      </trkpt>
      <trkpt lat="33.328790003433824" lon="126.484379991889">
        <ele>950.1</ele>
        <time>2025-10-13T20:50:26.238Z</time>
      </trkpt>
      <trkpt lat="33.328940039500594" lon="126.48450002074242">
        <ele>952.3</ele>
        <time>2025-10-13T20:51:03.238Z</time>
      </trkpt>
      <trkpt lat="33.32909996621311" lon="126.48463999852538">
        <ele>954.7</ele>
        <time>2025-10-13T20:51:46.238Z</time>
      </trkpt>
      <trkpt lat="33.32927003502846" lon="126.48473002016544">
        <ele>956.7</ele>
        <time>2025-10-13T20:52:23.238Z</time>
      </trkpt>
      <trkpt lat="33.32947002723813" lon="126.48480000905693">
        <ele>958.9</ele>
        <time>2025-10-13T20:53:06.238Z</time>
      </trkpt>
      <trkpt lat="33.32964998669922" lon="126.48480000905693">
        <ele>960.9</ele>
        <time>2025-10-13T20:53:50.238Z</time>
      </trkpt>
      <trkpt lat="33.32983002997935" lon="126.4848200418055">
        <ele>962.8</ele>
        <time>2025-10-13T20:54:33.238Z</time>
      </trkpt>
      <trkpt lat="33.33000998944044" lon="126.48477000184357">
        <ele>964.4</ele>
        <time>2025-10-13T20:55:10.238Z</time>
      </trkpt>
      <trkpt lat="33.33020000718534" lon="126.4847600273788">
        <ele>966</ele>
        <time>2025-10-13T20:55:48.238Z</time>
      </trkpt>
      <trkpt lat="33.33037996664643" lon="126.4847600273788">
        <ele>967.7</ele>
        <time>2025-10-13T20:56:26.238Z</time>
      </trkpt>
      <trkpt lat="33.33056000992656" lon="126.48474996909499">
        <ele>969.6</ele>
        <time>2025-10-13T20:57:09.238Z</time>
      </trkpt>
      <trkpt lat="33.330750027671456" lon="126.48473002016544">
        <ele>971.3</ele>
        <time>2025-10-13T20:57:47.238Z</time>
      </trkpt>
      <trkpt lat="33.33095001988113" lon="126.48470998741686">
        <ele>973.5</ele>
        <time>2025-10-13T20:58:31.238Z</time>
      </trkpt>
      <trkpt lat="33.3311500120908" lon="126.48466003127396">
        <ele>976.1</ele>
        <time>2025-10-13T20:59:20.238Z</time>
      </trkpt>
      <trkpt lat="33.331350004300475" lon="126.48467000573874">
        <ele>978.4</ele>
        <time>2025-10-13T20:59:58.238Z</time>
      </trkpt>
      <trkpt lat="33.331540022045374" lon="126.4846199657768">
        <ele>981.1</ele>
        <time>2025-10-13T21:00:41.238Z</time>
      </trkpt>
      <trkpt lat="33.33171998150647" lon="126.4845700096339">
        <ele>984.4</ele>
        <time>2025-10-13T21:01:30.238Z</time>
      </trkpt>
      <trkpt lat="33.33190002478659" lon="126.48451996967196">
        <ele>987.5</ele>
        <time>2025-10-13T21:02:14.238Z</time>
      </trkpt>
      <trkpt lat="33.33208995871246" lon="126.48447998799384">
        <ele>990.7</ele>
        <time>2025-10-13T21:02:58.238Z</time>
      </trkpt>
      <trkpt lat="33.33229003474116" lon="126.48444998078048">
        <ele>994.1</ele>
        <time>2025-10-13T21:03:42.238Z</time>
      </trkpt>
      <trkpt lat="33.33247996866703" lon="126.48451996967196">
        <ele>997.5</ele>
        <time>2025-10-13T21:04:25.238Z</time>
      </trkpt>
      <trkpt lat="33.3326799608767" lon="126.48456003516912">
        <ele>1000.9</ele>
        <time>2025-10-13T21:05:09.238Z</time>
      </trkpt>
      <trkpt lat="33.3328699786216" lon="126.48460999131203">
        <ele>1004.4</ele>
        <time>2025-10-13T21:05:53.238Z</time>
      </trkpt>
      <trkpt lat="33.33303996361792" lon="126.48470998741686">
        <ele>1007.6</ele>
        <time>2025-10-13T21:06:37.238Z</time>
      </trkpt>
      <trkpt lat="33.333220006898046" lon="126.48480000905693">
        <ele>1011.1</ele>
        <time>2025-10-13T21:07:27.238Z</time>
      </trkpt>
      <trkpt lat="33.33339996635914" lon="126.48487997241318">
        <ele>1014</ele>
        <time>2025-10-13T21:08:11.238Z</time>
      </trkpt>
      <trkpt lat="33.33358000963926" lon="126.48497996851802">
        <ele>1016.6</ele>
        <time>2025-10-13T21:08:55.238Z</time>
      </trkpt>
      <trkpt lat="33.33377002738416" lon="126.48502003401518">
        <ele>1019</ele>
        <time>2025-10-13T21:09:39.238Z</time>
      </trkpt>
      <trkpt lat="33.333970019593835" lon="126.48494996130466">
        <ele>1020.9</ele>
        <time>2025-10-13T21:10:18.238Z</time>
      </trkpt>
      <trkpt lat="33.33414997905493" lon="126.48494996130466">
        <ele>1022.8</ele>
        <time>2025-10-13T21:11:02.238Z</time>
      </trkpt>
      <trkpt lat="33.33433999679983" lon="126.48502003401518">
        <ele>1024.3</ele>
        <time>2025-10-13T21:11:41.238Z</time>
      </trkpt>
      <trkpt lat="33.334530014544725" lon="126.48503998294473">
        <ele>1026</ele>
        <time>2025-10-13T21:12:26.238Z</time>
      </trkpt>
      <trkpt lat="33.3347300067544" lon="126.48502003401518">
        <ele>1027.4</ele>
        <time>2025-10-13T21:13:05.238Z</time>
      </trkpt>
      <trkpt lat="33.33490996621549" lon="126.4850000012666">
        <ele>1028.6</ele>
        <time>2025-10-13T21:13:38.238Z</time>
      </trkpt>
      <trkpt lat="33.33509998396039" lon="126.48507996462286">
        <ele>1030.2</ele>
        <time>2025-10-13T21:14:22.238Z</time>
      </trkpt>
      <trkpt lat="33.33526996895671" lon="126.48516998626292">
        <ele>1031.8</ele>
        <time>2025-10-13T21:15:07.238Z</time>
      </trkpt>
      <trkpt lat="33.33544003777206" lon="126.48528004065156">
        <ele>1033.4</ele>
        <time>2025-10-13T21:15:52.238Z</time>
      </trkpt>
      <trkpt lat="33.33562997169793" lon="126.48533997125924">
        <ele>1034.8</ele>
        <time>2025-10-13T21:16:31.238Z</time>
      </trkpt>
      <trkpt lat="33.33578998222947" lon="126.48543996736407">
        <ele>1036.3</ele>
        <time>2025-10-13T21:17:10.238Z</time>
      </trkpt>
      <trkpt lat="33.33595996722579" lon="126.48552998900414">
        <ele>1037.8</ele>
        <time>2025-10-13T21:17:49.238Z</time>
      </trkpt>
      <trkpt lat="33.336140010505915" lon="126.48552998900414">
        <ele>1039.1</ele>
        <time>2025-10-13T21:18:23.238Z</time>
      </trkpt>
      <trkpt lat="33.33631996996701" lon="126.48552998900414">
        <ele>1040.7</ele>
        <time>2025-10-13T21:19:02.238Z</time>
      </trkpt>
      <trkpt lat="33.33651996217668" lon="126.48552998900414">
        <ele>1042.3</ele>
        <time>2025-10-13T21:19:42.238Z</time>
      </trkpt>
      <trkpt lat="33.336700005456805" lon="126.48555002175272">
        <ele>1044.3</ele>
        <time>2025-10-13T21:20:27.238Z</time>
      </trkpt>
      <trkpt lat="33.3368799649179" lon="126.48562998510897">
        <ele>1046.3</ele>
        <time>2025-10-13T21:21:12.238Z</time>
      </trkpt>
      <trkpt lat="33.33706000819802" lon="126.48562998510897">
        <ele>1048.4</ele>
        <time>2025-10-13T21:21:57.238Z</time>
      </trkpt>
      <trkpt lat="33.337239967659116" lon="126.48562998510897">
        <ele>1050.5</ele>
        <time>2025-10-13T21:22:42.238Z</time>
      </trkpt>
      <trkpt lat="33.33742001093924" lon="126.48558002896607">
        <ele>1052.5</ele>
        <time>2025-10-13T21:23:28.238Z</time>
      </trkpt>
      <trkpt lat="33.33759997040033" lon="126.4856200106442">
        <ele>1054.8</ele>
        <time>2025-10-13T21:24:19.238Z</time>
      </trkpt>
      <trkpt lat="33.337799962610006" lon="126.4856200106442">
        <ele>1056.6</ele>
        <time>2025-10-13T21:25:04.238Z</time>
      </trkpt>
      <trkpt lat="33.33800003863871" lon="126.4856800250709">
        <ele>1058.3</ele>
        <time>2025-10-13T21:25:49.238Z</time>
      </trkpt>
      <trkpt lat="33.33818997256458" lon="126.48572998121381">
        <ele>1059.8</ele>
        <time>2025-10-13T21:26:35.238Z</time>
      </trkpt>
      <trkpt lat="33.3383700158447" lon="126.48576996289194">
        <ele>1061.2</ele>
        <time>2025-10-13T21:27:20.238Z</time>
      </trkpt>
      <trkpt lat="33.3385600335896" lon="126.4858100283891">
        <ele>1062.2</ele>
        <time>2025-10-13T21:28:00.238Z</time>
      </trkpt>
      <trkpt lat="33.338739993050694" lon="126.48584003560245">
        <ele>1063.1</ele>
        <time>2025-10-13T21:28:34.238Z</time>
      </trkpt>
      <trkpt lat="33.33893001079559" lon="126.48588999174535">
        <ele>1064.1</ele>
        <time>2025-10-13T21:29:20.238Z</time>
      </trkpt>
      <trkpt lat="33.33909002132714" lon="126.48599996231496">
        <ele>1065.1</ele>
        <time>2025-10-13T21:30:00.238Z</time>
      </trkpt>
      <trkpt lat="33.33926000632346" lon="126.48611999116838">
        <ele>1066.1</ele>
        <time>2025-10-13T21:30:40.238Z</time>
      </trkpt>
      <trkpt lat="33.339450024068356" lon="126.48621001280844">
        <ele>1067.4</ele>
        <time>2025-10-13T21:31:26.238Z</time>
      </trkpt>
      <trkpt lat="33.339580027386546" lon="126.48644001223147">
        <ele>1071.8</ele>
        <time>2025-10-13T21:33:09.238Z</time>
      </trkpt>
      <trkpt lat="33.33958132890526" lon="126.48644184963192">
        <ele>1071.8076566725329</ele>
        <time>2025-10-13T21:33:09.443Z</time>
      </trkpt>
      <trkpt lat="33.339581" lon="126.486442">
        <ele>1074.38</ele>
        <time>2025-10-13T21:33:09.479Z</time>
      </trkpt>
      <trkpt lat="33.339694" lon="126.486596">
        <ele>1075.21</ele>
        <time>2025-10-13T21:33:27.005Z</time>
      </trkpt>
      <trkpt lat="33.340027" lon="126.486805">
        <ele>1078.96</ele>
        <time>2025-10-13T21:34:05.489Z</time>
      </trkpt>
      <trkpt lat="33.340166" lon="126.486902">
        <ele>1080.45</ele>
        <time>2025-10-13T21:34:21.957Z</time>
      </trkpt>
      <trkpt lat="33.340343" lon="126.487159">
        <ele>1082.67</ele>
        <time>2025-10-13T21:34:50.437Z</time>
      </trkpt>
      <trkpt lat="33.340438" lon="126.48728">
        <ele>1084.33</ele>
        <time>2025-10-13T21:35:04.635Z</time>
      </trkpt>
      <trkpt lat="33.34049" lon="126.487318">
        <ele>1085.29</ele>
        <time>2025-10-13T21:35:10.870Z</time>
      </trkpt>
      <trkpt lat="33.340536" lon="126.487319">
        <ele>1085.93</ele>
        <time>2025-10-13T21:35:15.578Z</time>
      </trkpt>
      <trkpt lat="33.340572" lon="126.487308">
        <ele>1086.42</ele>
        <time>2025-10-13T21:35:18.386Z</time>
      </trkpt>
      <trkpt lat="33.340572" lon="126.487308">
        <ele>1086.42</ele>
        <time>2025-10-13T21:35:18.386Z</time>
      </trkpt>
      <trkpt lat="33.340638" lon="126.487272">
        <ele>1087.35</ele>
        <time>2025-10-13T21:35:23.869Z</time>
      </trkpt>
      <trkpt lat="33.340832" lon="126.487013">
        <ele>1090.27</ele>
        <time>2025-10-13T21:35:45.839Z</time>
      </trkpt>
      <trkpt lat="33.340907" lon="126.48693">
        <ele>1090.83</ele>
        <time>2025-10-13T21:35:53.561Z</time>
      </trkpt>
      <trkpt lat="33.341013" lon="126.486878">
        <ele>1092.01</ele>
        <time>2025-10-13T21:36:02.221Z</time>
      </trkpt>
      <trkpt lat="33.341128" lon="126.486907">
        <ele>1093.64</ele>
        <time>2025-10-13T21:36:11.106Z</time>
      </trkpt>
      <trkpt lat="33.341231" lon="126.486977">
        <ele>1094.76</ele>
        <time>2025-10-13T21:36:20.060Z</time>
      </trkpt>
      <trkpt lat="33.341341" lon="126.487098">
        <ele>1094.99</ele>
        <time>2025-10-13T21:36:31.354Z</time>
      </trkpt>
      <trkpt lat="33.341376" lon="126.487251">
        <ele>1095.63</ele>
        <time>2025-10-13T21:36:41.372Z</time>
      </trkpt>
      <trkpt lat="33.341343" lon="126.487805">
        <ele>1100.57</ele>
        <time>2025-10-13T21:37:29.347Z</time>
      </trkpt>
      <trkpt lat="33.341343" lon="126.487805">
        <ele>1100.57</ele>
        <time>2025-10-13T21:37:29.347Z</time>
      </trkpt>
      <trkpt lat="33.341341" lon="126.487854">
        <ele>1101.01</ele>
        <time>2025-10-13T21:37:33.584Z</time>
      </trkpt>
      <trkpt lat="33.34124" lon="126.488181">
        <ele>1104.65</ele>
        <time>2025-10-13T21:38:03.698Z</time>
      </trkpt>
      <trkpt lat="33.341224" lon="126.488452">
        <ele>1106.19</ele>
        <time>2025-10-13T21:38:27.165Z</time>
      </trkpt>
      <trkpt lat="33.341253" lon="126.488659">
        <ele>1108.38</ele>
        <time>2025-10-13T21:38:45.295Z</time>
      </trkpt>
      <trkpt lat="33.341314" lon="126.488822">
        <ele>1110.07</ele>
        <time>2025-10-13T21:39:00.722Z</time>
      </trkpt>
      <trkpt lat="33.341431" lon="126.488895">
        <ele>1111.82</ele>
        <time>2025-10-13T21:39:13.758Z</time>
      </trkpt>
      <trkpt lat="33.341431" lon="126.488895">
        <ele>1111.82</ele>
        <time>2025-10-13T21:39:13.758Z</time>
      </trkpt>
      <trkpt lat="33.341465" lon="126.488916">
        <ele>1112.32</ele>
        <time>2025-10-13T21:39:17.538Z</time>
      </trkpt>
      <trkpt lat="33.341867" lon="126.489077">
        <ele>1115.98</ele>
        <time>2025-10-13T21:39:59.423Z</time>
      </trkpt>
      <trkpt lat="33.341972" lon="126.489176">
        <ele>1117.06</ele>
        <time>2025-10-13T21:40:12.629Z</time>
      </trkpt>
      <trkpt lat="33.34204" lon="126.489359">
        <ele>1119.39</ele>
        <time>2025-10-13T21:40:29.161Z</time>
      </trkpt>
      <trkpt lat="33.342064" lon="126.489506">
        <ele>1120.8</ele>
        <time>2025-10-13T21:40:41.524Z</time>
      </trkpt>
      <trkpt lat="33.342116" lon="126.489632">
        <ele>1122.36</ele>
        <time>2025-10-13T21:40:53.124Z</time>
      </trkpt>
      <trkpt lat="33.342331" lon="126.489793">
        <ele>1125.66</ele>
        <time>2025-10-13T21:41:18.182Z</time>
      </trkpt>
      <trkpt lat="33.342454" lon="126.489903">
        <ele>1127.63</ele>
        <time>2025-10-13T21:41:33.352Z</time>
      </trkpt>
      <trkpt lat="33.34256" lon="126.490078">
        <ele>1131.07</ele>
        <time>2025-10-13T21:41:51.194Z</time>
      </trkpt>
      <trkpt lat="33.342633" lon="126.490252">
        <ele>1133.76</ele>
        <time>2025-10-13T21:42:07.266Z</time>
      </trkpt>
      <trkpt lat="33.3427" lon="126.490559">
        <ele>1136.05</ele>
        <time>2025-10-13T21:42:33.457Z</time>
      </trkpt>
      <trkpt lat="33.342833" lon="126.491172">
        <ele>1144.6</ele>
        <time>2025-10-13T21:43:25.735Z</time>
      </trkpt>
      <trkpt lat="33.342875" lon="126.491271">
        <ele>1146.65</ele>
        <time>2025-10-13T21:43:34.900Z</time>
      </trkpt>
      <trkpt lat="33.342929" lon="126.491325">
        <ele>1148.39</ele>
        <time>2025-10-13T21:43:41.852Z</time>
      </trkpt>
      <trkpt lat="33.342953" lon="126.491333">
        <ele>1148.99</ele>
        <time>2025-10-13T21:43:44.220Z</time>
      </trkpt>
      <trkpt lat="33.342953" lon="126.491333">
        <ele>1148.99</ele>
        <time>2025-10-13T21:43:44.220Z</time>
      </trkpt>
      <trkpt lat="33.343027" lon="126.491359">
        <ele>1150.83</ele>
        <time>2025-10-13T21:43:51.552Z</time>
      </trkpt>
      <trkpt lat="33.343227" lon="126.49137">
        <ele>1155.15</ele>
        <time>2025-10-13T21:44:10.588Z</time>
      </trkpt>
      <trkpt lat="33.343348" lon="126.491392">
        <ele>1157.92</ele>
        <time>2025-10-13T21:44:22.224Z</time>
      </trkpt>
      <trkpt lat="33.343422" lon="126.491488">
        <ele>1160.48</ele>
        <time>2025-10-13T21:44:32.599Z</time>
      </trkpt>
      <trkpt lat="33.343507" lon="126.491826">
        <ele>1165.5</ele>
        <time>2025-10-13T21:45:00.636Z</time>
      </trkpt>
      <trkpt lat="33.343606" lon="126.492068">
        <ele>1167.89</ele>
        <time>2025-10-13T21:45:22.039Z</time>
      </trkpt>
      <trkpt lat="33.343672" lon="126.492148">
        <ele>1168.81</ele>
        <time>2025-10-13T21:45:30.969Z</time>
      </trkpt>
      <trkpt lat="33.343752" lon="126.49217">
        <ele>1170.35</ele>
        <time>2025-10-13T21:45:38.773Z</time>
      </trkpt>
      <trkpt lat="33.343812" lon="126.492138">
        <ele>1171.15</ele>
        <time>2025-10-13T21:45:43.093Z</time>
      </trkpt>
      <trkpt lat="33.343812" lon="126.492138">
        <ele>1171.15</ele>
        <time>2025-10-13T21:45:43.093Z</time>
      </trkpt>
      <trkpt lat="33.343986" lon="126.492046">
        <ele>1173.46</ele>
        <time>2025-10-13T21:45:55.604Z</time>
      </trkpt>
      <trkpt lat="33.344149" lon="126.491971">
        <ele>1176.05</ele>
        <time>2025-10-13T21:46:07.089Z</time>
      </trkpt>
      <trkpt lat="33.344287" lon="126.491966">
        <ele>1176.95</ele>
        <time>2025-10-13T21:46:16.169Z</time>
      </trkpt>
      <trkpt lat="33.344381" lon="126.492062">
        <ele>1179.09</ele>
        <time>2025-10-13T21:46:24.296Z</time>
      </trkpt>
      <trkpt lat="33.344415" lon="126.492188">
        <ele>1181.43</ele>
        <time>2025-10-13T21:46:31.571Z</time>
      </trkpt>
      <trkpt lat="33.344419" lon="126.492327">
        <ele>1183.06</ele>
        <time>2025-10-13T21:46:42.291Z</time>
      </trkpt>
      <trkpt lat="33.344419" lon="126.492327">
        <ele>1183.06</ele>
        <time>2025-10-13T21:46:42.291Z</time>
      </trkpt>
      <trkpt lat="33.344327" lon="126.492543">
        <ele>1182.92</ele>
        <time>2025-10-13T21:47:00.978Z</time>
      </trkpt>
      <trkpt lat="33.344325" lon="126.492612">
        <ele>1183.04</ele>
        <time>2025-10-13T21:47:06.299Z</time>
      </trkpt>
      <trkpt lat="33.344357" lon="126.49291">
        <ele>1183.98</ele>
        <time>2025-10-13T21:47:29.456Z</time>
      </trkpt>
      <trkpt lat="33.344444" lon="126.493315">
        <ele>1186.41</ele>
        <time>2025-10-13T21:48:01.687Z</time>
      </trkpt>
      <trkpt lat="33.344502" lon="126.493905">
        <ele>1189.25</ele>
        <time>2025-10-13T21:48:47.476Z</time>
      </trkpt>
      <trkpt lat="33.344569" lon="126.494098">
        <ele>1190.55</ele>
        <time>2025-10-13T21:49:03.585Z</time>
      </trkpt>
      <trkpt lat="33.34468" lon="126.494235">
        <ele>1192.72</ele>
        <time>2025-10-13T21:49:18.295Z</time>
      </trkpt>
      <trkpt lat="33.344763" lon="126.494255">
        <ele>1194.36</ele>
        <time>2025-10-13T21:49:32.585Z</time>
      </trkpt>
      <trkpt lat="33.344763" lon="126.494255">
        <ele>1194.37</ele>
        <time>2025-10-13T21:49:32.585Z</time>
      </trkpt>
      <trkpt lat="33.344814" lon="126.494267">
        <ele>1195.37</ele>
        <time>2025-10-13T21:49:41.357Z</time>
      </trkpt>
      <trkpt lat="33.344901" lon="126.494337">
        <ele>1196.8</ele>
        <time>2025-10-13T21:49:59.050Z</time>
      </trkpt>
      <trkpt lat="33.345238" lon="126.494766">
        <ele>1203.54</ele>
        <time>2025-10-13T21:51:22.083Z</time>
      </trkpt>
      <trkpt lat="33.345324" lon="126.494806">
        <ele>1204.84</ele>
        <time>2025-10-13T21:51:37.656Z</time>
      </trkpt>
      <trkpt lat="33.345412" lon="126.494798">
        <ele>1206.27</ele>
        <time>2025-10-13T21:51:52.552Z</time>
      </trkpt>
      <trkpt lat="33.345511" lon="126.494753">
        <ele>1207.96</ele>
        <time>2025-10-13T21:52:10.426Z</time>
      </trkpt>
      <trkpt lat="33.345645" lon="126.494763">
        <ele>1210.15</ele>
        <time>2025-10-13T21:52:33.087Z</time>
      </trkpt>
      <trkpt lat="33.345739" lon="126.494865">
        <ele>1211.23</ele>
        <time>2025-10-13T21:52:54.501Z</time>
      </trkpt>
      <trkpt lat="33.345842" lon="126.495134">
        <ele>1213.28</ele>
        <time>2025-10-13T21:53:36.224Z</time>
      </trkpt>
      <trkpt lat="33.345916" lon="126.49519">
        <ele>1214.42</ele>
        <time>2025-10-13T21:53:51.000Z</time>
      </trkpt>
      <trkpt lat="33.346089" lon="126.495278">
        <ele>1216.84</ele>
        <time>2025-10-13T21:54:22.727Z</time>
      </trkpt>
      <trkpt lat="33.346225" lon="126.495303">
        <ele>1217.5</ele>
        <time>2025-10-13T21:54:45.951Z</time>
      </trkpt>
      <trkpt lat="33.346317" lon="126.495394">
        <ele>1218.72</ele>
        <time>2025-10-13T21:55:06.094Z</time>
      </trkpt>
      <trkpt lat="33.34636" lon="126.495514">
        <ele>1219.54</ele>
        <time>2025-10-13T21:55:24.504Z</time>
      </trkpt>
      <trkpt lat="33.346364" lon="126.495764">
        <ele>1220.99</ele>
        <time>2025-10-13T21:55:59.760Z</time>
      </trkpt>
      <trkpt lat="33.346396" lon="126.495846">
        <ele>1221.85</ele>
        <time>2025-10-13T21:56:12.521Z</time>
      </trkpt>
      <trkpt lat="33.346449" lon="126.495923">
        <ele>1222.83</ele>
        <time>2025-10-13T21:56:26.588Z</time>
      </trkpt>
      <trkpt lat="33.346547" lon="126.496008">
        <ele>1224.18</ele>
        <time>2025-10-13T21:56:47.014Z</time>
      </trkpt>
      <trkpt lat="33.346765" lon="126.49605">
        <ele>1225.59</ele>
        <time>2025-10-13T21:57:32.933Z</time>
      </trkpt>
      <trkpt lat="33.346765" lon="126.49605">
        <ele>1225.59</ele>
        <time>2025-10-13T21:57:32.933Z</time>
      </trkpt>
      <trkpt lat="33.347014" lon="126.496099">
        <ele>1227.21</ele>
        <time>2025-10-13T21:58:25.411Z</time>
      </trkpt>
      <trkpt lat="33.347432" lon="126.49623">
        <ele>1233.7</ele>
        <time>2025-10-13T21:59:55.270Z</time>
      </trkpt>
      <trkpt lat="33.347893" lon="126.496528">
        <ele>1234.31</ele>
        <time>2025-10-13T22:01:44.226Z</time>
      </trkpt>
      <trkpt lat="33.347951" lon="126.496546">
        <ele>1234.25</ele>
        <time>2025-10-13T22:01:56.686Z</time>
      </trkpt>
      <trkpt lat="33.348032" lon="126.496553">
        <ele>1234.05</ele>
        <time>2025-10-13T22:02:13.575Z</time>
      </trkpt>
      <trkpt lat="33.348227" lon="126.496547">
        <ele>1233.54</ele>
        <time>2025-10-13T22:02:54.141Z</time>
      </trkpt>
      <trkpt lat="33.34845" lon="126.496493">
        <ele>1233.43</ele>
        <time>2025-10-13T22:03:41.456Z</time>
      </trkpt>
      <trkpt lat="33.348523" lon="126.496477">
        <ele>1234.35</ele>
        <time>2025-10-13T22:03:56.889Z</time>
      </trkpt>
      <trkpt lat="33.348659" lon="126.49652">
        <ele>1237.26</ele>
        <time>2025-10-13T22:04:26.142Z</time>
      </trkpt>
      <trkpt lat="33.348773" lon="126.49673">
        <ele>1242.6</ele>
        <time>2025-10-13T22:05:09.650Z</time>
      </trkpt>
      <trkpt lat="33.348939" lon="126.496732">
        <ele>1246.75</ele>
        <time>2025-10-13T22:05:44.173Z</time>
      </trkpt>
      <trkpt lat="33.349027" lon="126.496783">
        <ele>1249.07</ele>
        <time>2025-10-13T22:06:04.505Z</time>
      </trkpt>
      <trkpt lat="33.349297" lon="126.49673">
        <ele>1252.21</ele>
        <time>2025-10-13T22:07:01.405Z</time>
      </trkpt>
      <trkpt lat="33.349869" lon="126.496737">
        <ele>1252.63</ele>
        <time>2025-10-13T22:09:00.367Z</time>
      </trkpt>
      <trkpt lat="33.350359" lon="126.496713">
        <ele>1259.8</ele>
        <time>2025-10-13T22:10:42.355Z</time>
      </trkpt>
      <trkpt lat="33.350708" lon="126.496615">
        <ele>1264.35</ele>
        <time>2025-10-13T22:11:56.904Z</time>
      </trkpt>
      <trkpt lat="33.350863" lon="126.496604">
        <ele>1266.43</ele>
        <time>2025-10-13T22:12:29.195Z</time>
      </trkpt>
      <trkpt lat="33.351056" lon="126.496659">
        <ele>1270.3</ele>
        <time>2025-10-13T22:13:10.453Z</time>
      </trkpt>
      <trkpt lat="33.35119" lon="126.496668">
        <ele>1273.26</ele>
        <time>2025-10-13T22:13:38.364Z</time>
      </trkpt>
      <trkpt lat="33.351399" lon="126.496576">
        <ele>1275.91</ele>
        <time>2025-10-13T22:14:24.673Z</time>
      </trkpt>
      <trkpt lat="33.351629" lon="126.496612">
        <ele>1280.22</ele>
        <time>2025-10-13T22:15:12.912Z</time>
      </trkpt>
      <trkpt lat="33.351846" lon="126.496598">
        <ele>1283.6</ele>
        <time>2025-10-13T22:15:58.105Z</time>
      </trkpt>
      <trkpt lat="33.352017" lon="126.496612">
        <ele>1286.46</ele>
        <time>2025-10-13T22:16:33.750Z</time>
      </trkpt>
      <trkpt lat="33.352205" lon="126.496594">
        <ele>1288.52</ele>
        <time>2025-10-13T22:17:12.972Z</time>
      </trkpt>
      <trkpt lat="33.352433" lon="126.496608">
        <ele>1290.48</ele>
        <time>2025-10-13T22:18:00.450Z</time>
      </trkpt>
      <trkpt lat="33.352661" lon="126.496622">
        <ele>1289.52</ele>
        <time>2025-10-13T22:18:47.928Z</time>
      </trkpt>
      <trkpt lat="33.352812" lon="126.496834">
        <ele>1294.74</ele>
        <time>2025-10-13T22:19:36.326Z</time>
      </trkpt>
      <trkpt lat="33.352943" lon="126.496858">
        <ele>1294.13</ele>
        <time>2025-10-13T22:20:03.886Z</time>
      </trkpt>
      <trkpt lat="33.353043" lon="126.497038">
        <ele>1296.88</ele>
        <time>2025-10-13T22:20:41.438Z</time>
      </trkpt>
      <trkpt lat="33.353302" lon="126.497367">
        <ele>1299.69</ele>
        <time>2025-10-13T22:21:59.971Z</time>
      </trkpt>
      <trkpt lat="33.353347" lon="126.497533">
        <ele>1302.97</ele>
        <time>2025-10-13T22:22:30.287Z</time>
      </trkpt>
      <trkpt lat="33.353535" lon="126.497841">
        <ele>1306.75</ele>
        <time>2025-10-13T22:23:36.553Z</time>
      </trkpt>
      <trkpt lat="33.35357" lon="126.497993">
        <ele>1308.91</ele>
        <time>2025-10-13T22:24:03.942Z</time>
      </trkpt>
      <trkpt lat="33.353648" lon="126.498217">
        <ele>1312.4</ele>
        <time>2025-10-13T22:24:46.099Z</time>
      </trkpt>
      <trkpt lat="33.35373" lon="126.498535">
        <ele>1316.94</ele>
        <time>2025-10-13T22:25:43.911Z</time>
      </trkpt>
      <trkpt lat="33.353889" lon="126.498655">
        <ele>1315.54</ele>
        <time>2025-10-13T22:26:22.999Z</time>
      </trkpt>
      <trkpt lat="33.35393" lon="126.498704">
        <ele>1315.97</ele>
        <time>2025-10-13T22:26:35.046Z</time>
      </trkpt>
      <trkpt lat="33.354029" lon="126.49898">
        <ele>1318.28</ele>
        <time>2025-10-13T22:27:27.224Z</time>
      </trkpt>
      <trkpt lat="33.354085" lon="126.498941">
        <ele>1317.25</ele>
        <time>2025-10-13T22:27:40.697Z</time>
      </trkpt>
      <trkpt lat="33.354233" lon="126.499089">
        <ele>1319</ele>
        <time>2025-10-13T22:28:20.800Z</time>
      </trkpt>
      <trkpt lat="33.354287" lon="126.499082">
        <ele>1319.29</ele>
        <time>2025-10-13T22:28:32.095Z</time>
      </trkpt>
      <trkpt lat="33.354346" lon="126.499025">
        <ele>1319.42</ele>
        <time>2025-10-13T22:28:47.861Z</time>
      </trkpt>
      <trkpt lat="33.354446" lon="126.49907">
        <ele>1321.88</ele>
        <time>2025-10-13T22:29:10.078Z</time>
      </trkpt>
      <trkpt lat="33.354446" lon="126.49907">
        <ele>1321.89</ele>
        <time>2025-10-13T22:29:10.078Z</time>
      </trkpt>
      <trkpt lat="33.354446" lon="126.49907">
        <ele>1321.88</ele>
        <time>2025-10-13T22:29:10.078Z</time>
      </trkpt>
      <trkpt lat="33.354495" lon="126.499092">
        <ele>1323.1</ele>
        <time>2025-10-13T22:29:25.588Z</time>
      </trkpt>
      <trkpt lat="33.354548" lon="126.499041">
        <ele>1324.69</ele>
        <time>2025-10-13T22:29:45.742Z</time>
      </trkpt>
      <trkpt lat="33.354567" lon="126.498975">
        <ele>1325.7</ele>
        <time>2025-10-13T22:30:03.024Z</time>
      </trkpt>
      <trkpt lat="33.354524" lon="126.498776">
        <ele>1325.87</ele>
        <time>2025-10-13T22:30:53.912Z</time>
      </trkpt>
      <trkpt lat="33.35453" lon="126.498644">
        <ele>1327.49</ele>
        <time>2025-10-13T22:31:26.639Z</time>
      </trkpt>
      <trkpt lat="33.354682" lon="126.4984">
        <ele>1333.41</ele>
        <time>2025-10-13T22:32:41.996Z</time>
      </trkpt>
      <trkpt lat="33.354834" lon="126.498156">
        <ele>1333.72</ele>
        <time>2025-10-13T22:33:57.352Z</time>
      </trkpt>
      <trkpt lat="33.354955" lon="126.49807">
        <ele>1333.36</ele>
        <time>2025-10-13T22:34:39.059Z</time>
      </trkpt>
      <trkpt lat="33.355082" lon="126.49802">
        <ele>1333.69</ele>
        <time>2025-10-13T22:35:18.683Z</time>
      </trkpt>
      <trkpt lat="33.35513" lon="126.497931">
        <ele>1331.96</ele>
        <time>2025-10-13T22:35:44.910Z</time>
      </trkpt>
      <trkpt lat="33.355382" lon="126.497912">
        <ele>1333.67</ele>
        <time>2025-10-13T22:36:59.748Z</time>
      </trkpt>
      <trkpt lat="33.355457" lon="126.497856">
        <ele>1334.05</ele>
        <time>2025-10-13T22:37:25.946Z</time>
      </trkpt>
      <trkpt lat="33.355827" lon="126.497746">
        <ele>1345.12</ele>
        <time>2025-10-13T22:39:18.941Z</time>
      </trkpt>
      <trkpt lat="33.356068" lon="126.497561">
        <ele>1358.97</ele>
        <time>2025-10-13T22:40:43.793Z</time>
      </trkpt>
      <trkpt lat="33.356175" lon="126.497347">
        <ele>1370.01</ele>
        <time>2025-10-13T22:41:45.539Z</time>
      </trkpt>
      <trkpt lat="33.356192" lon="126.497139">
        <ele>1376.96</ele>
        <time>2025-10-13T22:42:37.278Z</time>
      </trkpt>
      <trkpt lat="33.356123" lon="126.496952">
        <ele>1378.91</ele>
        <time>2025-10-13T22:43:27.888Z</time>
      </trkpt>
      <trkpt lat="33.35618" lon="126.496862">
        <ele>1383.25</ele>
        <time>2025-10-13T22:43:55.849Z</time>
      </trkpt>
      <trkpt lat="33.356179" lon="126.496826">
        <ele>1383.84</ele>
        <time>2025-10-13T22:44:04.766Z</time>
      </trkpt>
      <trkpt lat="33.356469" lon="126.496777">
        <ele>1396.78</ele>
        <time>2025-10-13T22:45:25.709Z</time>
      </trkpt>
      <trkpt lat="33.356469" lon="126.496777">
        <ele>1396.79</ele>
        <time>2025-10-13T22:45:25.709Z</time>
      </trkpt>
      <trkpt lat="33.356576" lon="126.496792">
        <ele>1401.65</ele>
        <time>2025-10-13T22:45:55.483Z</time>
      </trkpt>
      <trkpt lat="33.356602" lon="126.496872">
        <ele>1401.58</ele>
        <time>2025-10-13T22:46:15.299Z</time>
      </trkpt>
      <trkpt lat="33.356752" lon="126.496947">
        <ele>1407.57</ele>
        <time>2025-10-13T22:47:00.225Z</time>
      </trkpt>
      <trkpt lat="33.356956" lon="126.496868">
        <ele>1418.73</ele>
        <time>2025-10-13T22:47:59.481Z</time>
      </trkpt>
      <trkpt lat="33.357183" lon="126.49695">
        <ele>1428.2</ele>
        <time>2025-10-13T22:49:05.012Z</time>
      </trkpt>
      <trkpt lat="33.357345" lon="126.497155">
        <ele>1433.75</ele>
        <time>2025-10-13T22:50:10.158Z</time>
      </trkpt>
      <trkpt lat="33.357991" lon="126.497556">
        <ele>1460.46</ele>
        <time>2025-10-13T22:53:31.268Z</time>
      </trkpt>
      <trkpt lat="33.358154" lon="126.497728">
        <ele>1473.71</ele>
        <time>2025-10-13T22:54:31.317Z</time>
      </trkpt>
      <trkpt lat="33.358369" lon="126.49801">
        <ele>1481.71</ele>
        <time>2025-10-13T22:55:59.456Z</time>
      </trkpt>
      <trkpt lat="33.358427" lon="126.497978">
        <ele>1484.27</ele>
        <time>2025-10-13T22:56:17.106Z</time>
      </trkpt>
      <trkpt lat="33.358515" lon="126.498065">
        <ele>1487.53</ele>
        <time>2025-10-13T22:56:48.647Z</time>
      </trkpt>
      <trkpt lat="33.358779" lon="126.498295">
        <ele>1498.69</ele>
        <time>2025-10-13T22:58:18.883Z</time>
      </trkpt>
      <trkpt lat="33.358954" lon="126.498558">
        <ele>1507.6</ele>
        <time>2025-10-13T22:59:36.504Z</time>
      </trkpt>
      <trkpt lat="33.359051" lon="126.498625">
        <ele>1512.24</ele>
        <time>2025-10-13T23:00:07.454Z</time>
      </trkpt>
      <trkpt lat="33.359067" lon="126.498666">
        <ele>1513.59</ele>
        <time>2025-10-13T23:00:17.900Z</time>
      </trkpt>
      <trkpt lat="33.359139" lon="126.498714">
        <ele>1516.67</ele>
        <time>2025-10-13T23:00:40.676Z</time>
      </trkpt>
      <trkpt lat="33.359188" lon="126.498824">
        <ele>1521.16</ele>
        <time>2025-10-13T23:01:09.454Z</time>
      </trkpt>
      <trkpt lat="33.359302" lon="126.498868">
        <ele>1524.43</ele>
        <time>2025-10-13T23:01:42.557Z</time>
      </trkpt>
      <trkpt lat="33.359274" lon="126.499121">
        <ele>1530.45</ele>
        <time>2025-10-13T23:02:41.470Z</time>
      </trkpt>
      <trkpt lat="33.359278" lon="126.499422">
        <ele>1539.27</ele>
        <time>2025-10-13T23:03:50.961Z</time>
      </trkpt>
      <trkpt lat="33.359296" lon="126.499571">
        <ele>1543.63</ele>
        <time>2025-10-13T23:04:25.714Z</time>
      </trkpt>
      <trkpt lat="33.359348" lon="126.499688">
        <ele>1547.03</ele>
        <time>2025-10-13T23:04:56.307Z</time>
      </trkpt>
      <trkpt lat="33.359411" lon="126.499903">
        <ele>1552.46</ele>
        <time>2025-10-13T23:05:48.903Z</time>
      </trkpt>
      <trkpt lat="33.359383" lon="126.499954">
        <ele>1554.08</ele>
        <time>2025-10-13T23:06:02.991Z</time>
      </trkpt>
      <trkpt lat="33.359143" lon="126.500112">
        <ele>1557.07</ele>
        <time>2025-10-13T23:07:18.687Z</time>
      </trkpt>
      <trkpt lat="33.359174" lon="126.500305">
        <ele>1561.79</ele>
        <time>2025-10-13T23:08:04.055Z</time>
      </trkpt>
      <trkpt lat="33.359154" lon="126.500353">
        <ele>1561.79</ele>
        <time>2025-10-13T23:08:16.437Z</time>
      </trkpt>
      <trkpt lat="33.359182" lon="126.500439">
        <ele>1564.43</ele>
        <time>2025-10-13T23:08:37.744Z</time>
      </trkpt>
      <trkpt lat="33.359137" lon="126.500535">
        <ele>1564.48</ele>
        <time>2025-10-13T23:09:03.156Z</time>
      </trkpt>
      <trkpt lat="33.359221" lon="126.500647">
        <ele>1570.26</ele>
        <time>2025-10-13T23:09:37.903Z</time>
      </trkpt>
      <trkpt lat="33.359211" lon="126.500782">
        <ele>1572.67</ele>
        <time>2025-10-13T23:10:09.188Z</time>
      </trkpt>
      <trkpt lat="33.35924" lon="126.501026">
        <ele>1578.08</ele>
        <time>2025-10-13T23:11:06.080Z</time>
      </trkpt>
      <trkpt lat="33.359216" lon="126.501109">
        <ele>1579.27</ele>
        <time>2025-10-13T23:11:26.355Z</time>
      </trkpt>
      <trkpt lat="33.359249" lon="126.501152">
        <ele>1580.49</ele>
        <time>2025-10-13T23:11:39.835Z</time>
      </trkpt>
      <trkpt lat="33.35926" lon="126.501235">
        <ele>1582.09</ele>
        <time>2025-10-13T23:11:59.234Z</time>
      </trkpt>
      <trkpt lat="33.359198" lon="126.501294">
        <ele>1581.71</ele>
        <time>2025-10-13T23:12:21.122Z</time>
      </trkpt>
      <trkpt lat="33.359188" lon="126.501715">
        <ele>1589.5</ele>
        <time>2025-10-13T23:13:58.345Z</time>
      </trkpt>
      <trkpt lat="33.359095" lon="126.501947">
        <ele>1592.5</ele>
        <time>2025-10-13T23:14:57.748Z</time>
      </trkpt>
      <trkpt lat="33.359115" lon="126.502085">
        <ele>1596.81</ele>
        <time>2025-10-13T23:15:30.080Z</time>
      </trkpt>
      <trkpt lat="33.358778" lon="126.503329">
        <ele>1620.86</ele>
        <time>2025-10-13T23:20:31.973Z</time>
      </trkpt>
      <trkpt lat="33.358657" lon="126.5036">
        <ele>1624.43</ele>
        <time>2025-10-13T23:21:42.908Z</time>
      </trkpt>
      <trkpt lat="33.358553" lon="126.503623">
        <ele>1622.64</ele>
        <time>2025-10-13T23:22:12.137Z</time>
      </trkpt>
      <trkpt lat="33.358538" lon="126.503823">
        <ele>1627.91</ele>
        <time>2025-10-13T23:22:58.491Z</time>
      </trkpt>
      <trkpt lat="33.358456" lon="126.504017">
        <ele>1631.64</ele>
        <time>2025-10-13T23:23:48.682Z</time>
      </trkpt>
      <trkpt lat="33.358247" lon="126.50412">
        <ele>1631.29</ele>
        <time>2025-10-13T23:24:51.146Z</time>
      </trkpt>
      <trkpt lat="33.358191" lon="126.504312">
        <ele>1635.5</ele>
        <time>2025-10-13T23:25:38.092Z</time>
      </trkpt>
      <trkpt lat="33.358133" lon="126.504371">
        <ele>1636.09</ele>
        <time>2025-10-13T23:25:59.126Z</time>
      </trkpt>
      <trkpt lat="33.358126" lon="126.504465">
        <ele>1637.39</ele>
        <time>2025-10-13T23:26:20.911Z</time>
      </trkpt>
      <trkpt lat="33.358032" lon="126.504725">
        <ele>1640.07</ele>
        <time>2025-10-13T23:27:26.311Z</time>
      </trkpt>
      <trkpt lat="33.357927" lon="126.504867">
        <ele>1641.83</ele>
        <time>2025-10-13T23:28:10.090Z</time>
      </trkpt>
      <trkpt lat="33.357871" lon="126.504961">
        <ele>1643.07</ele>
        <time>2025-10-13T23:28:36.743Z</time>
      </trkpt>
      <trkpt lat="33.357878" lon="126.505018">
        <ele>1644.1</ele>
        <time>2025-10-13T23:28:50.042Z</time>
      </trkpt>
      <trkpt lat="33.357835" lon="126.505093">
        <ele>1645.02</ele>
        <time>2025-10-13T23:29:11.041Z</time>
      </trkpt>
      <trkpt lat="33.357714" lon="126.505109">
        <ele>1644.84</ele>
        <time>2025-10-13T23:29:44.685Z</time>
      </trkpt>
      <trkpt lat="33.357673" lon="126.505232">
        <ele>1646.37</ele>
        <time>2025-10-13T23:30:15.256Z</time>
      </trkpt>
      <trkpt lat="33.357726" lon="126.505347">
        <ele>1648.09</ele>
        <time>2025-10-13T23:30:45.576Z</time>
      </trkpt>
      <trkpt lat="33.357844" lon="126.505492">
        <ele>1649.82</ele>
        <time>2025-10-13T23:31:32.309Z</time>
      </trkpt>
      <trkpt lat="33.357866" lon="126.505617">
        <ele>1650.92</ele>
        <time>2025-10-13T23:32:01.798Z</time>
      </trkpt>
      <trkpt lat="33.357956" lon="126.505838">
        <ele>1652.71</ele>
        <time>2025-10-13T23:32:58.555Z</time>
      </trkpt>
      <trkpt lat="33.358047" lon="126.505926">
        <ele>1653.98</ele>
        <time>2025-10-13T23:33:30.884Z</time>
      </trkpt>
      <trkpt lat="33.358141" lon="126.505945">
        <ele>1654.27</ele>
        <time>2025-10-13T23:33:57.231Z</time>
      </trkpt>
      <trkpt lat="33.35818" lon="126.506039">
        <ele>1654.86</ele>
        <time>2025-10-13T23:34:21.459Z</time>
      </trkpt>
      <trkpt lat="33.358171" lon="126.506259">
        <ele>1657</ele>
        <time>2025-10-13T23:35:12.305Z</time>
      </trkpt>
      <trkpt lat="33.358129" lon="126.506404">
        <ele>1657</ele>
        <time>2025-10-13T23:35:47.732Z</time>
      </trkpt>
      <trkpt lat="33.358183" lon="126.506572">
        <ele>1657.83</ele>
        <time>2025-10-13T23:36:29.286Z</time>
      </trkpt>
      <trkpt lat="33.358283" lon="126.506702">
        <ele>1657.78</ele>
        <time>2025-10-13T23:37:10.083Z</time>
      </trkpt>
      <trkpt lat="33.358298" lon="126.506815">
        <ele>1658</ele>
        <time>2025-10-13T23:37:36.495Z</time>
      </trkpt>
      <trkpt lat="33.358321" lon="126.506873">
        <ele>1658</ele>
        <time>2025-10-13T23:37:51.316Z</time>
      </trkpt>
      <trkpt lat="33.358331" lon="126.507005">
        <ele>1658</ele>
        <time>2025-10-13T23:38:21.912Z</time>
      </trkpt>
      <trkpt lat="33.358347" lon="126.50708">
        <ele>1658</ele>
        <time>2025-10-13T23:38:39.781Z</time>
      </trkpt>
      <trkpt lat="33.358397" lon="126.507172">
        <ele>1658</ele>
        <time>2025-10-13T23:39:05.118Z</time>
      </trkpt>
      <trkpt lat="33.358491" lon="126.507229">
        <ele>1658</ele>
        <time>2025-10-13T23:39:34.239Z</time>
      </trkpt>
      <trkpt lat="33.358462" lon="126.507395">
        <ele>1658</ele>
        <time>2025-10-13T23:40:13.388Z</time>
      </trkpt>
      <trkpt lat="33.358486" lon="126.507531">
        <ele>1658</ele>
        <time>2025-10-13T23:40:45.475Z</time>
      </trkpt>
      <trkpt lat="33.358567" lon="126.507742">
        <ele>1657.67</ele>
        <time>2025-10-13T23:41:39.081Z</time>
      </trkpt>
      <trkpt lat="33.358586" lon="126.507886">
        <ele>1657.35</ele>
        <time>2025-10-13T23:42:12.734Z</time>
      </trkpt>
      <trkpt lat="33.358643" lon="126.507941">
        <ele>1657</ele>
        <time>2025-10-13T23:42:32.966Z</time>
      </trkpt>
      <trkpt lat="33.358704" lon="126.508049">
        <ele>1657</ele>
        <time>2025-10-13T23:43:03.062Z</time>
      </trkpt>
      <trkpt lat="33.358713" lon="126.508129">
        <ele>1657</ele>
        <time>2025-10-13T23:43:21.696Z</time>
      </trkpt>
      <trkpt lat="33.358767" lon="126.5082">
        <ele>1657</ele>
        <time>2025-10-13T23:43:43.862Z</time>
      </trkpt>
      <trkpt lat="33.358839" lon="126.508404">
        <ele>1656.59</ele>
        <time>2025-10-13T23:44:34.985Z</time>
      </trkpt>
      <trkpt lat="33.358813" lon="126.508523">
        <ele>1656.64</ele>
        <time>2025-10-13T23:45:03.379Z</time>
      </trkpt>
      <trkpt lat="33.358829" lon="126.508593">
        <ele>1656.28</ele>
        <time>2025-10-13T23:45:20.132Z</time>
      </trkpt>
      <trkpt lat="33.358884" lon="126.50862">
        <ele>1656.07</ele>
        <time>2025-10-13T23:45:36.560Z</time>
      </trkpt>
      <trkpt lat="33.358949" lon="126.50869">
        <ele>1655.97</ele>
        <time>2025-10-13T23:46:00.722Z</time>
      </trkpt>
      <trkpt lat="33.358947" lon="126.508734">
        <ele>1655.93</ele>
        <time>2025-10-13T23:46:10.894Z</time>
      </trkpt>
      <trkpt lat="33.358982" lon="126.508799">
        <ele>1655.68</ele>
        <time>2025-10-13T23:46:28.746Z</time>
      </trkpt>
      <trkpt lat="33.359049" lon="126.508983">
        <ele>1655.76</ele>
        <time>2025-10-13T23:47:15.081Z</time>
      </trkpt>
      <trkpt lat="33.359149" lon="126.509078">
        <ele>1656</ele>
        <time>2025-10-13T23:47:50.362Z</time>
      </trkpt>
      <trkpt lat="33.35917" lon="126.509349">
        <ele>1656.7</ele>
        <time>2025-10-13T23:48:53.188Z</time>
      </trkpt>
      <trkpt lat="33.359123" lon="126.509581">
        <ele>1656.19</ele>
        <time>2025-10-13T23:49:48.295Z</time>
      </trkpt>
      <trkpt lat="33.359269" lon="126.510112">
        <ele>1657.81</ele>
        <time>2025-10-13T23:51:57.342Z</time>
      </trkpt>
      <trkpt lat="33.359472" lon="126.510583">
        <ele>1662.45</ele>
        <time>2025-10-13T23:53:59.689Z</time>
      </trkpt>
      <trkpt lat="33.359724" lon="126.511527">
        <ele>1665.92</ele>
        <time>2025-10-13T23:57:48.461Z</time>
      </trkpt>
      <trkpt lat="33.359745" lon="126.512163">
        <ele>1667.97</ele>
        <time>2025-10-14T00:00:15.389Z</time>
      </trkpt>
      <trkpt lat="33.359697" lon="126.512351">
        <ele>1667.58</ele>
        <time>2025-10-14T00:01:00.769Z</time>
      </trkpt>
      <trkpt lat="33.359603" lon="126.512565">
        <ele>1666.86</ele>
        <time>2025-10-14T00:01:56.583Z</time>
      </trkpt>
      <trkpt lat="33.359376" lon="126.513273">
        <ele>1665.38</ele>
        <time>2025-10-14T00:04:51.645Z</time>
      </trkpt>
      <trkpt lat="33.359327" lon="126.513877">
        <ele>1664.24</ele>
        <time>2025-10-14T00:07:11.728Z</time>
      </trkpt>
      <trkpt lat="33.359504" lon="126.514824">
        <ele>1664.29</ele>
        <time>2025-10-14T00:10:55.740Z</time>
      </trkpt>
      <trkpt lat="33.359528" lon="126.515108">
        <ele>1663.41</ele>
        <time>2025-10-14T00:12:01.633Z</time>
      </trkpt>
      <trkpt lat="33.359464" lon="126.515239">
        <ele>1662.76</ele>
        <time>2025-10-14T00:12:36.666Z</time>
      </trkpt>
      <trkpt lat="33.359472" lon="126.515328">
        <ele>1662.82</ele>
        <time>2025-10-14T00:12:57.329Z</time>
      </trkpt>
      <trkpt lat="33.359488" lon="126.515346">
        <ele>1662.98</ele>
        <time>2025-10-14T00:13:03.150Z</time>
      </trkpt>
      <trkpt lat="33.359488" lon="126.515346">
        <ele>1662.98</ele>
        <time>2025-10-14T00:13:03.150Z</time>
      </trkpt>
      <trkpt lat="33.359803" lon="126.515698">
        <ele>1666.14</ele>
        <time>2025-10-14T00:14:57.406Z</time>
      </trkpt>
      <trkpt lat="33.360206" lon="126.516076">
        <ele>1668.08</ele>
        <time>2025-10-14T00:17:13.155Z</time>
      </trkpt>
      <trkpt lat="33.360619" lon="126.516548">
        <ele>1669</ele>
        <time>2025-10-14T00:19:44.551Z</time>
      </trkpt>
      <trkpt lat="33.36087" lon="126.516913">
        <ele>1668.43</ele>
        <time>2025-10-14T00:21:29.262Z</time>
      </trkpt>
      <trkpt lat="33.361039" lon="126.517155">
        <ele>1669.99</ele>
        <time>2025-10-14T00:22:39.124Z</time>
      </trkpt>
      <trkpt lat="33.361259" lon="126.517364">
        <ele>1670.64</ele>
        <time>2025-10-14T00:23:53.593Z</time>
      </trkpt>
      <trkpt lat="33.361356" lon="126.517371">
        <ele>1669.38</ele>
        <time>2025-10-14T00:24:19.360Z</time>
      </trkpt>
      <trkpt lat="33.361479" lon="126.517444">
        <ele>1669.29</ele>
        <time>2025-10-14T00:24:55.762Z</time>
      </trkpt>
      <trkpt lat="33.361573" lon="126.517554">
        <ele>1669.47</ele>
        <time>2025-10-14T00:25:30.615Z</time>
      </trkpt>
      <trkpt lat="33.36191" lon="126.51771">
        <ele>1668.39</ele>
        <time>2025-10-14T00:27:06.422Z</time>
      </trkpt>
      <trkpt lat="33.362004" lon="126.517755">
        <ele>1668.71</ele>
        <time>2025-10-14T00:27:33.266Z</time>
      </trkpt>
      <trkpt lat="33.362128" lon="126.517774">
        <ele>1668.93</ele>
        <time>2025-10-14T00:28:06.414Z</time>
      </trkpt>
      <trkpt lat="33.362161" lon="126.517653">
        <ele>1668.26</ele>
        <time>2025-10-14T00:28:35.857Z</time>
      </trkpt>
      <trkpt lat="33.362161" lon="126.517653">
        <ele>1668.26</ele>
        <time>2025-10-14T00:28:35.857Z</time>
      </trkpt>
      <trkpt lat="33.36224" lon="126.517364">
        <ele>1666.66</ele>
        <time>2025-10-14T00:29:46.195Z</time>
      </trkpt>
      <trkpt lat="33.362316" lon="126.517013">
        <ele>1663.68</ele>
        <time>2025-10-14T00:31:10.069Z</time>
      </trkpt>
      <trkpt lat="33.362403" lon="126.516731">
        <ele>1661.01</ele>
        <time>2025-10-14T00:32:19.606Z</time>
      </trkpt>
      <trkpt lat="33.362551" lon="126.516468">
        <ele>1658.57</ele>
        <time>2025-10-14T00:33:32.960Z</time>
      </trkpt>
      <trkpt lat="33.362757" lon="126.516232">
        <ele>1654.3</ele>
        <time>2025-10-14T00:34:51.921Z</time>
      </trkpt>
      <trkpt lat="33.362968" lon="126.515958">
        <ele>1648.91</ele>
        <time>2025-10-14T00:36:18.128Z</time>
      </trkpt>
      <trkpt lat="33.363246" lon="126.515717">
        <ele>1641</ele>
        <time>2025-10-14T00:37:53.182Z</time>
      </trkpt>
      <trkpt lat="33.363358" lon="126.515568">
        <ele>1637.77</ele>
        <time>2025-10-14T00:38:39.549Z</time>
      </trkpt>
      <trkpt lat="33.363422" lon="126.51531">
        <ele>1633.85</ele>
        <time>2025-10-14T00:39:41.803Z</time>
      </trkpt>
      <trkpt lat="33.363522" lon="126.515028">
        <ele>1629.97</ele>
        <time>2025-10-14T00:40:52.667Z</time>
      </trkpt>
      <trkpt lat="33.363658" lon="126.514789">
        <ele>1626.69</ele>
        <time>2025-10-14T00:41:59.561Z</time>
      </trkpt>
      <trkpt lat="33.363832" lon="126.514596">
        <ele>1623.66</ele>
        <time>2025-10-14T00:43:05.250Z</time>
      </trkpt>
      <trkpt lat="33.364079" lon="126.514371">
        <ele>1619.4</ele>
        <time>2025-10-14T00:44:31.203Z</time>
      </trkpt>
      <trkpt lat="33.364289" lon="126.514145">
        <ele>1615.94</ele>
        <time>2025-10-14T00:45:49.402Z</time>
      </trkpt>
      <trkpt lat="33.364529" lon="126.513925">
        <ele>1611.56</ele>
        <time>2025-10-14T00:47:13.112Z</time>
      </trkpt>
      <trkpt lat="33.364677" lon="126.513821">
        <ele>1609.85</ele>
        <time>2025-10-14T00:48:00.638Z</time>
      </trkpt>
      <trkpt lat="33.36474" lon="126.513748">
        <ele>1608.35</ele>
        <time>2025-10-14T00:48:24.918Z</time>
      </trkpt>
      <trkpt lat="33.364968" lon="126.513359">
        <ele>1604.22</ele>
        <time>2025-10-14T00:50:14.841Z</time>
      </trkpt>
      <trkpt lat="33.365083" lon="126.513131">
        <ele>1603.1</ele>
        <time>2025-10-14T00:51:16.449Z</time>
      </trkpt>
      <trkpt lat="33.365259" lon="126.512866">
        <ele>1600.32</ele>
        <time>2025-10-14T00:52:34.762Z</time>
      </trkpt>
      <trkpt lat="33.365356" lon="126.512767">
        <ele>1599.07</ele>
        <time>2025-10-14T00:53:10.061Z</time>
      </trkpt>
      <trkpt lat="33.365383" lon="126.512726">
        <ele>1598.65</ele>
        <time>2025-10-14T00:53:22.137Z</time>
      </trkpt>
      <trkpt lat="33.365416" lon="126.512582">
        <ele>1597.96</ele>
        <time>2025-10-14T00:53:56.675Z</time>
      </trkpt>
      <trkpt lat="33.365459" lon="126.512472">
        <ele>1597.57</ele>
        <time>2025-10-14T00:54:24.767Z</time>
      </trkpt>
      <trkpt lat="33.365542" lon="126.512364">
        <ele>1596.44</ele>
        <time>2025-10-14T00:54:58.714Z</time>
      </trkpt>
      <trkpt lat="33.365584" lon="126.512211">
        <ele>1595.63</ele>
        <time>2025-10-14T00:55:35.965Z</time>
      </trkpt>
      <trkpt lat="33.365635" lon="126.512076">
        <ele>1595.28</ele>
        <time>2025-10-14T00:56:12.240Z</time>
      </trkpt>
      <trkpt lat="33.365635" lon="126.512076">
        <ele>1595.28</ele>
        <time>2025-10-14T00:56:12.240Z</time>
      </trkpt>
      <trkpt lat="33.365728" lon="126.511946">
        <ele>1594.3</ele>
        <time>2025-10-14T00:56:54.147Z</time>
      </trkpt>
      <trkpt lat="33.365867" lon="126.51182">
        <ele>1593.44</ele>
        <time>2025-10-14T00:57:45.253Z</time>
      </trkpt>
      <trkpt lat="33.365967" lon="126.511699">
        <ele>1592.97</ele>
        <time>2025-10-14T00:58:26.929Z</time>
      </trkpt>
      <trkpt lat="33.366178" lon="126.511522">
        <ele>1591.5</ele>
        <time>2025-10-14T00:59:42.451Z</time>
      </trkpt>
      <trkpt lat="33.366353" lon="126.511361">
        <ele>1590.28</ele>
        <time>2025-10-14T01:00:47.145Z</time>
      </trkpt>
      <trkpt lat="33.366541" lon="126.511168">
        <ele>1588.95</ele>
        <time>2025-10-14T01:01:59.738Z</time>
      </trkpt>
      <trkpt lat="33.366691" lon="126.511037">
        <ele>1587.2</ele>
        <time>2025-10-14T01:02:54.163Z</time>
      </trkpt>
      <trkpt lat="33.366812" lon="126.510953">
        <ele>1587.06</ele>
        <time>2025-10-14T01:03:35.163Z</time>
      </trkpt>
      <trkpt lat="33.366935" lon="126.510951">
        <ele>1586.78</ele>
        <time>2025-10-14T01:04:11.222Z</time>
      </trkpt>
      <trkpt lat="33.366984" lon="126.510921">
        <ele>1586.77</ele>
        <time>2025-10-14T01:04:27.354Z</time>
      </trkpt>
      <trkpt lat="33.367235" lon="126.510693">
        <ele>1586.14</ele>
        <time>2025-10-14T01:05:59.710Z</time>
      </trkpt>
      <trkpt lat="33.367289" lon="126.510621">
        <ele>1585.77</ele>
        <time>2025-10-14T01:06:23.401Z</time>
      </trkpt>
      <trkpt lat="33.367448" lon="126.510575">
        <ele>1584.66</ele>
        <time>2025-10-14T01:07:11.351Z</time>
      </trkpt>
      <trkpt lat="33.367535" lon="126.510489">
        <ele>1584.05</ele>
        <time>2025-10-14T01:07:44.422Z</time>
      </trkpt>
      <trkpt lat="33.367589" lon="126.510449">
        <ele>1583.68</ele>
        <time>2025-10-14T01:08:03.035Z</time>
      </trkpt>
      <trkpt lat="33.367703" lon="126.510256">
        <ele>1582.76</ele>
        <time>2025-10-14T01:09:00.908Z</time>
      </trkpt>
      <trkpt lat="33.367811" lon="126.510101">
        <ele>1581.27</ele>
        <time>2025-10-14T01:09:50.327Z</time>
      </trkpt>
      <trkpt lat="33.367954" lon="126.509921">
        <ele>1580.14</ele>
        <time>2025-10-14T01:10:51.147Z</time>
      </trkpt>
      <trkpt lat="33.36812" lon="126.509819">
        <ele>1577.96</ele>
        <time>2025-10-14T01:11:45.841Z</time>
      </trkpt>
      <trkpt lat="33.368234" lon="126.509693">
        <ele>1576.35</ele>
        <time>2025-10-14T01:12:31.319Z</time>
      </trkpt>
      <trkpt lat="33.368342" lon="126.509588">
        <ele>1574.24</ele>
        <time>2025-10-14T01:13:12.100Z</time>
      </trkpt>
      <trkpt lat="33.36864" lon="126.509172">
        <ele>1569.31</ele>
        <time>2025-10-14T01:15:26.276Z</time>
      </trkpt>
      <trkpt lat="33.368678" lon="126.509049">
        <ele>1568.33</ele>
        <time>2025-10-14T01:15:58.382Z</time>
      </trkpt>
      <trkpt lat="33.368691" lon="126.508936">
        <ele>1568</ele>
        <time>2025-10-14T01:16:26.307Z</time>
      </trkpt>
      <trkpt lat="33.368754" lon="126.50884">
        <ele>1567.14</ele>
        <time>2025-10-14T01:16:56.197Z</time>
      </trkpt>
      <trkpt lat="33.368792" lon="126.5087">
        <ele>1567.16</ele>
        <time>2025-10-14T01:17:32.236Z</time>
      </trkpt>
      <trkpt lat="33.368844" lon="126.508556">
        <ele>1566.89</ele>
        <time>2025-10-14T01:18:10.644Z</time>
      </trkpt>
      <trkpt lat="33.368933" lon="126.508448">
        <ele>1565.9</ele>
        <time>2025-10-14T01:18:47.789Z</time>
      </trkpt>
      <trkpt lat="33.36902" lon="126.508261">
        <ele>1565.49</ele>
        <time>2025-10-14T01:19:40.194Z</time>
      </trkpt>
      <trkpt lat="33.369292" lon="126.507979">
        <ele>1561.29</ele>
        <time>2025-10-14T01:21:25.663Z</time>
      </trkpt>
      <trkpt lat="33.369444" lon="126.507778">
        <ele>1559.14</ele>
        <time>2025-10-14T01:22:32.046Z</time>
      </trkpt>
      <trkpt lat="33.369531" lon="126.507738">
        <ele>1556.56</ele>
        <time>2025-10-14T01:22:59.364Z</time>
      </trkpt>
      <trkpt lat="33.369594" lon="126.507619">
        <ele>1555.83</ele>
        <time>2025-10-14T01:23:33.857Z</time>
      </trkpt>
      <trkpt lat="33.369632" lon="126.507475">
        <ele>1557.03</ele>
        <time>2025-10-14T01:24:10.828Z</time>
      </trkpt>
      <trkpt lat="33.369749" lon="126.507233">
        <ele>1556.58</ele>
        <time>2025-10-14T01:25:19.284Z</time>
      </trkpt>
      <trkpt lat="33.369831" lon="126.507206">
        <ele>1555.16</ele>
        <time>2025-10-14T01:25:44.213Z</time>
      </trkpt>
      <trkpt lat="33.369926" lon="126.507142">
        <ele>1554.45</ele>
        <time>2025-10-14T01:26:16.166Z</time>
      </trkpt>
      <trkpt lat="33.369982" lon="126.507048">
        <ele>1554.44</ele>
        <time>2025-10-14T01:26:44.433Z</time>
      </trkpt>
      <trkpt lat="33.370076" lon="126.506968">
        <ele>1553.6</ele>
        <time>2025-10-14T01:27:18.239Z</time>
      </trkpt>
      <trkpt lat="33.370192" lon="126.50682">
        <ele>1551.71</ele>
        <time>2025-10-14T01:28:07.929Z</time>
      </trkpt>
      <trkpt lat="33.370295" lon="126.506708">
        <ele>1549.98</ele>
        <time>2025-10-14T01:28:48.714Z</time>
      </trkpt>
      <trkpt lat="33.370403" lon="126.506547">
        <ele>1547.49</ele>
        <time>2025-10-14T01:29:39.269Z</time>
      </trkpt>
      <trkpt lat="33.370458" lon="126.506422">
        <ele>1545.63</ele>
        <time>2025-10-14T01:30:13.858Z</time>
      </trkpt>
      <trkpt lat="33.370633" lon="126.506104">
        <ele>1539.82</ele>
        <time>2025-10-14T01:31:47.090Z</time>
      </trkpt>
      <trkpt lat="33.370727" lon="126.505914">
        <ele>1536.84</ele>
        <time>2025-10-14T01:32:41.153Z</time>
      </trkpt>
      <trkpt lat="33.370795" lon="126.505753">
        <ele>1533.57</ele>
        <time>2025-10-14T01:33:25.321Z</time>
      </trkpt>
      <trkpt lat="33.370887" lon="126.505695">
        <ele>1532.2</ele>
        <time>2025-10-14T01:33:55.799Z</time>
      </trkpt>
      <trkpt lat="33.370945" lon="126.505586">
        <ele>1530.3</ele>
        <time>2025-10-14T01:34:27.439Z</time>
      </trkpt>
      <trkpt lat="33.37098" lon="126.505418">
        <ele>1526.55</ele>
        <time>2025-10-14T01:35:09.827Z</time>
      </trkpt>
      <trkpt lat="33.371101" lon="126.50526">
        <ele>1523.62</ele>
        <time>2025-10-14T01:36:02.308Z</time>
      </trkpt>
      <trkpt lat="33.371211" lon="126.505058">
        <ele>1519.55</ele>
        <time>2025-10-14T01:37:01.344Z</time>
      </trkpt>
      <trkpt lat="33.371341" lon="126.504744">
        <ele>1513.17</ele>
        <time>2025-10-14T01:38:27.142Z</time>
      </trkpt>
      <trkpt lat="33.371377" lon="126.50464">
        <ele>1510.97</ele>
        <time>2025-10-14T01:38:54.702Z</time>
      </trkpt>
      <trkpt lat="33.371477" lon="126.504517">
        <ele>1508.15</ele>
        <time>2025-10-14T01:39:36.726Z</time>
      </trkpt>
      <trkpt lat="33.371533" lon="126.5044">
        <ele>1505.04</ele>
        <time>2025-10-14T01:40:09.739Z</time>
      </trkpt>
      <trkpt lat="33.371675" lon="126.504237">
        <ele>1501</ele>
        <time>2025-10-14T01:41:07.402Z</time>
      </trkpt>
      <trkpt lat="33.37175" lon="126.504102">
        <ele>1497.97</ele>
        <time>2025-10-14T01:41:47.096Z</time>
      </trkpt>
      <trkpt lat="33.371824" lon="126.503931">
        <ele>1493.72</ele>
        <time>2025-10-14T01:42:34.244Z</time>
      </trkpt>
      <trkpt lat="33.372042" lon="126.503653">
        <ele>1486.26</ele>
        <time>2025-10-14T01:44:07.601Z</time>
      </trkpt>
      <trkpt lat="33.372197" lon="126.503481">
        <ele>1482.12</ele>
        <time>2025-10-14T01:45:09.548Z</time>
      </trkpt>
      <trkpt lat="33.372313" lon="126.503403">
        <ele>1479.33</ele>
        <time>2025-10-14T01:45:48.547Z</time>
      </trkpt>
      <trkpt lat="33.372493" lon="126.503261">
        <ele>1475.28</ele>
        <time>2025-10-14T01:46:51.734Z</time>
      </trkpt>
      <trkpt lat="33.37262" lon="126.503121">
        <ele>1471.88</ele>
        <time>2025-10-14T01:47:42.336Z</time>
      </trkpt>
      <trkpt lat="33.372663" lon="126.503013">
        <ele>1469.21</ele>
        <time>2025-10-14T01:48:11.626Z</time>
      </trkpt>
      <trkpt lat="33.372752" lon="126.50284">
        <ele>1465.13</ele>
        <time>2025-10-14T01:49:01.368Z</time>
      </trkpt>
      <trkpt lat="33.372768" lon="126.502684">
        <ele>1462.29</ele>
        <time>2025-10-14T01:49:39.844Z</time>
      </trkpt>
      <trkpt lat="33.37299" lon="126.502365">
        <ele>1454.27</ele>
        <time>2025-10-14T01:51:21.498Z</time>
      </trkpt>
      <trkpt lat="33.37309" lon="126.502178">
        <ele>1450.23</ele>
        <time>2025-10-14T01:52:15.857Z</time>
      </trkpt>
      <trkpt lat="33.373151" lon="126.502042">
        <ele>1447.43</ele>
        <time>2025-10-14T01:52:53.648Z</time>
      </trkpt>
      <trkpt lat="33.373191" lon="126.501824">
        <ele>1443.36</ele>
        <time>2025-10-14T01:53:48.288Z</time>
      </trkpt>
      <trkpt lat="33.373269" lon="126.501688">
        <ele>1440.44</ele>
        <time>2025-10-14T01:54:28.676Z</time>
      </trkpt>
      <trkpt lat="33.373323" lon="126.501619">
        <ele>1438.87</ele>
        <time>2025-10-14T01:54:51.825Z</time>
      </trkpt>
      <trkpt lat="33.373359" lon="126.501517">
        <ele>1436.84</ele>
        <time>2025-10-14T01:55:18.933Z</time>
      </trkpt>
      <trkpt lat="33.373514" lon="126.501305">
        <ele>1432.06</ele>
        <time>2025-10-14T01:56:27.911Z</time>
      </trkpt>
      <trkpt lat="33.373559" lon="126.501218">
        <ele>1430.49</ele>
        <time>2025-10-14T01:56:52.963Z</time>
      </trkpt>
      <trkpt lat="33.373606" lon="126.501158">
        <ele>1429.5</ele>
        <time>2025-10-14T01:57:13.101Z</time>
      </trkpt>
      <trkpt lat="33.37375" lon="126.500935">
        <ele>1425.16</ele>
        <time>2025-10-14T01:58:22.108Z</time>
      </trkpt>
      <trkpt lat="33.373781" lon="126.500817">
        <ele>1423.48</ele>
        <time>2025-10-14T01:58:52.390Z</time>
      </trkpt>
      <trkpt lat="33.373859" lon="126.500656">
        <ele>1420.9</ele>
        <time>2025-10-14T01:59:37.955Z</time>
      </trkpt>
      <trkpt lat="33.373937" lon="126.500536">
        <ele>1419.47</ele>
        <time>2025-10-14T02:00:15.181Z</time>
      </trkpt>
      <trkpt lat="33.373964" lon="126.500461">
        <ele>1418.6</ele>
        <time>2025-10-14T02:00:35.174Z</time>
      </trkpt>
      <trkpt lat="33.373982" lon="126.500348">
        <ele>1417.35</ele>
        <time>2025-10-14T02:01:03.335Z</time>
      </trkpt>
      <trkpt lat="33.37415" lon="126.500026">
        <ele>1413.55</ele>
        <time>2025-10-14T02:02:36.281Z</time>
      </trkpt>
      <trkpt lat="33.374426" lon="126.499774">
        <ele>1410.39</ele>
        <time>2025-10-14T02:04:18.024Z</time>
      </trkpt>
      <trkpt lat="33.37452" lon="126.499664">
        <ele>1409.1</ele>
        <time>2025-10-14T02:04:56.552Z</time>
      </trkpt>
      <trkpt lat="33.374618" lon="126.499586">
        <ele>1407.96</ele>
        <time>2025-10-14T02:05:31.046Z</time>
      </trkpt>
      <trkpt lat="33.374677" lon="126.499503">
        <ele>1407.07</ele>
        <time>2025-10-14T02:05:57.728Z</time>
      </trkpt>
      <trkpt lat="33.374814" lon="126.499349">
        <ele>1405.84</ele>
        <time>2025-10-14T02:06:52.810Z</time>
      </trkpt>
      <trkpt lat="33.374921" lon="126.499275">
        <ele>1405.04</ele>
        <time>2025-10-14T02:07:29.031Z</time>
      </trkpt>
      <trkpt lat="33.374999" lon="126.499248">
        <ele>1404.34</ele>
        <time>2025-10-14T02:07:52.832Z</time>
      </trkpt>
      <trkpt lat="33.375094" lon="126.499083">
        <ele>1401.84</ele>
        <time>2025-10-14T02:08:41.893Z</time>
      </trkpt>
      <trkpt lat="33.375167" lon="126.499034">
        <ele>1400.85</ele>
        <time>2025-10-14T02:09:08.128Z</time>
      </trkpt>
      <trkpt lat="33.375167" lon="126.499033">
        <ele>1400.84</ele>
        <time>2025-10-14T02:09:08.389Z</time>
      </trkpt>
      <trkpt lat="33.375214" lon="126.499017">
        <ele>1400.09</ele>
        <time>2025-10-14T02:09:23.707Z</time>
      </trkpt>
      <trkpt lat="33.375363" lon="126.499026">
        <ele>1398.07</ele>
        <time>2025-10-14T02:10:10.477Z</time>
      </trkpt>
      <trkpt lat="33.375423" lon="126.498953">
        <ele>1396.81</ele>
        <time>2025-10-14T02:10:37.292Z</time>
      </trkpt>
      <trkpt lat="33.37556" lon="126.498926">
        <ele>1394.75</ele>
        <time>2025-10-14T02:11:20.819Z</time>
      </trkpt>
      <trkpt lat="33.375758" lon="126.498744">
        <ele>1392.17</ele>
        <time>2025-10-14T02:12:39.070Z</time>
      </trkpt>
      <trkpt lat="33.376592" lon="126.498766">
        <ele>1382.1</ele>
        <time>2025-10-14T02:17:00.592Z</time>
      </trkpt>
      <trkpt lat="33.376761" lon="126.498873">
        <ele>1378.56</ele>
        <time>2025-10-14T02:18:00.522Z</time>
      </trkpt>
      <trkpt lat="33.377065" lon="126.498914">
        <ele>1372.31</ele>
        <time>2025-10-14T02:19:36.428Z</time>
      </trkpt>
      <trkpt lat="33.377394" lon="126.498884">
        <ele>1363.66</ele>
        <time>2025-10-14T02:21:19.868Z</time>
      </trkpt>
      <trkpt lat="33.377675" lon="126.498722">
        <ele>1356.64</ele>
        <time>2025-10-14T02:22:57.638Z</time>
      </trkpt>
      <trkpt lat="33.377872" lon="126.498594">
        <ele>1351.39</ele>
        <time>2025-10-14T02:24:07.902Z</time>
      </trkpt>
      <trkpt lat="33.378051" lon="126.498615">
        <ele>1346.28</ele>
        <time>2025-10-14T02:25:04.287Z</time>
      </trkpt>
      <trkpt lat="33.378141" lon="126.498787">
        <ele>1344.3</ele>
        <time>2025-10-14T02:25:57.424Z</time>
      </trkpt>
      <trkpt lat="33.378338" lon="126.498787">
        <ele>1339.5</ele>
        <time>2025-10-14T02:26:59.183Z</time>
      </trkpt>
      <trkpt lat="33.378866" lon="126.498746">
        <ele>1324.65</ele>
        <time>2025-10-14T02:29:45.058Z</time>
      </trkpt>
      <trkpt lat="33.379216" lon="126.498765">
        <ele>1316.52</ele>
        <time>2025-10-14T02:31:34.895Z</time>
      </trkpt>
      <trkpt lat="33.379485" lon="126.498465">
        <ele>1304.32</ele>
        <time>2025-10-14T02:33:30.132Z</time>
      </trkpt>
      <trkpt lat="33.379754" lon="126.498272">
        <ele>1292.83</ele>
        <time>2025-10-14T02:35:08.440Z</time>
      </trkpt>
      <trkpt lat="33.380016" lon="126.498207">
        <ele>1286.1</ele>
        <time>2025-10-14T02:36:32.321Z</time>
      </trkpt>
      <trkpt lat="33.380542" lon="126.498079">
        <ele>1268.34</ele>
        <time>2025-10-14T02:39:20.592Z</time>
      </trkpt>
      <trkpt lat="33.380852" lon="126.498062">
        <ele>1259.1</ele>
        <time>2025-10-14T02:40:59.461Z</time>
      </trkpt>
      <trkpt lat="33.380852" lon="126.498062">
        <ele>1259.1</ele>
        <time>2025-10-14T02:40:59.461Z</time>
      </trkpt>
      <trkpt lat="33.380936" lon="126.498057">
        <ele>1256.58</ele>
        <time>2025-10-14T02:41:26.256Z</time>
      </trkpt>
      <trkpt lat="33.381205" lon="126.497907">
        <ele>1246.5</ele>
        <time>2025-10-14T02:43:00.794Z</time>
      </trkpt>
      <trkpt lat="33.381599" lon="126.4978">
        <ele>1234.49</ele>
        <time>2025-10-14T02:45:09.509Z</time>
      </trkpt>
      <trkpt lat="33.381832" lon="126.497692">
        <ele>1226.37</ele>
        <time>2025-10-14T02:46:29.109Z</time>
      </trkpt>
      <trkpt lat="33.382334" lon="126.497328">
        <ele>1205.36</ele>
        <time>2025-10-14T02:49:36.078Z</time>
      </trkpt>
      <trkpt lat="33.382513" lon="126.497049">
        <ele>1195.48</ele>
        <time>2025-10-14T02:51:09.681Z</time>
      </trkpt>
      <trkpt lat="33.382871" lon="126.496856">
        <ele>1181.23</ele>
        <time>2025-10-14T02:53:14.764Z</time>
      </trkpt>
      <trkpt lat="33.38314" lon="126.496469">
        <ele>1164.41</ele>
        <time>2025-10-14T02:55:28.722Z</time>
      </trkpt>
      <trkpt lat="33.383534" lon="126.496276">
        <ele>1146.52</ele>
        <time>2025-10-14T02:57:44.345Z</time>
      </trkpt>
      <trkpt lat="33.383946" lon="126.496019">
        <ele>1131.18</ele>
        <time>2025-10-14T03:00:12.347Z</time>
      </trkpt>
      <trkpt lat="33.384609" lon="126.495654">
        <ele>1107.42</ele>
        <time>2025-10-14T03:04:04.828Z</time>
      </trkpt>
      <trkpt lat="33.385032" lon="126.495491">
        <ele>1093</ele>
        <time>2025-10-14T03:06:32.847Z</time>
      </trkpt>
      <trkpt lat="33.385032" lon="126.495491">
        <ele>1093.01</ele>
        <time>2025-10-14T03:06:32.847Z</time>
      </trkpt>
      <trkpt lat="33.385165" lon="126.495439">
        <ele>1088.48</ele>
        <time>2025-10-14T03:07:19.451Z</time>
      </trkpt>
      <trkpt lat="33.385675" lon="126.495507">
        <ele>1068.79</ele>
        <time>2025-10-14T03:10:10.386Z</time>
      </trkpt>
      <trkpt lat="33.386607" lon="126.49555">
        <ele>1041.59</ele>
        <time>2025-10-14T03:15:21.074Z</time>
      </trkpt>
      <trkpt lat="33.387037" lon="126.495442">
        <ele>1030.65</ele>
        <time>2025-10-14T03:17:47.427Z</time>
      </trkpt>
      <trkpt lat="33.387512" lon="126.4952">
        <ele>1016.66</ele>
        <time>2025-10-14T03:20:39.375Z</time>
      </trkpt>
      <trkpt lat="33.387675" lon="126.494969">
        <ele>1012.64</ele>
        <time>2025-10-14T03:22:03.494Z</time>
      </trkpt>
      <trkpt lat="33.387858" lon="126.494838">
        <ele>1007.07</ele>
        <time>2025-10-14T03:23:14.512Z</time>
      </trkpt>
      <trkpt lat="33.387974" lon="126.494687">
        <ele>1005.08</ele>
        <time>2025-10-14T03:24:11.581Z</time>
      </trkpt>
      <trkpt lat="33.388014" lon="126.494495">
        <ele>1005.1</ele>
        <time>2025-10-14T03:25:06.619Z</time>
      </trkpt>
      <trkpt lat="33.388201" lon="126.494365">
        <ele>1001.48</ele>
        <time>2025-10-14T03:26:18.643Z</time>
      </trkpt>
      <trkpt lat="33.388356" lon="126.49417">
        <ele>998.24</ele>
        <time>2025-10-14T03:27:33.525Z</time>
      </trkpt>
      <trkpt lat="33.388454" lon="126.494118">
        <ele>995.38</ele>
        <time>2025-10-14T03:28:09.230Z</time>
      </trkpt>
      <trkpt lat="33.38855" lon="126.494024">
        <ele>992.69</ele>
        <time>2025-10-14T03:28:50.535Z</time>
      </trkpt>
      <trkpt lat="33.38858" lon="126.49402">
        <ele>991.5</ele>
        <time>2025-10-14T03:28:58.207Z</time>
      </trkpt>
      <trkpt lat="33.38858" lon="126.49402">
        <ele>991.52</ele>
        <time>2025-10-14T03:28:58.207Z</time>
      </trkpt>
      <trkpt lat="33.388712" lon="126.494002">
        <ele>986.36</ele>
        <time>2025-10-14T03:29:31.974Z</time>
      </trkpt>
      <trkpt lat="33.388883" lon="126.494375">
        <ele>975.23</ele>
        <time>2025-10-14T03:31:02.280Z</time>
      </trkpt>
      <trkpt lat="33.388969" lon="126.494379">
        <ele>972.69</ele>
        <time>2025-10-14T03:31:24.155Z</time>
      </trkpt>
      <trkpt lat="33.389246" lon="126.494403">
        <ele>972.72</ele>
        <time>2025-10-14T03:32:34.744Z</time>
      </trkpt>
      <trkpt lat="33.389608" lon="126.494324">
        <ele>982.11</ele>
        <time>2025-10-14T03:34:08.269Z</time>
      </trkpt>
      <trkpt lat="33.389959" lon="126.494369">
        <ele>983.88</ele>
        <time>2025-10-14T03:35:37.993Z</time>
      </trkpt>
      <trkpt lat="33.390146" lon="126.494517">
        <ele>984.37</ele>
        <time>2025-10-14T03:36:34.963Z</time>
      </trkpt>
      <trkpt lat="33.390548" lon="126.494807">
        <ele>984.25</ele>
        <time>2025-10-14T03:38:34.243Z</time>
      </trkpt>
      <trkpt lat="33.390772" lon="126.495096">
        <ele>985.11</ele>
        <time>2025-10-14T03:39:57.927Z</time>
      </trkpt>
      <trkpt lat="33.390979" lon="126.495222">
        <ele>983.52</ele>
        <time>2025-10-14T03:40:56.945Z</time>
      </trkpt>
      <trkpt lat="33.391099" lon="126.495385">
        <ele>981.98</ele>
        <time>2025-10-14T03:41:43.062Z</time>
      </trkpt>
      <trkpt lat="33.391382" lon="126.495418">
        <ele>977.08</ele>
        <time>2025-10-14T03:42:55.332Z</time>
      </trkpt>
      <trkpt lat="33.39153" lon="126.495383">
        <ele>974.95</ele>
        <time>2025-10-14T03:43:33.675Z</time>
      </trkpt>
      <trkpt lat="33.39185" lon="126.495131">
        <ele>969.36</ele>
        <time>2025-10-14T03:44:21.862Z</time>
      </trkpt>
      <trkpt lat="33.39185" lon="126.495131">
        <ele>969.36</ele>
        <time>2025-10-14T03:44:21.862Z</time>
      </trkpt>
      <trkpt lat="33.39194" lon="126.495051">
        <ele>968.14</ele>
        <time>2025-10-14T03:44:35.964Z</time>
      </trkpt>
      <trkpt lat="33.392208" lon="126.49479">
        <ele>967.82</ele>
        <time>2025-10-14T03:45:19.425Z</time>
      </trkpt>
      <trkpt lat="33.392272" lon="126.494714">
        <ele>968.18</ele>
        <time>2025-10-14T03:45:30.764Z</time>
      </trkpt>
      <trkpt lat="33.392294" lon="126.494653">
        <ele>968.33</ele>
        <time>2025-10-14T03:45:37.744Z</time>
      </trkpt>
      <trkpt lat="33.392291" lon="126.494523">
        <ele>968.45</ele>
        <time>2025-10-14T03:45:51.406Z</time>
      </trkpt>
      <trkpt lat="33.392294" lon="126.494409">
        <ele>968.92</ele>
        <time>2025-10-14T03:46:03.388Z</time>
      </trkpt>
      <trkpt lat="33.392282" lon="126.494285">
        <ele>969.35</ele>
        <time>2025-10-14T03:46:16.501Z</time>
      </trkpt>
      <trkpt lat="33.392249" lon="126.494122">
        <ele>969.62</ele>
        <time>2025-10-14T03:46:34.121Z</time>
      </trkpt>
      <trkpt lat="33.392108" lon="126.493715">
        <ele>969.99</ele>
        <time>2025-10-14T03:47:20.412Z</time>
      </trkpt>
      <trkpt lat="33.391931" lon="126.493041">
        <ele>966.36</ele>
        <time>2025-10-14T03:48:34.638Z</time>
      </trkpt>
      <trkpt lat="33.391924" lon="126.492824">
        <ele>965.98</ele>
        <time>2025-10-14T03:48:57.451Z</time>
      </trkpt>
      <trkpt lat="33.391942" lon="126.49254">
        <ele>965.22</ele>
        <time>2025-10-14T03:49:27.372Z</time>
      </trkpt>
      <trkpt lat="33.392029" lon="126.49214">
        <ele>964.87</ele>
        <time>2025-10-14T03:50:10.796Z</time>
      </trkpt>
      <trkpt lat="33.39223" lon="126.491601">
        <ele>964.67</ele>
        <time>2025-10-14T03:51:12.811Z</time>
      </trkpt>
      <trkpt lat="33.392264" lon="126.491424">
        <ele>965.29</ele>
        <time>2025-10-14T03:51:31.891Z</time>
      </trkpt>
      <trkpt lat="33.392246" lon="126.491164">
        <ele>964</ele>
        <time>2025-10-14T03:51:59.298Z</time>
      </trkpt>
      <trkpt lat="33.392036" lon="126.489817">
        <ele>953.02</ele>
        <time>2025-10-14T03:54:23.252Z</time>
      </trkpt>
      <trkpt lat="33.391952" lon="126.4889">
        <ele>950.85</ele>
        <time>2025-10-14T03:56:00.165Z</time>
      </trkpt>
      <trkpt lat="33.391896" lon="126.488289">
        <ele>947.48</ele>
        <time>2025-10-14T03:57:04.739Z</time>
      </trkpt>
      <trkpt lat="33.391864" lon="126.488062">
        <ele>947.16</ele>
        <time>2025-10-14T03:57:28.924Z</time>
      </trkpt>
      <trkpt lat="33.39185" lon="126.487999">
        <ele>947.12</ele>
        <time>2025-10-14T03:57:35.772Z</time>
      </trkpt>
      <trkpt lat="33.391826" lon="126.487939">
        <ele>946.79</ele>
        <time>2025-10-14T03:57:42.761Z</time>
      </trkpt>
      <trkpt lat="33.391757" lon="126.487882">
        <ele>945.28</ele>
        <time>2025-10-14T03:57:53.307Z</time>
      </trkpt>
      <trkpt lat="33.391633" lon="126.487644">
        <ele>943.41</ele>
        <time>2025-10-14T03:58:22.778Z</time>
      </trkpt>
      <trkpt lat="33.391505" lon="126.487418">
        <ele>942.65</ele>
        <time>2025-10-14T03:58:51.467Z</time>
      </trkpt>
      <trkpt lat="33.391297" lon="126.487077">
        <ele>942.3</ele>
        <time>2025-10-14T03:59:35.832Z</time>
      </trkpt>
      <trkpt lat="33.391105" lon="126.486762">
        <ele>938.82</ele>
        <time>2025-10-14T04:00:16.804Z</time>
      </trkpt>
      <trkpt lat="33.391029" lon="126.486547">
        <ele>937.05</ele>
        <time>2025-10-14T04:00:41.331Z</time>
      </trkpt>
      <trkpt lat="33.390933" lon="126.486146">
        <ele>934.92</ele>
        <time>2025-10-14T04:01:25.156Z</time>
      </trkpt>
      <trkpt lat="33.390884" lon="126.485916">
        <ele>933.77</ele>
        <time>2025-10-14T04:01:50.093Z</time>
      </trkpt>
      <trkpt lat="33.390866" lon="126.485799">
        <ele>932.83</ele>
        <time>2025-10-14T04:02:02.591Z</time>
      </trkpt>
      <trkpt lat="33.390879" lon="126.485687">
        <ele>932.37</ele>
        <time>2025-10-14T04:02:14.470Z</time>
      </trkpt>
      <trkpt lat="33.390882" lon="126.485568">
        <ele>931.99</ele>
        <time>2025-10-14T04:02:26.977Z</time>
      </trkpt>
      <trkpt lat="33.390955" lon="126.48523">
        <ele>931.77</ele>
        <time>2025-10-14T04:03:03.654Z</time>
      </trkpt>
      <trkpt lat="33.391026" lon="126.484879">
        <ele>929.56</ele>
        <time>2025-10-14T04:03:41.595Z</time>
      </trkpt>
      <trkpt lat="33.391069" lon="126.48414">
        <ele>923.55</ele>
        <time>2025-10-14T04:04:59.419Z</time>
      </trkpt>
      <trkpt lat="33.391079" lon="126.484084">
        <ele>923.04</ele>
        <time>2025-10-14T04:05:05.435Z</time>
      </trkpt>
      <trkpt lat="33.391211" lon="126.483647">
        <ele>919.94</ele>
        <time>2025-10-14T04:05:48.017Z</time>
      </trkpt>
      <trkpt lat="33.391211" lon="126.483647">
        <ele>919.94</ele>
        <time>2025-10-14T04:05:48.017Z</time>
      </trkpt>
      <trkpt lat="33.391216" lon="126.483631">
        <ele>919.82</ele>
        <time>2025-10-14T04:05:49.582Z</time>
      </trkpt>
      <trkpt lat="33.3912" lon="126.483511">
        <ele>918.75</ele>
        <time>2025-10-14T04:06:00.716Z</time>
      </trkpt>
      <trkpt lat="33.391343" lon="126.48323">
        <ele>917.21</ele>
        <time>2025-10-14T04:06:30.869Z</time>
      </trkpt>
      <trkpt lat="33.391795" lon="126.482686">
        <ele>910.91</ele>
        <time>2025-10-14T04:07:41.192Z</time>
      </trkpt>
      <trkpt lat="33.391949" lon="126.482486">
        <ele>908.59</ele>
        <time>2025-10-14T04:08:06.121Z</time>
      </trkpt>
      <trkpt lat="33.392154" lon="126.482161">
        <ele>905.81</ele>
        <time>2025-10-14T04:08:43.443Z</time>
      </trkpt>
      <trkpt lat="33.392254" lon="126.481961">
        <ele>903.84</ele>
        <time>2025-10-14T04:09:04.803Z</time>
      </trkpt>
      <trkpt lat="33.392354" lon="126.481641">
        <ele>902.79</ele>
        <time>2025-10-14T04:09:36.110Z</time>
      </trkpt>
      <trkpt lat="33.392554" lon="126.481001">
        <ele>896.06</ele>
        <time>2025-10-14T04:10:38.725Z</time>
      </trkpt>
      <trkpt lat="33.393075" lon="126.479892">
        <ele>885.5</ele>
        <time>2025-10-14T04:12:35.323Z</time>
      </trkpt>
      <trkpt lat="33.393234" lon="126.479688">
        <ele>882.59</ele>
        <time>2025-10-14T04:13:00.894Z</time>
      </trkpt>
      <trkpt lat="33.393551" lon="126.479354">
        <ele>879.26</ele>
        <time>2025-10-14T04:13:47.228Z</time>
      </trkpt>
      <trkpt lat="33.39374" lon="126.47907">
        <ele>876.87</ele>
        <time>2025-10-14T04:14:20.505Z</time>
      </trkpt>
      <trkpt lat="33.394074" lon="126.478425">
        <ele>869.58</ele>
        <time>2025-10-14T04:15:30.049Z</time>
      </trkpt>
      <trkpt lat="33.394488" lon="126.477814">
        <ele>860.65</ele>
        <time>2025-10-14T04:16:42.150Z</time>
      </trkpt>
      <trkpt lat="33.394673" lon="126.47767">
        <ele>857.69</ele>
        <time>2025-10-14T04:17:06.363Z</time>
      </trkpt>
      <trkpt lat="33.394701" lon="126.477658">
        <ele>857.24</ele>
        <time>2025-10-14T04:17:09.083Z</time>
      </trkpt>
      <trkpt lat="33.394701" lon="126.477658">
        <ele>857.24</ele>
        <time>2025-10-14T04:17:09.083Z</time>
      </trkpt>
      <trkpt lat="33.395123" lon="126.477488">
        <ele>850.47</ele>
        <time>2025-10-14T04:17:49.820Z</time>
      </trkpt>
      <trkpt lat="33.395371" lon="126.477433">
        <ele>848.49</ele>
        <time>2025-10-14T04:18:12.896Z</time>
      </trkpt>
      <trkpt lat="33.395622" lon="126.477354">
        <ele>845.39</ele>
        <time>2025-10-14T04:18:36.641Z</time>
      </trkpt>
      <trkpt lat="33.39662" lon="126.477041">
        <ele>838.42</ele>
        <time>2025-10-14T04:20:11.033Z</time>
      </trkpt>
      <trkpt lat="33.397113" lon="126.476887">
        <ele>832.83</ele>
        <time>2025-10-14T04:20:57.649Z</time>
      </trkpt>
      <trkpt lat="33.397227" lon="126.47683">
        <ele>830.43</ele>
        <time>2025-10-14T04:21:08.951Z</time>
      </trkpt>
      <trkpt lat="33.397348" lon="126.476687">
        <ele>827.15</ele>
        <time>2025-10-14T04:21:24.503Z</time>
      </trkpt>
      <trkpt lat="33.397384" lon="126.476584">
        <ele>825.29</ele>
        <time>2025-10-14T04:21:33.032Z</time>
      </trkpt>
      <trkpt lat="33.397379" lon="126.476434">
        <ele>823.47</ele>
        <time>2025-10-14T04:21:44.499Z</time>
      </trkpt>
      <trkpt lat="33.397313" lon="126.476213">
        <ele>821.37</ele>
        <time>2025-10-14T04:22:02.428Z</time>
      </trkpt>
      <trkpt lat="33.397182" lon="126.475565">
        <ele>816.18</ele>
        <time>2025-10-14T04:22:53.358Z</time>
      </trkpt>
      <trkpt lat="33.397091" lon="126.474921">
        <ele>810.93</ele>
        <time>2025-10-14T04:23:43.251Z</time>
      </trkpt>
      <trkpt lat="33.397" lon="126.474277">
        <ele>803.02</ele>
        <time>2025-10-14T04:24:33.144Z</time>
      </trkpt>
      <trkpt lat="33.397021" lon="126.474043">
        <ele>800.39</ele>
        <time>2025-10-14T04:24:51.121Z</time>
      </trkpt>
      <trkpt lat="33.397107" lon="126.473863">
        <ele>797.96</ele>
        <time>2025-10-14T04:25:06.963Z</time>
      </trkpt>
      <trkpt lat="33.39716" lon="126.473793">
        <ele>797</ele>
        <time>2025-10-14T04:25:13.385Z</time>
      </trkpt>
      <trkpt lat="33.39716" lon="126.473793">
        <ele>797</ele>
        <time>2025-10-14T04:25:13.385Z</time>
      </trkpt>
      <trkpt lat="33.397714" lon="126.473071">
        <ele>786.98</ele>
        <time>2025-10-14T04:26:20.027Z</time>
      </trkpt>
      <trkpt lat="33.397959" lon="126.472905">
        <ele>785.22</ele>
        <time>2025-10-14T04:26:42.939Z</time>
      </trkpt>
      <trkpt lat="33.398174" lon="126.472815">
        <ele>783.29</ele>
        <time>2025-10-14T04:27:01.478Z</time>
      </trkpt>
      <trkpt lat="33.398584" lon="126.472718">
        <ele>779.73</ele>
        <time>2025-10-14T04:27:35.497Z</time>
      </trkpt>
      <trkpt lat="33.3988" lon="126.47272">
        <ele>777.38</ele>
        <time>2025-10-14T04:27:53.080Z</time>
      </trkpt>
      <trkpt lat="33.399577" lon="126.47285">
        <ele>771.94</ele>
        <time>2025-10-14T04:28:56.942Z</time>
      </trkpt>
      <trkpt lat="33.399944" lon="126.472957">
        <ele>767.42</ele>
        <time>2025-10-14T04:29:27.688Z</time>
      </trkpt>
      <trkpt lat="33.400431" lon="126.473139">
        <ele>760.45</ele>
        <time>2025-10-14T04:30:09.215Z</time>
      </trkpt>
      <trkpt lat="33.400631" lon="126.473166">
        <ele>756.83</ele>
        <time>2025-10-14T04:30:25.598Z</time>
      </trkpt>
      <trkpt lat="33.401248" lon="126.473156">
        <ele>748.72</ele>
        <time>2025-10-14T04:31:15.827Z</time>
      </trkpt>
      <trkpt lat="33.401556" lon="126.473151">
        <ele>742.53</ele>
        <time>2025-10-14T04:31:40.900Z</time>
      </trkpt>
      <trkpt lat="33.401734" lon="126.473196">
        <ele>739.43</ele>
        <time>2025-10-14T04:31:55.708Z</time>
      </trkpt>
      <trkpt lat="33.40189" lon="126.473273">
        <ele>738.15</ele>
        <time>2025-10-14T04:32:09.442Z</time>
      </trkpt>
      <trkpt lat="33.402042" lon="126.473398">
        <ele>737.49</ele>
        <time>2025-10-14T04:32:24.450Z</time>
      </trkpt>
      <trkpt lat="33.402665" lon="126.473976">
        <ele>734.9</ele>
        <time>2025-10-14T04:33:28.595Z</time>
      </trkpt>
      <trkpt lat="33.402986" lon="126.474171">
        <ele>731.87</ele>
        <time>2025-10-14T04:33:57.892Z</time>
      </trkpt>
      <trkpt lat="33.403501" lon="126.474367">
        <ele>726.21</ele>
        <time>2025-10-14T04:34:41.878Z</time>
      </trkpt>
      <trkpt lat="33.403976" lon="126.474491">
        <ele>723.63</ele>
        <time>2025-10-14T04:35:21.451Z</time>
      </trkpt>
      <trkpt lat="33.404451" lon="126.474616">
        <ele>718.06</ele>
        <time>2025-10-14T04:36:01.038Z</time>
      </trkpt>
      <trkpt lat="33.405043" lon="126.474787">
        <ele>709.88</ele>
        <time>2025-10-14T04:36:50.608Z</time>
      </trkpt>
      <trkpt lat="33.405206" lon="126.47485">
        <ele>708.75</ele>
        <time>2025-10-14T04:37:04.550Z</time>
      </trkpt>
      <trkpt lat="33.405436" lon="126.47499">
        <ele>706.29</ele>
        <time>2025-10-14T04:37:25.550Z</time>
      </trkpt>
      <trkpt lat="33.405816" lon="126.475358">
        <ele>700.82</ele>
        <time>2025-10-14T04:38:05.326Z</time>
      </trkpt>
      <trkpt lat="33.406386" lon="126.47591">
        <ele>696.85</ele>
        <time>2025-10-14T04:39:04.990Z</time>
      </trkpt>
      <trkpt lat="33.40664" lon="126.476098">
        <ele>693.43</ele>
        <time>2025-10-14T04:39:29.294Z</time>
      </trkpt>
      <trkpt lat="33.406912" lon="126.476226">
        <ele>689.78</ele>
        <time>2025-10-14T04:39:53.082Z</time>
      </trkpt>
      <trkpt lat="33.408952" lon="126.476945">
        <ele>669.05</ele>
        <time>2025-10-14T04:42:46.179Z</time>
      </trkpt>
      <trkpt lat="33.409462" lon="126.477125">
        <ele>665.79</ele>
        <time>2025-10-14T04:43:29.458Z</time>
      </trkpt>
      <trkpt lat="33.410446" lon="126.477448">
        <ele>659.88</ele>
        <time>2025-10-14T04:44:52.509Z</time>
      </trkpt>
      <trkpt lat="33.410577" lon="126.477531">
        <ele>659.43</ele>
        <time>2025-10-14T04:45:05.378Z</time>
      </trkpt>
      <trkpt lat="33.410577" lon="126.477531">
        <ele>659.43</ele>
        <time>2025-10-14T04:45:05.378Z</time>
      </trkpt>
      <trkpt lat="33.410656" lon="126.477581">
        <ele>659.16</ele>
        <time>2025-10-14T04:45:13.137Z</time>
      </trkpt>
      <trkpt lat="33.41087" lon="126.477768">
        <ele>657.4</ele>
        <time>2025-10-14T04:45:36.140Z</time>
      </trkpt>
      <trkpt lat="33.411943" lon="126.4787">
        <ele>639.9</ele>
        <time>2025-10-14T04:47:31.240Z</time>
      </trkpt>
      <trkpt lat="33.412372" lon="126.479073">
        <ele>634.88</ele>
        <time>2025-10-14T04:48:17.274Z</time>
      </trkpt>
      <trkpt lat="33.412804" lon="126.479427">
        <ele>629.84</ele>
        <time>2025-10-14T04:49:02.727Z</time>
      </trkpt>
      <trkpt lat="33.413046" lon="126.479628">
        <ele>628.99</ele>
        <time>2025-10-14T04:49:28.300Z</time>
      </trkpt>
      <trkpt lat="33.41353" lon="126.48003">
        <ele>621.25</ele>
        <time>2025-10-14T04:50:19.446Z</time>
      </trkpt>
      <trkpt lat="33.413786" lon="126.480177">
        <ele>618.25</ele>
        <time>2025-10-14T04:50:44.100Z</time>
      </trkpt>
      <trkpt lat="33.414111" lon="126.480305">
        <ele>615.85</ele>
        <time>2025-10-14T04:51:13.810Z</time>
      </trkpt>
      <trkpt lat="33.414315" lon="126.48041">
        <ele>613.85</ele>
        <time>2025-10-14T04:51:33.092Z</time>
      </trkpt>
      <trkpt lat="33.414497" lon="126.480523">
        <ele>609.8</ele>
        <time>2025-10-14T04:51:52.470Z</time>
      </trkpt>
      <trkpt lat="33.414497" lon="126.480523">
        <ele>609.81</ele>
        <time>2025-10-14T04:51:52.470Z</time>
      </trkpt>
      <trkpt lat="33.414519" lon="126.480537">
        <ele>609.32</ele>
        <time>2025-10-14T04:51:54.824Z</time>
      </trkpt>
      <trkpt lat="33.414594" lon="126.480656">
        <ele>606.27</ele>
        <time>2025-10-14T04:52:06.589Z</time>
      </trkpt>
      <trkpt lat="33.414648" lon="126.480779">
        <ele>603.38</ele>
        <time>2025-10-14T04:52:17.555Z</time>
      </trkpt>
      <trkpt lat="33.41469" lon="126.480913">
        <ele>601.39</ele>
        <time>2025-10-14T04:52:28.849Z</time>
      </trkpt>
      <trkpt lat="33.414708" lon="126.4811">
        <ele>599.09</ele>
        <time>2025-10-14T04:52:43.702Z</time>
      </trkpt>
      <trkpt lat="33.414704" lon="126.481485">
        <ele>596.02</ele>
        <time>2025-10-14T04:53:14.083Z</time>
      </trkpt>
      <trkpt lat="33.414722" lon="126.481697">
        <ele>595.37</ele>
        <time>2025-10-14T04:53:30.897Z</time>
      </trkpt>
      <trkpt lat="33.414691" lon="126.483073">
        <ele>596.75</ele>
        <time>2025-10-14T04:55:19.511Z</time>
      </trkpt>
      <trkpt lat="33.414714" lon="126.483365">
        <ele>597</ele>
        <time>2025-10-14T04:55:42.654Z</time>
      </trkpt>
      <trkpt lat="33.414795" lon="126.483606">
        <ele>596.65</ele>
        <time>2025-10-14T04:56:03.154Z</time>
      </trkpt>
      <trkpt lat="33.41488" lon="126.483783">
        <ele>595.19</ele>
        <time>2025-10-14T04:56:19.266Z</time>
      </trkpt>
      <trkpt lat="33.41496" lon="126.483951">
        <ele>593.81</ele>
        <time>2025-10-14T04:56:34.527Z</time>
      </trkpt>
      <trkpt lat="33.415575" lon="126.485042">
        <ele>586.06</ele>
        <time>2025-10-14T04:58:18.405Z</time>
      </trkpt>
      <trkpt lat="33.416036" lon="126.485861">
        <ele>585.73</ele>
        <time>2025-10-14T04:59:36.349Z</time>
      </trkpt>
      <trkpt lat="33.416704" lon="126.487124">
        <ele>581.08</ele>
        <time>2025-10-14T05:01:34.328Z</time>
      </trkpt>
      <trkpt lat="33.417285" lon="126.488221">
        <ele>583.23</ele>
        <time>2025-10-14T05:03:16.840Z</time>
      </trkpt>
      <trkpt lat="33.417576" lon="126.488769">
        <ele>577.23</ele>
        <time>2025-10-14T05:04:08.088Z</time>
      </trkpt>
      <trkpt lat="33.417866" lon="126.489318">
        <ele>580.16</ele>
        <time>2025-10-14T05:04:59.352Z</time>
      </trkpt>
      <trkpt lat="33.41823" lon="126.490004">
        <ele>576.57</ele>
        <time>2025-10-14T05:06:03.491Z</time>
      </trkpt>
      <trkpt lat="33.418326" lon="126.490166">
        <ele>576.98</ele>
        <time>2025-10-14T05:06:19.167Z</time>
      </trkpt>
      <trkpt lat="33.418511" lon="126.490426">
        <ele>577.1</ele>
        <time>2025-10-14T05:06:46.124Z</time>
      </trkpt>
      <trkpt lat="33.418899" lon="126.49092">
        <ele>575.06</ele>
        <time>2025-10-14T05:07:39.645Z</time>
      </trkpt>
      <trkpt lat="33.419123" lon="126.491171">
        <ele>572.01</ele>
        <time>2025-10-14T05:08:08.638Z</time>
      </trkpt>
      <trkpt lat="33.419267" lon="126.491341">
        <ele>571.5</ele>
        <time>2025-10-14T05:08:27.748Z</time>
      </trkpt>
      <trkpt lat="33.4192599914968" lon="126.4913499634713">
        <ele>567.7</ele>
        <time>2025-10-14T05:08:29.241Z</time>
      </trkpt>
      <trkpt lat="33.419267" lon="126.491341">
        <ele>571.5</ele>
        <time>2025-10-14T05:08:30.734Z</time>
      </trkpt>
      <trkpt lat="33.419379" lon="126.491472">
        <ele>571.1</ele>
        <time>2025-10-14T05:08:53.534Z</time>
      </trkpt>
      <trkpt lat="33.419022" lon="126.491938">
        <ele>578.42</ele>
        <time>2025-10-14T05:10:10.438Z</time>
      </trkpt>
      <trkpt lat="33.418761" lon="126.492255">
        <ele>581.33</ele>
        <time>2025-10-14T05:11:04.575Z</time>
      </trkpt>
      <trkpt lat="33.418589" lon="126.49245">
        <ele>584.51</ele>
        <time>2025-10-14T05:11:39.069Z</time>
      </trkpt>
      <trkpt lat="33.418561" lon="126.492633">
        <ele>586.83</ele>
        <time>2025-10-14T05:12:01.689Z</time>
      </trkpt>
      <trkpt lat="33.418561" lon="126.492665">
        <ele>587.08</ele>
        <time>2025-10-14T05:12:05.013Z</time>
      </trkpt>
      <trkpt lat="33.418561" lon="126.492665">
        <ele>587.08</ele>
        <time>2025-10-14T05:12:05.013Z</time>
      </trkpt>
      <trkpt lat="33.418569" lon="126.492975">
        <ele>589.52</ele>
        <time>2025-10-14T05:12:37.237Z</time>
      </trkpt>
      <trkpt lat="33.418622" lon="126.493109">
        <ele>589.3</ele>
        <time>2025-10-14T05:12:52.643Z</time>
      </trkpt>
      <trkpt lat="33.418787" lon="126.493299">
        <ele>588.81</ele>
        <time>2025-10-14T05:13:21.131Z</time>
      </trkpt>
      <trkpt lat="33.418873" lon="126.493427">
        <ele>588.51</ele>
        <time>2025-10-14T05:13:38.203Z</time>
      </trkpt>
      <trkpt lat="33.418912" lon="126.493573">
        <ele>588.82</ele>
        <time>2025-10-14T05:13:54.130Z</time>
      </trkpt>
      <trkpt lat="33.418922" lon="126.493707">
        <ele>589.42</ele>
        <time>2025-10-14T05:14:08.108Z</time>
      </trkpt>
      <trkpt lat="33.418899" lon="126.493825">
        <ele>589.75</ele>
        <time>2025-10-14T05:14:20.698Z</time>
      </trkpt>
      <trkpt lat="33.418831" lon="126.493917">
        <ele>590.69</ele>
        <time>2025-10-14T05:14:33.466Z</time>
      </trkpt>
      <trkpt lat="33.418715" lon="126.493967">
        <ele>592.3</ele>
        <time>2025-10-14T05:14:48.811Z</time>
      </trkpt>
      <trkpt lat="33.418356" lon="126.49402">
        <ele>596.15</ele>
        <time>2025-10-14T05:15:33.837Z</time>
      </trkpt>
      <trkpt lat="33.418177" lon="126.494057">
        <ele>598.47</ele>
        <time>2025-10-14T05:15:56.448Z</time>
      </trkpt>
      <trkpt lat="33.418101" lon="126.494136">
        <ele>599.46</ele>
        <time>2025-10-14T05:16:08.973Z</time>
      </trkpt>
      <trkpt lat="33.41804" lon="126.494365">
        <ele>600.86</ele>
        <time>2025-10-14T05:16:33.948Z</time>
      </trkpt>
      <trkpt lat="33.41804" lon="126.49443">
        <ele>601.08</ele>
        <time>2025-10-14T05:16:40.701Z</time>
      </trkpt>
      <trkpt lat="33.418119" lon="126.494745">
        <ele>601.62</ele>
        <time>2025-10-14T05:17:14.875Z</time>
      </trkpt>
      <trkpt lat="33.418144" lon="126.494975">
        <ele>601.67</ele>
        <time>2025-10-14T05:17:38.974Z</time>
      </trkpt>
      <trkpt lat="33.418117" lon="126.49516">
        <ele>602.64</ele>
        <time>2025-10-14T05:17:58.487Z</time>
      </trkpt>
      <trkpt lat="33.418051" lon="126.495292">
        <ele>603.81</ele>
        <time>2025-10-14T05:18:14.474Z</time>
      </trkpt>
      <trkpt lat="33.417949" lon="126.495428">
        <ele>605.98</ele>
        <time>2025-10-14T05:18:33.471Z</time>
      </trkpt>
      <trkpt lat="33.417848" lon="126.495516">
        <ele>606.69</ele>
        <time>2025-10-14T05:18:46.054Z</time>
      </trkpt>
      <trkpt lat="33.417848" lon="126.495516">
        <ele>606.69</ele>
        <time>2025-10-14T05:18:46.054Z</time>
      </trkpt>
      <trkpt lat="33.417747" lon="126.495583">
        <ele>607.79</ele>
        <time>2025-10-14T05:18:57.686Z</time>
      </trkpt>
      <trkpt lat="33.41764" lon="126.495625">
        <ele>609.26</ele>
        <time>2025-10-14T05:19:09.031Z</time>
      </trkpt>
      <trkpt lat="33.417496" lon="126.495664">
        <ele>610.8</ele>
        <time>2025-10-14T05:19:23.906Z</time>
      </trkpt>
      <trkpt lat="33.417124" lon="126.495666">
        <ele>614.62</ele>
        <time>2025-10-14T05:20:01.388Z</time>
      </trkpt>
      <trkpt lat="33.416152" lon="126.495741">
        <ele>621.51</ele>
        <time>2025-10-14T05:21:39.528Z</time>
      </trkpt>
      <trkpt lat="33.41596" lon="126.495829">
        <ele>623.69</ele>
        <time>2025-10-14T05:22:00.241Z</time>
      </trkpt>
      <trkpt lat="33.415641" lon="126.496099">
        <ele>628.13</ele>
        <time>2025-10-14T05:22:39.595Z</time>
      </trkpt>
      <trkpt lat="33.415557" lon="126.496226">
        <ele>629.3</ele>
        <time>2025-10-14T05:22:53.222Z</time>
      </trkpt>
      <trkpt lat="33.415502" lon="126.496368">
        <ele>630.6</ele>
        <time>2025-10-14T05:23:06.387Z</time>
      </trkpt>
      <trkpt lat="33.415471" lon="126.496608">
        <ele>632.59</ele>
        <time>2025-10-14T05:23:27.695Z</time>
      </trkpt>
      <trkpt lat="33.415471" lon="126.496608">
        <ele>632.59</ele>
        <time>2025-10-14T05:23:27.695Z</time>
      </trkpt>
      <trkpt lat="33.415462" lon="126.496672">
        <ele>633.12</ele>
        <time>2025-10-14T05:23:33.389Z</time>
      </trkpt>
      <trkpt lat="33.415482" lon="126.496845">
        <ele>633.63</ele>
        <time>2025-10-14T05:23:48.712Z</time>
      </trkpt>
      <trkpt lat="33.415653" lon="126.4973">
        <ele>634.83</ele>
        <time>2025-10-14T05:24:32.493Z</time>
      </trkpt>
      <trkpt lat="33.415813" lon="126.497578">
        <ele>636.89</ele>
        <time>2025-10-14T05:25:02.120Z</time>
      </trkpt>
      <trkpt lat="33.416142" lon="126.497994">
        <ele>637.12</ele>
        <time>2025-10-14T05:25:52.401Z</time>
      </trkpt>
      <trkpt lat="33.416557" lon="126.49876">
        <ele>638.07</ele>
        <time>2025-10-14T05:27:12.525Z</time>
      </trkpt>
      <trkpt lat="33.416764" lon="126.499364">
        <ele>638.35</ele>
        <time>2025-10-14T05:28:09.812Z</time>
      </trkpt>
      <trkpt lat="33.417015" lon="126.500005">
        <ele>639.8</ele>
        <time>2025-10-14T05:29:11.933Z</time>
      </trkpt>
      <trkpt lat="33.417163" lon="126.500605">
        <ele>638.86</ele>
        <time>2025-10-14T05:30:06.826Z</time>
      </trkpt>
      <trkpt lat="33.417184" lon="126.500752">
        <ele>637.96</ele>
        <time>2025-10-14T05:30:19.911Z</time>
      </trkpt>
      <trkpt lat="33.417184" lon="126.50152">
        <ele>635.95</ele>
        <time>2025-10-14T05:31:27.294Z</time>
      </trkpt>
      <trkpt lat="33.417194" lon="126.501965">
        <ele>636.06</ele>
        <time>2025-10-14T05:32:06.351Z</time>
      </trkpt>
      <trkpt lat="33.417207" lon="126.502126">
        <ele>636.61</ele>
        <time>2025-10-14T05:32:20.542Z</time>
      </trkpt>
      <trkpt lat="33.417237" lon="126.502319">
        <ele>636.96</ele>
        <time>2025-10-14T05:32:37.766Z</time>
      </trkpt>
      <trkpt lat="33.417317" lon="126.502611">
        <ele>636.86</ele>
        <time>2025-10-14T05:33:04.730Z</time>
      </trkpt>
      <trkpt lat="33.417387" lon="126.502897">
        <ele>637.66</ele>
        <time>2025-10-14T05:33:30.879Z</time>
      </trkpt>
      <trkpt lat="33.417426" lon="126.503021">
        <ele>638.09</ele>
        <time>2025-10-14T05:33:42.505Z</time>
      </trkpt>
      <trkpt lat="33.417552" lon="126.503107">
        <ele>635.95</ele>
        <time>2025-10-14T05:33:57.748Z</time>
      </trkpt>
      <trkpt lat="33.417666" lon="126.503205">
        <ele>634.18</ele>
        <time>2025-10-14T05:34:12.496Z</time>
      </trkpt>
      <trkpt lat="33.417764" lon="126.503236">
        <ele>632.98</ele>
        <time>2025-10-14T05:34:23.150Z</time>
      </trkpt>
      <trkpt lat="33.417701" lon="126.503575">
        <ele>634.71</ele>
        <time>2025-10-14T05:34:51.305Z</time>
      </trkpt>
      <trkpt lat="33.417701" lon="126.503575">
        <ele>634.71</ele>
        <time>2025-10-14T05:34:51.305Z</time>
      </trkpt>
      <trkpt lat="33.417629" lon="126.503957">
        <ele>636.66</ele>
        <time>2025-10-14T05:35:23.053Z</time>
      </trkpt>
      <trkpt lat="33.417485" lon="126.504687">
        <ele>643.99</ele>
        <time>2025-10-14T05:36:23.864Z</time>
      </trkpt>
      <trkpt lat="33.417431" lon="126.504912">
        <ele>644.6</ele>
        <time>2025-10-14T05:36:42.843Z</time>
      </trkpt>
      <trkpt lat="33.417357" lon="126.505094">
        <ele>645.23</ele>
        <time>2025-10-14T05:36:59.255Z</time>
      </trkpt>
      <trkpt lat="33.417205" lon="126.505291">
        <ele>646.85</ele>
        <time>2025-10-14T05:37:21.004Z</time>
      </trkpt>
      <trkpt lat="33.416818" lon="126.505684">
        <ele>649.15</ele>
        <time>2025-10-14T05:38:10.278Z</time>
      </trkpt>
      <trkpt lat="33.416694" lon="126.505883">
        <ele>650.59</ele>
        <time>2025-10-14T05:38:30.410Z</time>
      </trkpt>
      <trkpt lat="33.41667" lon="126.50597">
        <ele>650.47</ele>
        <time>2025-10-14T05:38:37.624Z</time>
      </trkpt>
      <trkpt lat="33.41667" lon="126.50597">
        <ele>650.47</ele>
        <time>2025-10-14T05:38:37.624Z</time>
      </trkpt>
      <trkpt lat="33.416647" lon="126.506056">
        <ele>650.35</ele>
        <time>2025-10-14T05:38:44.734Z</time>
      </trkpt>
      <trkpt lat="33.416662" lon="126.506272">
        <ele>649.92</ele>
        <time>2025-10-14T05:39:01.800Z</time>
      </trkpt>
      <trkpt lat="33.416754" lon="126.506853">
        <ele>647.31</ele>
        <time>2025-10-14T05:39:48.363Z</time>
      </trkpt>
      <trkpt lat="33.416741" lon="126.506973">
        <ele>647.15</ele>
        <time>2025-10-14T05:39:57.891Z</time>
      </trkpt>
      <trkpt lat="33.416736" lon="126.507262">
        <ele>646.41</ele>
        <time>2025-10-14T05:40:20.651Z</time>
      </trkpt>
      <trkpt lat="33.41669" lon="126.50758">
        <ele>646.52</ele>
        <time>2025-10-14T05:40:46.063Z</time>
      </trkpt>
      <trkpt lat="33.416753" lon="126.508235">
        <ele>644.3</ele>
        <time>2025-10-14T05:41:37.978Z</time>
      </trkpt>
      <trkpt lat="33.416785" lon="126.508562">
        <ele>640.89</ele>
        <time>2025-10-14T05:42:03.902Z</time>
      </trkpt>
      <trkpt lat="33.416775" lon="126.508739">
        <ele>640.06</ele>
        <time>2025-10-14T05:42:17.870Z</time>
      </trkpt>
      <trkpt lat="33.41667" lon="126.5093">
        <ele>641.8</ele>
        <time>2025-10-14T05:43:03.140Z</time>
      </trkpt>
      <trkpt lat="33.416579" lon="126.510006">
        <ele>644.35</ele>
        <time>2025-10-14T05:43:59.389Z</time>
      </trkpt>
      <trkpt lat="33.416588" lon="126.510778">
        <ele>640.9</ele>
        <time>2025-10-14T05:45:00.182Z</time>
      </trkpt>
      <trkpt lat="33.416631" lon="126.511198">
        <ele>638.52</ele>
        <time>2025-10-14T05:45:32.290Z</time>
      </trkpt>
      <trkpt lat="33.416631" lon="126.511198">
        <ele>638.52</ele>
        <time>2025-10-14T05:45:32.290Z</time>
      </trkpt>
      <trkpt lat="33.416639" lon="126.51128">
        <ele>638.06</ele>
        <time>2025-10-14T05:45:38.554Z</time>
      </trkpt>
      <trkpt lat="33.416729" lon="126.511612">
        <ele>633.41</ele>
        <time>2025-10-14T05:46:05.041Z</time>
      </trkpt>
      <trkpt lat="33.41683" lon="126.511798">
        <ele>631.79</ele>
        <time>2025-10-14T05:46:21.878Z</time>
      </trkpt>
      <trkpt lat="33.417293" lon="126.512235">
        <ele>626.54</ele>
        <time>2025-10-14T05:47:15.461Z</time>
      </trkpt>
      <trkpt lat="33.417448" lon="126.512477">
        <ele>624.61</ele>
        <time>2025-10-14T05:47:38.607Z</time>
      </trkpt>
      <trkpt lat="33.417553" lon="126.512715">
        <ele>624.05</ele>
        <time>2025-10-14T05:47:59.033Z</time>
      </trkpt>
      <trkpt lat="33.417622" lon="126.512997">
        <ele>623.61</ele>
        <time>2025-10-14T05:48:21.331Z</time>
      </trkpt>
      <trkpt lat="33.417662" lon="126.513236">
        <ele>621.97</ele>
        <time>2025-10-14T05:48:39.827Z</time>
      </trkpt>
      <trkpt lat="33.417752" lon="126.513502">
        <ele>619.77</ele>
        <time>2025-10-14T05:49:01.606Z</time>
      </trkpt>
      <trkpt lat="33.417891" lon="126.513802">
        <ele>617.19</ele>
        <time>2025-10-14T05:49:27.642Z</time>
      </trkpt>
      <trkpt lat="33.418211" lon="126.514365">
        <ele>613.34</ele>
        <time>2025-10-14T05:50:19.326Z</time>
      </trkpt>
      <trkpt lat="33.41826" lon="126.514564">
        <ele>612.23</ele>
        <time>2025-10-14T05:50:35.069Z</time>
      </trkpt>
      <trkpt lat="33.418249" lon="126.514746">
        <ele>611.13</ele>
        <time>2025-10-14T05:50:48.915Z</time>
      </trkpt>
      <trkpt lat="33.418173" lon="126.515095">
        <ele>610.3</ele>
        <time>2025-10-14T05:51:16.283Z</time>
      </trkpt>
      <trkpt lat="33.418168" lon="126.515213">
        <ele>610.49</ele>
        <time>2025-10-14T05:51:25.248Z</time>
      </trkpt>
      <trkpt lat="33.418318" lon="126.515668">
        <ele>608.41</ele>
        <time>2025-10-14T05:52:02.368Z</time>
      </trkpt>
      <trkpt lat="33.418464" lon="126.516173">
        <ele>603.7</ele>
        <time>2025-10-14T05:52:42.920Z</time>
      </trkpt>
      <trkpt lat="33.418565" lon="126.516454">
        <ele>600.13</ele>
        <time>2025-10-14T05:53:06.135Z</time>
      </trkpt>
      <trkpt lat="33.418654" lon="126.516639">
        <ele>598.08</ele>
        <time>2025-10-14T05:53:22.337Z</time>
      </trkpt>
      <trkpt lat="33.418809" lon="126.516843">
        <ele>595.45</ele>
        <time>2025-10-14T05:53:43.269Z</time>
      </trkpt>
      <trkpt lat="33.418889" lon="126.516996">
        <ele>594.07</ele>
        <time>2025-10-14T05:53:56.968Z</time>
      </trkpt>
      <trkpt lat="33.418949" lon="126.517075">
        <ele>593.07</ele>
        <time>2025-10-14T05:54:05.072Z</time>
      </trkpt>
      <trkpt lat="33.419173" lon="126.517373">
        <ele>590.73</ele>
        <time>2025-10-14T05:54:35.501Z</time>
      </trkpt>
      <trkpt lat="33.419239" lon="126.517828">
        <ele>591.01</ele>
        <time>2025-10-14T05:55:10.543Z</time>
      </trkpt>
      <trkpt lat="33.419283" lon="126.518071">
        <ele>590.4</ele>
        <time>2025-10-14T05:55:29.410Z</time>
      </trkpt>
      <trkpt lat="33.41938" lon="126.518449">
        <ele>587.18</ele>
        <time>2025-10-14T05:55:59.417Z</time>
      </trkpt>
      <trkpt lat="33.419498" lon="126.518682">
        <ele>585.4</ele>
        <time>2025-10-14T05:56:20.096Z</time>
      </trkpt>
      <trkpt lat="33.419691" lon="126.518953">
        <ele>583.74</ele>
        <time>2025-10-14T05:56:47.127Z</time>
      </trkpt>
      <trkpt lat="33.419926" lon="126.519337">
        <ele>582.44</ele>
        <time>2025-10-14T05:57:23.257Z</time>
      </trkpt>
      <trkpt lat="33.420034" lon="126.519583">
        <ele>580.68</ele>
        <time>2025-10-14T05:57:44.347Z</time>
      </trkpt>
      <trkpt lat="33.420061" lon="126.51973">
        <ele>579.39</ele>
        <time>2025-10-14T05:57:56.942Z</time>
      </trkpt>
      <trkpt lat="33.420061" lon="126.51973">
        <ele>579.39</ele>
        <time>2025-10-14T05:57:56.942Z</time>
      </trkpt>
      <trkpt lat="33.420128" lon="126.520096">
        <ele>576.16</ele>
        <time>2025-10-14T05:58:28.296Z</time>
      </trkpt>
      <trkpt lat="33.420126" lon="126.520194">
        <ele>575.63</ele>
        <time>2025-10-14T05:58:36.498Z</time>
      </trkpt>
      <trkpt lat="33.42005" lon="126.52063">
        <ele>573.94</ele>
        <time>2025-10-14T05:59:13.769Z</time>
      </trkpt>
      <trkpt lat="33.419922" lon="126.52112">
        <ele>572.25</ele>
        <time>2025-10-14T05:59:56.732Z</time>
      </trkpt>
      <trkpt lat="33.419816" lon="126.521551">
        <ele>572.99</ele>
        <time>2025-10-14T06:00:34.330Z</time>
      </trkpt>
      <trkpt lat="33.419789" lon="126.521789">
        <ele>573.18</ele>
        <time>2025-10-14T06:00:54.428Z</time>
      </trkpt>
      <trkpt lat="33.419779" lon="126.522004">
        <ele>573.8</ele>
        <time>2025-10-14T06:01:12.446Z</time>
      </trkpt>
      <trkpt lat="33.419809" lon="126.522219">
        <ele>574.84</ele>
        <time>2025-10-14T06:01:30.686Z</time>
      </trkpt>
      <trkpt lat="33.41982" lon="126.522245">
        <ele>574.55</ele>
        <time>2025-10-14T06:01:33.056Z</time>
      </trkpt>
      <trkpt lat="33.41982" lon="126.522245">
        <ele>574.54</ele>
        <time>2025-10-14T06:01:33.056Z</time>
      </trkpt>
      <trkpt lat="33.420336" lon="126.523479">
        <ele>560.72</ele>
        <time>2025-10-14T06:03:25.295Z</time>
      </trkpt>
      <trkpt lat="33.420468" lon="126.523794">
        <ele>559.86</ele>
        <time>2025-10-14T06:03:53.958Z</time>
      </trkpt>
      <trkpt lat="33.42055" lon="126.524012">
        <ele>558.65</ele>
        <time>2025-10-14T06:04:13.402Z</time>
      </trkpt>
      <trkpt lat="33.420819" lon="126.524493">
        <ele>553.97</ele>
        <time>2025-10-14T06:05:00.485Z</time>
      </trkpt>
      <trkpt lat="33.421135" lon="126.524909">
        <ele>549.15</ele>
        <time>2025-10-14T06:05:46.226Z</time>
      </trkpt>
      <trkpt lat="33.421287" lon="126.525081">
        <ele>547.74</ele>
        <time>2025-10-14T06:06:06.596Z</time>
      </trkpt>
      <trkpt lat="33.421489" lon="126.525274">
        <ele>546.33</ele>
        <time>2025-10-14T06:06:31.768Z</time>
      </trkpt>
      <trkpt lat="33.421707" lon="126.525458">
        <ele>543.81</ele>
        <time>2025-10-14T06:06:57.749Z</time>
      </trkpt>
      <trkpt lat="33.422022" lon="126.525633">
        <ele>540.59</ele>
        <time>2025-10-14T06:07:31.578Z</time>
      </trkpt>
      <trkpt lat="33.422312" lon="126.525887">
        <ele>536.2</ele>
        <time>2025-10-14T06:08:06.577Z</time>
      </trkpt>
      <trkpt lat="33.422427" lon="126.52607">
        <ele>534.8</ele>
        <time>2025-10-14T06:08:25.204Z</time>
      </trkpt>
      <trkpt lat="33.422509" lon="126.526171">
        <ele>534.23</ele>
        <time>2025-10-14T06:08:36.661Z</time>
      </trkpt>
      <trkpt lat="33.42262" lon="126.526593">
        <ele>531.79</ele>
        <time>2025-10-14T06:09:12.641Z</time>
      </trkpt>
      <trkpt lat="33.422723" lon="126.527062">
        <ele>528.77</ele>
        <time>2025-10-14T06:09:52.077Z</time>
      </trkpt>
      <trkpt lat="33.422818" lon="126.527403">
        <ele>528.14</ele>
        <time>2025-10-14T06:10:21.310Z</time>
      </trkpt>
      <trkpt lat="33.422961" lon="126.527757">
        <ele>527.15</ele>
        <time>2025-10-14T06:10:53.291Z</time>
      </trkpt>
      <trkpt lat="33.423137" lon="126.528307">
        <ele>524.71</ele>
        <time>2025-10-14T06:11:41.190Z</time>
      </trkpt>
      <trkpt lat="33.423354" lon="126.529363">
        <ele>522.02</ele>
        <time>2025-10-14T06:13:09.626Z</time>
      </trkpt>
      <trkpt lat="33.423441" lon="126.529852">
        <ele>520.25</ele>
        <time>2025-10-14T06:13:50.283Z</time>
      </trkpt>
      <trkpt lat="33.423561" lon="126.530305">
        <ele>520.35</ele>
        <time>2025-10-14T06:14:28.930Z</time>
      </trkpt>
      <trkpt lat="33.423744" lon="126.530857">
        <ele>518.9</ele>
        <time>2025-10-14T06:15:17.228Z</time>
      </trkpt>
      <trkpt lat="33.423944" lon="126.531338">
        <ele>517.52</ele>
        <time>2025-10-14T06:16:00.926Z</time>
      </trkpt>
      <trkpt lat="33.424147" lon="126.531632">
        <ele>515.06</ele>
        <time>2025-10-14T06:16:31.954Z</time>
      </trkpt>
      <trkpt lat="33.424309" lon="126.531822">
        <ele>513.32</ele>
        <time>2025-10-14T06:16:58.562Z</time>
      </trkpt>
      <trkpt lat="33.424309" lon="126.531822">
        <ele>513.32</ele>
        <time>2025-10-14T06:16:58.562Z</time>
      </trkpt>
      <trkpt lat="33.424467" lon="126.531972">
        <ele>513.1</ele>
        <time>2025-10-14T06:17:22.223Z</time>
      </trkpt>
      <trkpt lat="33.424633" lon="126.532107">
        <ele>513.42</ele>
        <time>2025-10-14T06:17:45.771Z</time>
      </trkpt>
      <trkpt lat="33.424859" lon="126.532311">
        <ele>514.33</ele>
        <time>2025-10-14T06:18:18.983Z</time>
      </trkpt>
      <trkpt lat="33.425093" lon="126.532489">
        <ele>514.25</ele>
        <time>2025-10-14T06:18:51.516Z</time>
      </trkpt>
      <trkpt lat="33.425673" lon="126.532998">
        <ele>513.14</ele>
        <time>2025-10-14T06:20:15.901Z</time>
      </trkpt>
      <trkpt lat="33.425807" lon="126.533177">
        <ele>513.02</ele>
        <time>2025-10-14T06:20:39.456Z</time>
      </trkpt>
      <trkpt lat="33.425888" lon="126.533352">
        <ele>513.17</ele>
        <time>2025-10-14T06:20:59.059Z</time>
      </trkpt>
      <trkpt lat="33.426011" lon="126.533724">
        <ele>513.46</ele>
        <time>2025-10-14T06:21:38.256Z</time>
      </trkpt>
      <trkpt lat="33.426035" lon="126.533857">
        <ele>513.56</ele>
        <time>2025-10-14T06:21:51.585Z</time>
      </trkpt>
      <trkpt lat="33.42605" lon="126.53416">
        <ele>513.79</ele>
        <time>2025-10-14T06:22:21.319Z</time>
      </trkpt>
      <trkpt lat="33.426018" lon="126.534895">
        <ele>514.21</ele>
        <time>2025-10-14T06:23:33.418Z</time>
      </trkpt>
      <trkpt lat="33.425994" lon="126.535443">
        <ele>516.47</ele>
        <time>2025-10-14T06:24:27.174Z</time>
      </trkpt>
      <trkpt lat="33.425995" lon="126.535584">
        <ele>517.05</ele>
        <time>2025-10-14T06:24:40.987Z</time>
      </trkpt>
      <trkpt lat="33.426059" lon="126.535927">
        <ele>518.49</ele>
        <time>2025-10-14T06:25:15.417Z</time>
      </trkpt>
      <trkpt lat="33.426252" lon="126.536755">
        <ele>526.97</ele>
        <time>2025-10-14T06:26:39.633Z</time>
      </trkpt>
      <trkpt lat="33.42628" lon="126.537072">
        <ele>527.67</ele>
        <time>2025-10-14T06:27:10.860Z</time>
      </trkpt>
      <trkpt lat="33.426266" lon="126.537358">
        <ele>526.31</ele>
        <time>2025-10-14T06:27:38.925Z</time>
      </trkpt>
      <trkpt lat="33.426236" lon="126.537661">
        <ele>524.37</ele>
        <time>2025-10-14T06:28:08.815Z</time>
      </trkpt>
      <trkpt lat="33.426149" lon="126.538572">
        <ele>525.87</ele>
        <time>2025-10-14T06:29:38.640Z</time>
      </trkpt>
      <trkpt lat="33.42608" lon="126.539105">
        <ele>528.35</ele>
        <time>2025-10-14T06:30:31.477Z</time>
      </trkpt>
      <trkpt lat="33.426034" lon="126.539309">
        <ele>529.72</ele>
        <time>2025-10-14T06:30:52.177Z</time>
      </trkpt>
      <trkpt lat="33.425947" lon="126.539548">
        <ele>530.83</ele>
        <time>2025-10-14T06:31:17.719Z</time>
      </trkpt>
      <trkpt lat="33.425564" lon="126.540197">
        <ele>535.33</ele>
        <time>2025-10-14T06:32:35.584Z</time>
      </trkpt>
      <trkpt lat="33.424933" lon="126.541312">
        <ele>544.41</ele>
        <time>2025-10-14T06:34:47.555Z</time>
      </trkpt>
      <trkpt lat="33.424863" lon="126.541453">
        <ele>545.32</ele>
        <time>2025-10-14T06:35:03.626Z</time>
      </trkpt>
      <trkpt lat="33.424786" lon="126.541641">
        <ele>546.72</ele>
        <time>2025-10-14T06:35:24.141Z</time>
      </trkpt>
      <trkpt lat="33.42466" lon="126.54191">
        <ele>548.07</ele>
        <time>2025-10-14T06:35:54.359Z</time>
      </trkpt>
      <trkpt lat="33.424397" lon="126.54255">
        <ele>549.15</ele>
        <time>2025-10-14T06:37:04.243Z</time>
      </trkpt>
      <trkpt lat="33.42428" lon="126.542916">
        <ele>549.87</ele>
        <time>2025-10-14T06:37:42.637Z</time>
      </trkpt>
      <trkpt lat="33.424062" lon="126.543527">
        <ele>552.82</ele>
        <time>2025-10-14T06:38:47.732Z</time>
      </trkpt>
      <trkpt lat="33.423843" lon="126.544138">
        <ele>552.93</ele>
        <time>2025-10-14T06:39:52.874Z</time>
      </trkpt>
      <trkpt lat="33.423283" lon="126.545737">
        <ele>560.37</ele>
        <time>2025-10-14T06:42:42.751Z</time>
      </trkpt>
      <trkpt lat="33.423145" lon="126.54609">
        <ele>564.06</ele>
        <time>2025-10-14T06:43:20.938Z</time>
      </trkpt>
      <trkpt lat="33.42304" lon="126.546431">
        <ele>567.63</ele>
        <time>2025-10-14T06:43:56.545Z</time>
      </trkpt>
      <trkpt lat="33.422852" lon="126.547094">
        <ele>573.51</ele>
        <time>2025-10-14T06:45:05.142Z</time>
      </trkpt>
      <trkpt lat="33.422768" lon="126.547414">
        <ele>575.72</ele>
        <time>2025-10-14T06:45:38.004Z</time>
      </trkpt>
      <trkpt lat="33.422518" lon="126.548375">
        <ele>577.59</ele>
        <time>2025-10-14T06:47:16.616Z</time>
      </trkpt>
      <trkpt lat="33.422351" lon="126.549015">
        <ele>575</ele>
        <time>2025-10-14T06:48:22.306Z</time>
      </trkpt>
      <trkpt lat="33.422295" lon="126.549423">
        <ele>575</ele>
        <time>2025-10-14T06:49:02.812Z</time>
      </trkpt>
      <trkpt lat="33.422429" lon="126.550097">
        <ele>575</ele>
        <time>2025-10-14T06:50:10.688Z</time>
      </trkpt>
      <trkpt lat="33.42215" lon="126.550176">
        <ele>575</ele>
        <time>2025-10-14T06:50:44.338Z</time>
      </trkpt>
      <trkpt lat="33.421943" lon="126.550226">
        <ele>576.33</ele>
        <time>2025-10-14T06:51:09.123Z</time>
      </trkpt>
      <trkpt lat="33.421740029007196" lon="126.55032997950912">
        <ele>588.2</ele>
        <time>2025-10-14T06:51:35.033Z</time>
      </trkpt>
      <trkpt lat="33.4215500112623" lon="126.55029997229576">
        <ele>590</ele>
        <time>2025-10-14T06:53:24.969Z</time>
      </trkpt>
      <trkpt lat="33.42138002626598" lon="126.55018002726138">
        <ele>591.4</ele>
        <time>2025-10-14T06:55:29.969Z</time>
      </trkpt>
      <trkpt lat="33.42123996466398" lon="126.55000995844603">
        <ele>592.3</ele>
        <time>2025-10-14T06:57:09.969Z</time>
      </trkpt>
      <trkpt lat="33.42109998688102" lon="126.54986000619829">
        <ele>593.3</ele>
        <time>2025-10-14T06:58:49.969Z</time>
      </trkpt>
      <trkpt lat="33.420899994671345" lon="126.54990996234119">
        <ele>594.3</ele>
        <time>2025-10-14T07:00:41.969Z</time>
      </trkpt>
      <trkpt lat="33.42072003521025" lon="126.549779959023">
        <ele>595</ele>
        <time>2025-10-14T07:01:56.969Z</time>
      </trkpt>
      <trkpt lat="33.420600006356835" lon="126.5495999995619">
        <ele>595.6</ele>
        <time>2025-10-14T07:02:59.969Z</time>
      </trkpt>
      <trkpt lat="33.420449970290065" lon="126.54946002177894">
        <ele>596.1</ele>
        <time>2025-10-14T07:04:01.969Z</time>
      </trkpt>
      <trkpt lat="33.42027001082897" lon="126.5493600256741">
        <ele>597</ele>
        <time>2025-10-14T07:05:29.969Z</time>
      </trkpt>
      <trkpt lat="33.42010002583265" lon="126.54924997128546">
        <ele>597.9</ele>
        <time>2025-10-14T07:06:44.969Z</time>
      </trkpt>
      <trkpt lat="33.41995996423066" lon="126.54904997907579">
        <ele>598.9</ele>
        <time>2025-10-14T07:08:12.969Z</time>
      </trkpt>
      <trkpt lat="33.41978997923434" lon="126.54896004125476">
        <ele>599.7</ele>
        <time>2025-10-14T07:09:14.969Z</time>
      </trkpt>
      <trkpt lat="33.41965000145137" lon="126.54877002350986">
        <ele>600.8</ele>
        <time>2025-10-14T07:10:42.969Z</time>
      </trkpt>
      <trkpt lat="33.4194999653846" lon="126.54861998744309">
        <ele>602.4</ele>
        <time>2025-10-14T07:12:23.969Z</time>
      </trkpt>
      <trkpt lat="33.41935998760164" lon="126.54848000966012">
        <ele>603.6</ele>
        <time>2025-10-14T07:13:38.969Z</time>
      </trkpt>
      <trkpt lat="33.41919997707009" lon="126.5483100246638">
        <ele>605.2</ele>
        <time>2025-10-14T07:15:06.969Z</time>
      </trkpt>
      <trkpt lat="33.419029992073774" lon="126.54821002855897">
        <ele>606.5</ele>
        <time>2025-10-14T07:16:09.969Z</time>
      </trkpt>
      <trkpt lat="33.418839974328876" lon="126.54815998859704">
        <ele>608.2</ele>
        <time>2025-10-14T07:17:24.969Z</time>
      </trkpt>
      <trkpt lat="33.41866001486778" lon="126.54815001413226">
        <ele>610.9</ele>
        <time>2025-10-14T07:19:18.969Z</time>
      </trkpt>
      <trkpt lat="33.41847997158766" lon="126.54811003245413">
        <ele>613.5</ele>
        <time>2025-10-14T07:20:58.969Z</time>
      </trkpt>
      <trkpt lat="33.418300012126565" lon="126.54806996695697">
        <ele>616.4</ele>
        <time>2025-10-14T07:22:39.969Z</time>
      </trkpt>
      <trkpt lat="33.41811996884644" lon="126.54808002524078">
        <ele>618.6</ele>
        <time>2025-10-14T07:23:55.969Z</time>
      </trkpt>
      <trkpt lat="33.41794000938535" lon="126.54806996695697">
        <ele>621.3</ele>
        <time>2025-10-14T07:25:23.969Z</time>
      </trkpt>
      <trkpt lat="33.41775996610522" lon="126.5480599924922">
        <ele>624.5</ele>
        <time>2025-10-14T07:27:04.969Z</time>
      </trkpt>
      <trkpt lat="33.417570032179356" lon="126.54808002524078">
        <ele>628.1</ele>
        <time>2025-10-14T07:28:58.969Z</time>
      </trkpt>
      <trkpt lat="33.41738998889923" lon="126.5480599924922">
        <ele>631.4</ele>
        <time>2025-10-14T07:30:39.969Z</time>
      </trkpt>
      <trkpt lat="33.41719997115433" lon="126.54799997806549">
        <ele>634.9</ele>
        <time>2025-10-14T07:32:33.969Z</time>
      </trkpt>
      <trkpt lat="33.417010037228465" lon="126.54799997806549">
        <ele>637.6</ele>
        <time>2025-10-14T07:34:01.969Z</time>
      </trkpt>
      <trkpt lat="33.416799986734986" lon="126.54796997085214">
        <ele>640.6</ele>
        <time>2025-10-14T07:35:42.969Z</time>
      </trkpt>
      <trkpt lat="33.41660996899009" lon="126.54785002581775">
        <ele>643</ele>
        <time>2025-10-14T07:37:11.969Z</time>
      </trkpt>
      <trkpt lat="33.416430009528995" lon="126.54776000417769">
        <ele>645</ele>
        <time>2025-10-14T07:38:27.969Z</time>
      </trkpt>
      <trkpt lat="33.416260024532676" lon="126.54768004082143">
        <ele>647.2</ele>
        <time>2025-10-14T07:39:56.969Z</time>
      </trkpt>
      <trkpt lat="33.416060032323" lon="126.54765003360808">
        <ele>649.2</ele>
        <time>2025-10-14T07:41:24.969Z</time>
      </trkpt>
      <trkpt lat="33.415870014578104" lon="126.54757996089756">
        <ele>651.2</ele>
        <time>2025-10-14T07:42:53.969Z</time>
      </trkpt>
      <trkpt lat="33.415679996833205" lon="126.5476300008595">
        <ele>653.2</ele>
        <time>2025-10-14T07:44:35.969Z</time>
      </trkpt>
      <trkpt lat="33.415549993515015" lon="126.54782999306917">
        <ele>655.2</ele>
        <time>2025-10-14T07:46:16.969Z</time>
      </trkpt>
      <trkpt lat="33.41541001573205" lon="126.54802998527884">
        <ele>657.1</ele>
        <time>2025-10-14T07:47:58.969Z</time>
      </trkpt>
      <trkpt lat="33.41534002684057" lon="126.54824003577232">
        <ele>659</ele>
        <time>2025-10-14T07:49:40.969Z</time>
      </trkpt>
      <trkpt lat="33.415250005200505" lon="126.54848000966012">
        <ele>660.9</ele>
        <time>2025-10-14T07:51:22.969Z</time>
      </trkpt>
      <trkpt lat="33.41511002741754" lon="126.54862996190786">
        <ele>662.5</ele>
        <time>2025-10-14T07:52:51.969Z</time>
      </trkpt>
      <trkpt lat="33.414929984137416" lon="126.54867002740502">
        <ele>663.9</ele>
        <time>2025-10-14T07:54:07.969Z</time>
      </trkpt>
      <trkpt lat="33.41476997360587" lon="126.54877002350986">
        <ele>665.6</ele>
        <time>2025-10-14T07:55:36.969Z</time>
      </trkpt>
      <trkpt lat="33.41466000303626" lon="126.54896004125476">
        <ele>667.4</ele>
        <time>2025-10-14T07:57:06.969Z</time>
      </trkpt>
      <trkpt lat="33.41450996696949" lon="126.54907998628914">
        <ele>669.2</ele>
        <time>2025-10-14T07:58:35.969Z</time>
      </trkpt>
      <trkpt lat="33.41432003304362" lon="126.54916003346443">
        <ele>671.1</ele>
        <time>2025-10-14T08:00:04.969Z</time>
      </trkpt>
      <trkpt lat="33.41412004083395" lon="126.54923002235591">
        <ele>673.8</ele>
        <time>2025-10-14T08:01:59.969Z</time>
      </trkpt>
      <trkpt lat="33.413939997553825" lon="126.54927000403404">
        <ele>676.3</ele>
        <time>2025-10-14T08:03:41.969Z</time>
      </trkpt>
      <trkpt lat="33.41374997980893" lon="126.5493000112474">
        <ele>678.6</ele>
        <time>2025-10-14T08:05:11.969Z</time>
      </trkpt>
      <trkpt lat="33.413570020347834" lon="126.54924997128546">
        <ele>681.7</ele>
        <time>2025-10-14T08:07:06.969Z</time>
      </trkpt>
      <trkpt lat="33.41344001702964" lon="126.54907998628914">
        <ele>684.5</ele>
        <time>2025-10-14T08:08:48.969Z</time>
      </trkpt>
      <trkpt lat="33.4132800064981" lon="126.54894998297095">
        <ele>687.3</ele>
        <time>2025-10-14T08:10:31.969Z</time>
      </trkpt>
      <trkpt lat="33.413099963217974" lon="126.54894998297095">
        <ele>690.2</ele>
        <time>2025-10-14T08:12:13.969Z</time>
      </trkpt>
      <trkpt lat="33.41292000375688" lon="126.54887999407947">
        <ele>693.4</ele>
        <time>2025-10-14T08:14:09.969Z</time>
      </trkpt>
      <trkpt lat="33.41275001876056" lon="126.54880003072321">
        <ele>696.2</ele>
        <time>2025-10-14T08:15:51.969Z</time>
      </trkpt>
      <trkpt lat="33.41259000822902" lon="126.54867002740502">
        <ele>698.6</ele>
        <time>2025-10-14T08:17:21.969Z</time>
      </trkpt>
      <trkpt lat="33.41248003765941" lon="126.54848000966012">
        <ele>700.7</ele>
        <time>2025-10-14T08:18:38.969Z</time>
      </trkpt>
      <trkpt lat="33.412369983270764" lon="126.54829996638">
        <ele>702.7</ele>
        <time>2025-10-14T08:19:55.969Z</time>
      </trkpt>
      <trkpt lat="33.41219002380967" lon="126.54818002134562">
        <ele>705.4</ele>
        <time>2025-10-14T08:21:38.969Z</time>
      </trkpt>
      <trkpt lat="33.41200000606477" lon="126.54816996306181">
        <ele>708.1</ele>
        <time>2025-10-14T08:23:21.969Z</time>
      </trkpt>
      <trkpt lat="33.41181996278465" lon="126.54821002855897">
        <ele>710.8</ele>
        <time>2025-10-14T08:25:04.969Z</time>
      </trkpt>
      <trkpt lat="33.4116099961102" lon="126.54815001413226">
        <ele>713.6</ele>
        <time>2025-10-14T08:26:46.969Z</time>
      </trkpt>
      <trkpt lat="33.41154000721872" lon="126.54792998917401">
        <ele>716.5</ele>
        <time>2025-10-14T08:28:29.969Z</time>
      </trkpt>
      <trkpt lat="33.411449985578656" lon="126.54773997142911">
        <ele>719.1</ele>
        <time>2025-10-14T08:30:00.969Z</time>
      </trkpt>
      <trkpt lat="33.4113700222224" lon="126.54752003028989">
        <ele>722.4</ele>
        <time>2025-10-14T08:31:43.969Z</time>
      </trkpt>
      <trkpt lat="33.41121998615563" lon="126.54740000143647">
        <ele>725.4</ele>
        <time>2025-10-14T08:33:13.969Z</time>
      </trkpt>
      <trkpt lat="33.41114999726415" lon="126.5472000092268">
        <ele>729.3</ele>
        <time>2025-10-14T08:35:09.969Z</time>
      </trkpt>
      <trkpt lat="33.411189978942275" lon="126.54697998426855">
        <ele>732.4</ele>
        <time>2025-10-14T08:36:40.969Z</time>
      </trkpt>
      <trkpt lat="33.41115997172892" lon="126.5467599593103">
        <ele>735.9</ele>
        <time>2025-10-14T08:38:23.969Z</time>
      </trkpt>
      <trkpt lat="33.41111001558602" lon="126.54652995988727">
        <ele>739</ele>
        <time>2025-10-14T08:39:53.969Z</time>
      </trkpt>
      <trkpt lat="33.410950005054474" lon="126.54641998931766">
        <ele>742</ele>
        <time>2025-10-14T08:41:24.969Z</time>
      </trkpt>
      <trkpt lat="33.41084003448486" lon="126.54622997157276">
        <ele>745.2</ele>
        <time>2025-10-14T08:43:07.969Z</time>
      </trkpt>
      <trkpt lat="33.41072998009622" lon="126.54602997936308">
        <ele>748.2</ele>
        <time>2025-10-14T08:44:51.969Z</time>
      </trkpt>
      <trkpt lat="33.410629983991385" lon="126.54582001268864">
        <ele>751.3</ele>
        <time>2025-10-14T08:46:47.969Z</time>
      </trkpt>
      <trkpt lat="33.410480031743646" lon="126.54568003490567">
        <ele>753.8</ele>
        <time>2025-10-14T08:48:31.969Z</time>
      </trkpt>
      <trkpt lat="33.41033997014165" lon="126.54549999162555">
        <ele>756</ele>
        <time>2025-10-14T08:50:15.969Z</time>
      </trkpt>
      <trkpt lat="33.41029001399875" lon="126.54526999220252">
        <ele>757.9</ele>
        <time>2025-10-14T08:51:59.969Z</time>
      </trkpt>
      <trkpt lat="33.41026000678539" lon="126.54504996724427">
        <ele>759.7</ele>
        <time>2025-10-14T08:53:42.969Z</time>
      </trkpt>
      <trkpt lat="33.41023997403681" lon="126.54483002610505">
        <ele>761.1</ele>
        <time>2025-10-14T08:55:13.969Z</time>
      </trkpt>
      <trkpt lat="33.41015003621578" lon="126.5446100011468">
        <ele>762.5</ele>
        <time>2025-10-14T08:56:44.969Z</time>
      </trkpt>
      <trkpt lat="33.41007996350527" lon="126.54440003447235">
        <ele>764</ele>
        <time>2025-10-14T08:58:15.969Z</time>
      </trkpt>
      <trkpt lat="33.4098900295794" lon="126.54434002004564">
        <ele>765.4</ele>
        <time>2025-10-14T08:59:33.969Z</time>
      </trkpt>
      <trkpt lat="33.409709986299276" lon="126.54440003447235">
        <ele>767.4</ele>
        <time>2025-10-14T09:01:17.969Z</time>
      </trkpt>
      <trkpt lat="33.40951996855438" lon="126.54441000893712">
        <ele>769.3</ele>
        <time>2025-10-14T09:02:48.969Z</time>
      </trkpt>
      <trkpt lat="33.40933003462851" lon="126.54432996176183">
        <ele>771.9</ele>
        <time>2025-10-14T09:04:46.969Z</time>
      </trkpt>
      <trkpt lat="33.409170024096966" lon="126.544229965657">
        <ele>774.3</ele>
        <time>2025-10-14T09:06:30.969Z</time>
      </trkpt>
      <trkpt lat="33.40902996249497" lon="126.54408998787403">
        <ele>776.5</ele>
        <time>2025-10-14T09:08:01.969Z</time>
      </trkpt>
      <trkpt lat="33.40889995917678" lon="126.54391002841294">
        <ele>779.2</ele>
        <time>2025-10-14T09:09:45.969Z</time>
      </trkpt>
      <trkpt lat="33.408759981393814" lon="126.54373995959759">
        <ele>781.9</ele>
        <time>2025-10-14T09:11:30.969Z</time>
      </trkpt>
      <trkpt lat="33.408589996397495" lon="126.54361004009843">
        <ele>784.9</ele>
        <time>2025-10-14T09:13:27.969Z</time>
      </trkpt>
      <trkpt lat="33.40842998586595" lon="126.54349998570979">
        <ele>787.5</ele>
        <time>2025-10-14T09:15:12.969Z</time>
      </trkpt>
      <trkpt lat="33.408269975334406" lon="126.54339998960495">
        <ele>789.9</ele>
        <time>2025-10-14T09:16:57.969Z</time>
      </trkpt>
      <trkpt lat="33.40812002308667" lon="126.54327996075153">
        <ele>791.6</ele>
        <time>2025-10-14T09:18:15.969Z</time>
      </trkpt>
      <trkpt lat="33.40796001255512" lon="126.54316999018192">
        <ele>793.4</ele>
        <time>2025-10-14T09:19:47.969Z</time>
      </trkpt>
      <trkpt lat="33.407790027558804" lon="126.54306001961231">
        <ele>795</ele>
        <time>2025-10-14T09:21:18.969Z</time>
      </trkpt>
      <trkpt lat="33.40770000591874" lon="126.54287000186741">
        <ele>796.2</ele>
        <time>2025-10-14T09:22:37.969Z</time>
      </trkpt>
      <trkpt lat="33.40763999149203" lon="126.54264000244439">
        <ele>797.5</ele>
        <time>2025-10-14T09:24:09.969Z</time>
      </trkpt>
      <trkpt lat="33.407579977065325" lon="126.54241997748613">
        <ele>798.8</ele>
        <time>2025-10-14T09:25:40.969Z</time>
      </trkpt>
      <trkpt lat="33.40750998817384" lon="126.54221998527646">
        <ele>799.8</ele>
        <time>2025-10-14T09:26:59.969Z</time>
      </trkpt>
      <trkpt lat="33.407360035926104" lon="126.54208998195827">
        <ele>801</ele>
        <time>2025-10-14T09:28:18.969Z</time>
      </trkpt>
      <trkpt lat="33.40717999264598" lon="126.54207003302872">
        <ele>802.9</ele>
        <time>2025-10-14T09:30:16.969Z</time>
      </trkpt>
      <trkpt lat="33.407000033184886" lon="126.5420800074935">
        <ele>805</ele>
        <time>2025-10-14T09:32:14.969Z</time>
      </trkpt>
      <trkpt lat="33.40681998990476" lon="126.54201001860201">
        <ele>807</ele>
        <time>2025-10-14T09:33:59.969Z</time>
      </trkpt>
      <trkpt lat="33.40661999769509" lon="126.54198001138866">
        <ele>809.4</ele>
        <time>2025-10-14T09:35:58.969Z</time>
      </trkpt>
      <trkpt lat="33.40642997995019" lon="126.54195997864008">
        <ele>811.5</ele>
        <time>2025-10-14T09:37:43.969Z</time>
      </trkpt>
      <trkpt lat="33.40622001327574" lon="126.5419500041753">
        <ele>813.6</ele>
        <time>2025-10-14T09:39:28.969Z</time>
      </trkpt>
      <trkpt lat="33.40603996999562" lon="126.54194002971053">
        <ele>815.6</ele>
        <time>2025-10-14T09:41:13.969Z</time>
      </trkpt>
      <trkpt lat="33.40585003606975" lon="126.54194002971053">
        <ele>817.5</ele>
        <time>2025-10-14T09:42:59.969Z</time>
      </trkpt>
      <trkpt lat="33.405669992789626" lon="126.54194002971053">
        <ele>819.2</ele>
        <time>2025-10-14T09:44:44.969Z</time>
      </trkpt>
      <trkpt lat="33.40547997504473" lon="126.54195997864008">
        <ele>820.7</ele>
        <time>2025-10-14T09:46:30.969Z</time>
      </trkpt>
      <trkpt lat="33.405300015583634" lon="126.54194002971053">
        <ele>821.8</ele>
        <time>2025-10-14T09:47:49.969Z</time>
      </trkpt>
      <trkpt lat="33.40510002337396" lon="126.54191002249718">
        <ele>823.1</ele>
        <time>2025-10-14T09:49:35.969Z</time>
      </trkpt>
      <trkpt lat="33.40491998009384" lon="126.54198998585343">
        <ele>824.2</ele>
        <time>2025-10-14T09:51:20.969Z</time>
      </trkpt>
      <trkpt lat="33.404740020632744" lon="126.5420800074935">
        <ele>825.4</ele>
        <time>2025-10-14T09:53:19.969Z</time>
      </trkpt>
      <trkpt lat="33.40455997735262" lon="126.54207003302872">
        <ele>826.3</ele>
        <time>2025-10-14T09:55:05.969Z</time>
      </trkpt>
      <trkpt lat="33.4043899923563" lon="126.5419500041753">
        <ele>827.1</ele>
        <time>2025-10-14T09:56:38.969Z</time>
      </trkpt>
      <trkpt lat="33.40422000735998" lon="126.54185000807047">
        <ele>827.9</ele>
        <time>2025-10-14T09:58:24.969Z</time>
      </trkpt>
      <trkpt lat="33.40405999682844" lon="126.5417100302875">
        <ele>828.6</ele>
        <time>2025-10-14T09:59:43.969Z</time>
      </trkpt>
      <trkpt lat="33.40389998629689" lon="126.54159000143409">
        <ele>829.4</ele>
        <time>2025-10-14T10:01:02.969Z</time>
      </trkpt>
      <trkpt lat="33.403799990192056" lon="126.54139998368919">
        <ele>830.3</ele>
        <time>2025-10-14T10:02:35.969Z</time>
      </trkpt>
      <trkpt lat="33.40367996133864" lon="126.54122999869287">
        <ele>831.1</ele>
        <time>2025-10-14T10:03:42.969Z</time>
      </trkpt>
      <trkpt lat="33.40350997634232" lon="126.54112002812326">
        <ele>832.3</ele>
        <time>2025-10-14T10:05:14.969Z</time>
      </trkpt>
      <trkpt lat="33.403409980237484" lon="126.54093998484313">
        <ele>833.4</ele>
        <time>2025-10-14T10:06:34.969Z</time>
      </trkpt>
      <trkpt lat="33.40327000245452" lon="126.54076999984682">
        <ele>834.9</ele>
        <time>2025-10-14T10:08:07.969Z</time>
      </trkpt>
      <trkpt lat="33.40311996638775" lon="126.54060998931527">
        <ele>836.7</ele>
        <time>2025-10-14T10:09:53.969Z</time>
      </trkpt>
      <trkpt lat="33.40301997028291" lon="126.54043002985418">
        <ele>838.5</ele>
        <time>2025-10-14T10:11:40.969Z</time>
      </trkpt>
      <trkpt lat="33.403000021353364" lon="126.54021000489593">
        <ele>840.4</ele>
        <time>2025-10-14T10:13:26.969Z</time>
      </trkpt>
      <trkpt lat="33.4029099997133" lon="126.54000003822148">
        <ele>842.3</ele>
        <time>2025-10-14T10:15:13.969Z</time>
      </trkpt>
      <trkpt lat="33.40275996364653" lon="126.53985997661948">
        <ele>844.1</ele>
        <time>2025-10-14T10:16:59.969Z</time>
      </trkpt>
      <trkpt lat="33.402570029720664" lon="126.539789987728">
        <ele>846.3</ele>
        <time>2025-10-14T10:18:59.969Z</time>
      </trkpt>
      <trkpt lat="33.40237003751099" lon="126.53977003879845">
        <ele>848</ele>
        <time>2025-10-14T10:20:46.969Z</time>
      </trkpt>
      <trkpt lat="33.40218001976609" lon="126.53979996219277">
        <ele>849.8</ele>
        <time>2025-10-14T10:22:46.969Z</time>
      </trkpt>
      <trkpt lat="33.40199000202119" lon="126.53985997661948">
        <ele>851.3</ele>
        <time>2025-10-14T10:24:46.969Z</time>
      </trkpt>
      <trkpt lat="33.401799984276295" lon="126.53994999825954">
        <ele>852.8</ele>
        <time>2025-10-14T10:26:46.969Z</time>
      </trkpt>
      <trkpt lat="33.4016200248152" lon="126.5399800054729">
        <ele>853.9</ele>
        <time>2025-10-14T10:28:19.969Z</time>
      </trkpt>
      <trkpt lat="33.40146001428366" lon="126.54008000157773">
        <ele>855.4</ele>
        <time>2025-10-14T10:30:06.969Z</time>
      </trkpt>
      <trkpt lat="33.40133998543024" lon="126.54024998657405">
        <ele>856.7</ele>
        <time>2025-10-14T10:31:27.969Z</time>
      </trkpt>
      <trkpt lat="33.40114996768534" lon="126.54027001932263">
        <ele>859</ele>
        <time>2025-10-14T10:33:27.969Z</time>
      </trkpt>
      <trkpt lat="33.40094997547567" lon="126.54028996825218">
        <ele>861.9</ele>
        <time>2025-10-14T10:35:27.969Z</time>
      </trkpt>
      <trkpt lat="33.4007600415498" lon="126.54027001932263">
        <ele>866.3</ele>
        <time>2025-10-14T10:37:55.969Z</time>
      </trkpt>
      <trkpt lat="33.4005700238049" lon="126.54024998657405">
        <ele>870.2</ele>
        <time>2025-10-14T10:39:42.969Z</time>
      </trkpt>
      <trkpt lat="33.40038998052478" lon="126.54015996493399">
        <ele>875.8</ele>
        <time>2025-10-14T10:41:56.969Z</time>
      </trkpt>
      <trkpt lat="33.40028000995517" lon="126.53997003100812">
        <ele>880.6</ele>
        <time>2025-10-14T10:43:43.969Z</time>
      </trkpt>
      <trkpt lat="33.40011002495885" lon="126.53988998383284">
        <ele>885.9</ele>
        <time>2025-10-14T10:45:30.969Z</time>
      </trkpt>
      <trkpt lat="33.399929981678724" lon="126.53979996219277">
        <ele>892.1</ele>
        <time>2025-10-14T10:47:31.969Z</time>
      </trkpt>
      <trkpt lat="33.39975002221763" lon="126.53977003879845">
        <ele>897.9</ele>
        <time>2025-10-14T10:49:19.969Z</time>
      </trkpt>
      <trkpt lat="33.39956997893751" lon="126.53971999883652">
        <ele>903.8</ele>
        <time>2025-10-14T10:51:06.969Z</time>
      </trkpt>
      <trkpt lat="33.399439975619316" lon="126.53956996276975">
        <ele>909.6</ele>
        <time>2025-10-14T10:52:54.969Z</time>
      </trkpt>
      <trkpt lat="33.39923998340964" lon="126.53951003216207">
        <ele>916.2</ele>
        <time>2025-10-14T10:54:55.969Z</time>
      </trkpt>
      <trkpt lat="33.399049965664744" lon="126.53946996666491">
        <ele>922.8</ele>
        <time>2025-10-14T10:56:56.969Z</time>
      </trkpt>
      <trkpt lat="33.39884997345507" lon="126.53942001052201">
        <ele>929.3</ele>
        <time>2025-10-14T10:58:57.969Z</time>
      </trkpt>
      <trkpt lat="33.39867998845875" lon="126.53932998888195">
        <ele>935.7</ele>
        <time>2025-10-14T11:00:58.969Z</time>
      </trkpt>
      <trkpt lat="33.39850002899766" lon="126.5393100399524">
        <ele>942</ele>
        <time>2025-10-14T11:03:00.969Z</time>
      </trkpt>
      <trkpt lat="33.398319985717535" lon="126.5393599960953">
        <ele>947.5</ele>
        <time>2025-10-14T11:04:48.969Z</time>
      </trkpt>
      <trkpt lat="33.39814002625644" lon="126.53939997777343">
        <ele>953.5</ele>
        <time>2025-10-14T11:06:49.969Z</time>
      </trkpt>
      <trkpt lat="33.39795998297632" lon="126.53933996334672">
        <ele>958.7</ele>
        <time>2025-10-14T11:08:37.969Z</time>
      </trkpt>
      <trkpt lat="33.39778999798" lon="126.53925999999046">
        <ele>964.2</ele>
        <time>2025-10-14T11:10:39.969Z</time>
      </trkpt>
      <trkpt lat="33.3975999802351" lon="126.53919001109898">
        <ele>969.4</ele>
        <time>2025-10-14T11:12:40.969Z</time>
      </trkpt>
      <trkpt lat="33.39742999523878" lon="126.53910996392369">
        <ele>973.7</ele>
        <time>2025-10-14T11:14:28.969Z</time>
      </trkpt>
      <trkpt lat="33.39723997749388" lon="126.53903997503221">
        <ele>978.1</ele>
        <time>2025-10-14T11:16:30.969Z</time>
      </trkpt>
      <trkpt lat="33.39707996696234" lon="126.53893997892737">
        <ele>981.7</ele>
        <time>2025-10-14T11:18:18.969Z</time>
      </trkpt>
      <trkpt lat="33.39690998196602" lon="126.53883000835776">
        <ele>985.4</ele>
        <time>2025-10-14T11:20:20.969Z</time>
      </trkpt>
      <trkpt lat="33.396730022504926" lon="126.53874996118248">
        <ele>988.8</ele>
        <time>2025-10-14T11:22:22.969Z</time>
      </trkpt>
      <trkpt lat="33.39654000476003" lon="126.5386900305748">
        <ele>992.1</ele>
        <time>2025-10-14T11:24:24.969Z</time>
      </trkpt>
      <trkpt lat="33.3963599614799" lon="126.53866999782622">
        <ele>994.6</ele>
        <time>2025-10-14T11:25:59.969Z</time>
      </trkpt>
      <trkpt lat="33.39618000201881" lon="126.53863999061286">
        <ele>998</ele>
        <time>2025-10-14T11:28:01.969Z</time>
      </trkpt>
      <trkpt lat="33.395999958738685" lon="126.53860000893474">
        <ele>1001.6</ele>
        <time>2025-10-14T11:30:03.969Z</time>
      </trkpt>
      <trkpt lat="33.39581999927759" lon="126.53857000172138">
        <ele>1004.7</ele>
        <time>2025-10-14T11:31:38.969Z</time>
      </trkpt>
      <trkpt lat="33.3956400398165" lon="126.53850998729467">
        <ele>1007.5</ele>
        <time>2025-10-14T11:33:00.969Z</time>
      </trkpt>
      <trkpt lat="33.3954500220716" lon="126.53843999840319">
        <ele>1010.9</ele>
        <time>2025-10-14T11:34:35.969Z</time>
      </trkpt>
      <trkpt lat="33.395269978791475" lon="126.53837998397648">
        <ele>1014.5</ele>
        <time>2025-10-14T11:36:10.969Z</time>
      </trkpt>
      <trkpt lat="33.39512002654374" lon="126.5382600389421">
        <ele>1018.7</ele>
        <time>2025-10-14T11:37:59.969Z</time>
      </trkpt>
      <trkpt lat="33.39493998326361" lon="126.53817001730204">
        <ele>1023.7</ele>
        <time>2025-10-14T11:40:01.969Z</time>
      </trkpt>
      <trkpt lat="33.39476002380252" lon="126.53810002841055">
        <ele>1028.9</ele>
        <time>2025-10-14T11:42:04.969Z</time>
      </trkpt>
      <trkpt lat="33.394579980522394" lon="126.53811000287533">
        <ele>1034.3</ele>
        <time>2025-10-14T11:44:07.969Z</time>
      </trkpt>
      <trkpt lat="33.3944000210613" lon="126.5380700211972">
        <ele>1039.8</ele>
        <time>2025-10-14T11:46:09.969Z</time>
      </trkpt>
      <trkpt lat="33.39421997778118" lon="126.53801998123527">
        <ele>1045.4</ele>
        <time>2025-10-14T11:48:12.969Z</time>
      </trkpt>
      <trkpt lat="33.39402996003628" lon="126.53795996680856">
        <ele>1050.5</ele>
        <time>2025-10-14T11:50:01.969Z</time>
      </trkpt>
      <trkpt lat="33.393850000575185" lon="126.53794001787901">
        <ele>1056.4</ele>
        <time>2025-10-14T11:52:04.969Z</time>
      </trkpt>
      <trkpt lat="33.39367004111409" lon="126.53787002898753">
        <ele>1063.1</ele>
        <time>2025-10-14T11:54:21.969Z</time>
      </trkpt>
      <trkpt lat="33.39348002336919" lon="126.53787002898753">
        <ele>1069.2</ele>
        <time>2025-10-14T11:56:24.969Z</time>
      </trkpt>
      <trkpt lat="33.39329998008907" lon="126.53784999623895">
        <ele>1074.8</ele>
        <time>2025-10-14T11:58:13.969Z</time>
      </trkpt>
      <trkpt lat="33.393120020627975" lon="126.53775000013411">
        <ele>1081.1</ele>
        <time>2025-10-14T12:00:16.969Z</time>
      </trkpt>
      <trkpt lat="33.39293997734785" lon="126.5376899857074">
        <ele>1086.7</ele>
        <time>2025-10-14T12:02:06.969Z</time>
      </trkpt>
      <trkpt lat="33.39274995960295" lon="126.53775000013411">
        <ele>1093</ele>
        <time>2025-10-14T12:04:09.969Z</time>
      </trkpt>
      <trkpt lat="33.39257000014186" lon="126.53775000013411">
        <ele>1098</ele>
        <time>2025-10-14T12:05:45.969Z</time>
      </trkpt>
      <trkpt lat="33.39237998239696" lon="126.53782996349037">
        <ele>1104.3</ele>
        <time>2025-10-14T12:07:48.969Z</time>
      </trkpt>
      <trkpt lat="33.39218996465206" lon="126.53778998181224">
        <ele>1110.1</ele>
        <time>2025-10-14T12:09:38.969Z</time>
      </trkpt>
      <trkpt lat="33.39201997965574" lon="126.53787002898753">
        <ele>1116.4</ele>
        <time>2025-10-14T12:11:41.969Z</time>
      </trkpt>
      <trkpt lat="33.391870027408004" lon="126.53801998123527">
        <ele>1122.5</ele>
        <time>2025-10-14T12:13:45.969Z</time>
      </trkpt>
      <trkpt lat="33.39168998412788" lon="126.53801998123527">
        <ele>1127.7</ele>
        <time>2025-10-14T12:15:35.969Z</time>
      </trkpt>
      <trkpt lat="33.391550006344914" lon="126.53787002898753">
        <ele>1132.7</ele>
        <time>2025-10-14T12:17:25.969Z</time>
      </trkpt>
      <trkpt lat="33.391359988600016" lon="126.53778000734746">
        <ele>1138</ele>
        <time>2025-10-14T12:19:28.969Z</time>
      </trkpt>
      <trkpt lat="33.39116997085512" lon="126.53782996349037">
        <ele>1143.2</ele>
        <time>2025-10-14T12:21:32.969Z</time>
      </trkpt>
      <trkpt lat="33.39100996032357" lon="126.53797999955714">
        <ele>1147.6</ele>
        <time>2025-10-14T12:23:22.969Z</time>
      </trkpt>
      <trkpt lat="33.39083000086248" lon="126.53801998123527">
        <ele>1151.8</ele>
        <time>2025-10-14T12:25:12.969Z</time>
      </trkpt>
      <trkpt lat="33.390650041401386" lon="126.53803003951907">
        <ele>1155.9</ele>
        <time>2025-10-14T12:27:03.969Z</time>
      </trkpt>
      <trkpt lat="33.39046999812126" lon="126.53797002509236">
        <ele>1159.8</ele>
        <time>2025-10-14T12:28:53.969Z</time>
      </trkpt>
      <trkpt lat="33.39027998037636" lon="126.5379299595952">
        <ele>1163.6</ele>
        <time>2025-10-14T12:30:43.969Z</time>
      </trkpt>
      <trkpt lat="33.39010002091527" lon="126.53788997791708">
        <ele>1167.4</ele>
        <time>2025-10-14T12:32:33.969Z</time>
      </trkpt>
      <trkpt lat="33.389919977635145" lon="126.53784002177417">
        <ele>1171.2</ele>
        <time>2025-10-14T12:34:24.969Z</time>
      </trkpt>
      <trkpt lat="33.389729959890246" lon="126.5378800034523">
        <ele>1175</ele>
        <time>2025-10-14T12:36:14.969Z</time>
      </trkpt>
      <trkpt lat="33.38954002596438" lon="126.5378800034523">
        <ele>1178.7</ele>
        <time>2025-10-14T12:38:05.969Z</time>
      </trkpt>
      <trkpt lat="33.389359982684255" lon="126.53787002898753">
        <ele>1182</ele>
        <time>2025-10-14T12:39:42.969Z</time>
      </trkpt>
      <trkpt lat="33.389189997687936" lon="126.53775997459888">
        <ele>1186.2</ele>
        <time>2025-10-14T12:41:46.969Z</time>
      </trkpt>
      <trkpt lat="33.38902998715639" lon="126.53765997849405">
        <ele>1189.5</ele>
        <time>2025-10-14T12:43:23.969Z</time>
      </trkpt>
      <trkpt lat="33.3888500276953" lon="126.53757004067302">
        <ele>1193.4</ele>
        <time>2025-10-14T12:45:14.969Z</time>
      </trkpt>
      <trkpt lat="33.38866998441517" lon="126.53751002624631">
        <ele>1197.4</ele>
        <time>2025-10-14T12:47:04.969Z</time>
      </trkpt>
      <trkpt lat="33.388479966670275" lon="126.53744003735483">
        <ele>1201.4</ele>
        <time>2025-10-14T12:48:55.969Z</time>
      </trkpt>
      <trkpt lat="33.38829003274441" lon="126.53738999739289">
        <ele>1205.9</ele>
        <time>2025-10-14T12:51:00.969Z</time>
      </trkpt>
      <trkpt lat="33.388090040534735" lon="126.53742000460625">
        <ele>1209.9</ele>
        <time>2025-10-14T12:52:51.969Z</time>
      </trkpt>
      <trkpt lat="33.387900022789836" lon="126.53736996464431">
        <ele>1214.5</ele>
        <time>2025-10-14T12:54:56.969Z</time>
      </trkpt>
      <trkpt lat="33.38774001225829" lon="126.53726996853948">
        <ele>1218.5</ele>
        <time>2025-10-14T12:56:47.969Z</time>
      </trkpt>
      <trkpt lat="33.38755996897817" lon="126.53722998686135">
        <ele>1222.7</ele>
        <time>2025-10-14T12:58:38.969Z</time>
      </trkpt>
      <trkpt lat="33.38738998398185" lon="126.53712001629174">
        <ele>1228</ele>
        <time>2025-10-14T13:00:57.969Z</time>
      </trkpt>
      <trkpt lat="33.38721999898553" lon="126.537199979648">
        <ele>1231.8</ele>
        <time>2025-10-14T13:02:34.969Z</time>
      </trkpt>
      <trkpt lat="33.387040039524436" lon="126.53713996522129">
        <ele>1237.2</ele>
        <time>2025-10-14T13:04:53.969Z</time>
      </trkpt>
      <trkpt lat="33.38685999624431" lon="126.53713996522129">
        <ele>1241.5</ele>
        <time>2025-10-14T13:06:44.969Z</time>
      </trkpt>
      <trkpt lat="33.38669001124799" lon="126.53705002740026">
        <ele>1246.4</ele>
        <time>2025-10-14T13:08:50.969Z</time>
      </trkpt>
      <trkpt lat="33.38650996796787" lon="126.53699998743832">
        <ele>1251.2</ele>
        <time>2025-10-14T13:10:55.969Z</time>
      </trkpt>
      <trkpt lat="33.386320034042" lon="126.53698003850877">
        <ele>1255.9</ele>
        <time>2025-10-14T13:13:00.969Z</time>
      </trkpt>
      <trkpt lat="33.38614996522665" lon="126.53686998412013">
        <ele>1260.5</ele>
        <time>2025-10-14T13:15:06.969Z</time>
      </trkpt>
      <trkpt lat="33.38597998023033" lon="126.53675003908575">
        <ele>1264.5</ele>
        <time>2025-10-14T13:16:57.969Z</time>
      </trkpt>
      <trkpt lat="33.38580999523401" lon="126.53666001744568">
        <ele>1268.5</ele>
        <time>2025-10-14T13:18:49.969Z</time>
      </trkpt>
      <trkpt lat="33.38563003577292" lon="126.5366399846971">
        <ele>1272.8</ele>
        <time>2025-10-14T13:20:55.969Z</time>
      </trkpt>
      <trkpt lat="33.38548997417092" lon="126.53647997416556">
        <ele>1276.5</ele>
        <time>2025-10-14T13:22:46.969Z</time>
      </trkpt>
      <trkpt lat="33.38532996363938" lon="126.53636002913117">
        <ele>1280.7</ele>
        <time>2025-10-14T13:24:52.969Z</time>
      </trkpt>
      <trkpt lat="33.385150004178286" lon="126.53629004023969">
        <ele>1283.8</ele>
        <time>2025-10-14T13:26:30.969Z</time>
      </trkpt>
      <trkpt lat="33.38495998643339" lon="126.53623002581298">
        <ele>1287.3</ele>
        <time>2025-10-14T13:28:22.969Z</time>
      </trkpt>
      <trkpt lat="33.384869964793324" lon="126.53604000806808">
        <ele>1290.7</ele>
        <time>2025-10-14T13:30:14.969Z</time>
      </trkpt>
      <trkpt lat="33.38471003808081" lon="126.53591997921467">
        <ele>1294</ele>
        <time>2025-10-14T13:32:06.969Z</time>
      </trkpt>
      <trkpt lat="33.38456000201404" lon="126.53574001975358">
        <ele>1297.4</ele>
        <time>2025-10-14T13:33:58.969Z</time>
      </trkpt>
      <trkpt lat="33.384399991482496" lon="126.53561001643538">
        <ele>1301.1</ele>
        <time>2025-10-14T13:36:04.969Z</time>
      </trkpt>
      <trkpt lat="33.3842099737376" lon="126.53551999479532">
        <ele>1304.1</ele>
        <time>2025-10-14T13:37:42.969Z</time>
      </trkpt>
      <trkpt lat="33.38404996320605" lon="126.53538001701236">
        <ele>1307.5</ele>
        <time>2025-10-14T13:39:34.969Z</time>
      </trkpt>
      <trkpt lat="33.38391995988786" lon="126.53519997373223">
        <ele>1311</ele>
        <time>2025-10-14T13:41:27.969Z</time>
      </trkpt>
      <trkpt lat="33.38374997489154" lon="126.5350500214845">
        <ele>1315.5</ele>
        <time>2025-10-14T13:43:47.969Z</time>
      </trkpt>
      <trkpt lat="33.38357001543045" lon="126.53495002537966">
        <ele>1319.2</ele>
        <time>2025-10-14T13:45:40.969Z</time>
      </trkpt>
      <trkpt lat="33.38341997936368" lon="126.53482002206147">
        <ele>1323</ele>
        <time>2025-10-14T13:47:32.969Z</time>
      </trkpt>
      <trkpt lat="33.38322996161878" lon="126.53482002206147">
        <ele>1327</ele>
        <time>2025-10-14T13:49:25.969Z</time>
      </trkpt>
      <trkpt lat="33.38305997662246" lon="126.53469001874328">
        <ele>1331</ele>
        <time>2025-10-14T13:51:17.969Z</time>
      </trkpt>
      <trkpt lat="33.38286995887756" lon="126.5346200298518">
        <ele>1335.6</ele>
        <time>2025-10-14T13:53:24.969Z</time>
      </trkpt>
      <trkpt lat="33.382680024951696" lon="126.53457996435463">
        <ele>1339.8</ele>
        <time>2025-10-14T13:55:17.969Z</time>
      </trkpt>
      <trkpt lat="33.3825399633497" lon="126.53443998657167">
        <ele>1344.2</ele>
        <time>2025-10-14T13:57:09.969Z</time>
      </trkpt>
      <trkpt lat="33.38236000388861" lon="126.53440997935832">
        <ele>1348.1</ele>
        <time>2025-10-14T13:58:48.969Z</time>
      </trkpt>
      <trkpt lat="33.38219999335706" lon="126.5343000087887">
        <ele>1353.2</ele>
        <time>2025-10-14T14:00:55.969Z</time>
      </trkpt>
      <trkpt lat="33.38202003389597" lon="126.534239994362">
        <ele>1358.7</ele>
        <time>2025-10-14T14:03:02.969Z</time>
      </trkpt>
      <trkpt lat="33.381839990615845" lon="126.53417000547051">
        <ele>1364.2</ele>
        <time>2025-10-14T14:05:09.969Z</time>
      </trkpt>
      <trkpt lat="33.38170001283288" lon="126.53400999493897">
        <ele>1370.5</ele>
        <time>2025-10-14T14:07:30.969Z</time>
      </trkpt>
      <trkpt lat="33.38153002783656" lon="126.53391997329891">
        <ele>1375.6</ele>
        <time>2025-10-14T14:09:23.969Z</time>
      </trkpt>
      <trkpt lat="33.38133003562689" lon="126.53391997329891">
        <ele>1381.3</ele>
        <time>2025-10-14T14:11:31.969Z</time>
      </trkpt>
      <trkpt lat="33.38114001788199" lon="126.53394000604749">
        <ele>1386.4</ele>
        <time>2025-10-14T14:13:24.969Z</time>
      </trkpt>
      <trkpt lat="33.380959974601865" lon="126.53381997719407">
        <ele>1392.2</ele>
        <time>2025-10-14T14:15:31.969Z</time>
      </trkpt>
      <trkpt lat="33.38079996407032" lon="126.53371000662446">
        <ele>1397.8</ele>
        <time>2025-10-14T14:17:39.969Z</time>
      </trkpt>
      <trkpt lat="33.38065001182258" lon="126.5335700288415">
        <ele>1403.4</ele>
        <time>2025-10-14T14:19:46.969Z</time>
      </trkpt>
      <trkpt lat="33.380529982969165" lon="126.53339996002614">
        <ele>1408.7</ele>
        <time>2025-10-14T14:21:54.969Z</time>
      </trkpt>
      <trkpt lat="33.380359997972846" lon="126.53331999666989">
        <ele>1413.8</ele>
        <time>2025-10-14T14:24:01.969Z</time>
      </trkpt>
      <trkpt lat="33.380229994654655" lon="126.53315998613834">
        <ele>1418.2</ele>
        <time>2025-10-14T14:25:55.969Z</time>
      </trkpt>
      <trkpt lat="33.38005003519356" lon="126.53308999724686">
        <ele>1422.4</ele>
        <time>2025-10-14T14:27:49.969Z</time>
      </trkpt>
      <trkpt lat="33.37987996637821" lon="126.5329500194639">
        <ele>1427</ele>
        <time>2025-10-14T14:29:56.969Z</time>
      </trkpt>
      <trkpt lat="33.37970998138189" lon="126.5328200161457">
        <ele>1431.3</ele>
        <time>2025-10-14T14:32:04.969Z</time>
      </trkpt>
      <trkpt lat="33.37960998527706" lon="126.53262999840081">
        <ele>1434.6</ele>
        <time>2025-10-14T14:33:44.969Z</time>
      </trkpt>
      <trkpt lat="33.3795300219208" lon="126.53240997344255">
        <ele>1438.1</ele>
        <time>2025-10-14T14:35:38.969Z</time>
      </trkpt>
      <trkpt lat="33.37937998585403" lon="126.53226002119482">
        <ele>1441.3</ele>
        <time>2025-10-14T14:37:31.969Z</time>
      </trkpt>
      <trkpt lat="33.379240008071065" lon="126.53210998512805">
        <ele>1444.4</ele>
        <time>2025-10-14T14:39:25.969Z</time>
      </trkpt>
      <trkpt lat="33.37907999753952" lon="126.53197998180985">
        <ele>1447.2</ele>
        <time>2025-10-14T14:41:19.969Z</time>
      </trkpt>
      <trkpt lat="33.378940019756556" lon="126.53180999681354">
        <ele>1450.3</ele>
        <time>2025-10-14T14:43:28.969Z</time>
      </trkpt>
      <trkpt lat="33.37879995815456" lon="126.53167001903057">
        <ele>1452.7</ele>
        <time>2025-10-14T14:45:07.969Z</time>
      </trkpt>
      <trkpt lat="33.378640031442046" lon="126.5315199829638">
        <ele>1455.9</ele>
        <time>2025-10-14T14:47:16.969Z</time>
      </trkpt>
      <trkpt lat="33.3784800209105" lon="126.53135997243226">
        <ele>1458.2</ele>
        <time>2025-10-14T14:48:41.969Z</time>
      </trkpt>
      <trkpt lat="33.37832001037896" lon="126.53125997632742">
        <ele>1460.5</ele>
        <time>2025-10-14T14:50:07.969Z</time>
      </trkpt>
      <trkpt lat="33.37815999984741" lon="126.53115998022258">
        <ele>1464.2</ele>
        <time>2025-10-14T14:52:16.969Z</time>
      </trkpt>
      <trkpt lat="33.37798004038632" lon="126.53118998743594">
        <ele>1467.7</ele>
        <time>2025-10-14T14:54:10.969Z</time>
      </trkpt>
      <trkpt lat="33.377799997106194" lon="126.53121999464929">
        <ele>1471.4</ele>
        <time>2025-10-14T14:56:04.969Z</time>
      </trkpt>
      <trkpt lat="33.3776200376451" lon="126.53124002739787">
        <ele>1474.6</ele>
        <time>2025-10-14T14:57:44.969Z</time>
      </trkpt>
      <trkpt lat="33.37744996882975" lon="126.53115000575781">
        <ele>1477.8</ele>
        <time>2025-10-14T14:59:24.969Z</time>
      </trkpt>
      <trkpt lat="33.37727000936866" lon="126.53101002797484">
        <ele>1481.4</ele>
        <time>2025-10-14T15:01:19.969Z</time>
      </trkpt>
      <trkpt lat="33.37710999883711" lon="126.53088999912143">
        <ele>1484.5</ele>
        <time>2025-10-14T15:02:59.969Z</time>
      </trkpt>
      <trkpt lat="33.37694998830557" lon="126.53075999580324">
        <ele>1488.4</ele>
        <time>2025-10-14T15:05:08.969Z</time>
      </trkpt>
      <trkpt lat="33.37675997056067" lon="126.53072001412511">
        <ele>1492.2</ele>
        <time>2025-10-14T15:07:17.969Z</time>
      </trkpt>
      <trkpt lat="33.3765700366348" lon="126.53063996694982">
        <ele>1495.8</ele>
        <time>2025-10-14T15:09:26.969Z</time>
      </trkpt>
      <trkpt lat="33.376380018889904" lon="126.53060995973647">
        <ele>1498.8</ele>
        <time>2025-10-14T15:11:21.969Z</time>
      </trkpt>
      <trkpt lat="33.37624004110694" lon="126.5304699819535">
        <ele>1501.7</ele>
        <time>2025-10-14T15:13:16.969Z</time>
      </trkpt>
      <trkpt lat="33.37609000504017" lon="126.53033000417054">
        <ele>1504.6</ele>
        <time>2025-10-14T15:15:11.969Z</time>
      </trkpt>
      <trkpt lat="33.375890012830496" lon="126.53033997863531">
        <ele>1507.6</ele>
        <time>2025-10-14T15:17:06.969Z</time>
      </trkpt>
      <trkpt lat="33.37570996955037" lon="126.53036998584867">
        <ele>1510.5</ele>
        <time>2025-10-14T15:19:01.969Z</time>
      </trkpt>
      <trkpt lat="33.37553998455405" lon="126.53029002249241">
        <ele>1513.1</ele>
        <time>2025-10-14T15:20:42.969Z</time>
      </trkpt>
      <trkpt lat="33.375349966809154" lon="126.53023998253047">
        <ele>1516.5</ele>
        <time>2025-10-14T15:22:51.969Z</time>
      </trkpt>
      <trkpt lat="33.37516003288329" lon="126.53016001917422">
        <ele>1519.7</ele>
        <time>2025-10-14T15:25:01.969Z</time>
      </trkpt>
      <trkpt lat="33.374989964067936" lon="126.53006999753416">
        <ele>1521.8</ele>
        <time>2025-10-14T15:26:41.969Z</time>
      </trkpt>
      <trkpt lat="33.37480003014207" lon="126.53000998310745">
        <ele>1523.6</ele>
        <time>2025-10-14T15:28:22.969Z</time>
      </trkpt>
      <trkpt lat="33.37461001239717" lon="126.53000998310745">
        <ele>1525</ele>
        <time>2025-10-14T15:30:18.969Z</time>
      </trkpt>
      <trkpt lat="33.374429969117045" lon="126.52989003807306">
        <ele>1525.8</ele>
        <time>2025-10-14T15:32:13.969Z</time>
      </trkpt>
      <trkpt lat="33.3742699585855" lon="126.5297899581492">
        <ele>1525.9</ele>
        <time>2025-10-14T15:33:40.969Z</time>
      </trkpt>
      <trkpt lat="33.374059991911054" lon="126.52976003475487">
        <ele>1524.7</ele>
        <time>2025-10-14T15:35:50.969Z</time>
      </trkpt>
      <trkpt lat="33.373869974166155" lon="126.52983002364635">
        <ele>1522.4</ele>
        <time>2025-10-14T15:37:45.969Z</time>
      </trkpt>
      <trkpt lat="33.37366000749171" lon="126.52981996536255">
        <ele>1519.7</ele>
        <time>2025-10-14T15:39:26.969Z</time>
      </trkpt>
      <trkpt lat="33.37346998974681" lon="126.529800016433">
        <ele>1516.6</ele>
        <time>2025-10-14T15:41:07.969Z</time>
      </trkpt>
      <trkpt lat="33.37327997200191" lon="126.529800016433">
        <ele>1513.7</ele>
        <time>2025-10-14T15:42:34.969Z</time>
      </trkpt>
      <trkpt lat="33.37310001254082" lon="126.52977998368442">
        <ele>1510.6</ele>
        <time>2025-10-14T15:44:01.969Z</time>
      </trkpt>
      <trkpt lat="33.37291996926069" lon="126.529800016433">
        <ele>1507</ele>
        <time>2025-10-14T15:45:42.969Z</time>
      </trkpt>
      <trkpt lat="33.3727400097996" lon="126.52977998368442">
        <ele>1503.2</ele>
        <time>2025-10-14T15:47:38.969Z</time>
      </trkpt>
      <trkpt lat="33.372559966519475" lon="126.529800016433">
        <ele>1498.1</ele>
        <time>2025-10-14T15:51:01.969Z</time>
      </trkpt>
      <trkpt lat="33.37241998873651" lon="126.5299799758941">
        <ele>1496.4</ele>
        <time>2025-10-14T15:52:43.969Z</time>
      </trkpt>
      <trkpt lat="33.37225000374019" lon="126.53006002306938">
        <ele>1495.5</ele>
        <time>2025-10-14T15:55:22.969Z</time>
      </trkpt>
      <trkpt lat="33.37209996767342" lon="126.52993001975119">
        <ele>1496.1</ele>
        <time>2025-10-14T15:57:18.969Z</time>
      </trkpt>
      <trkpt lat="33.37195001542568" lon="126.5297899581492">
        <ele>1497.5</ele>
        <time>2025-10-14T15:59:00.969Z</time>
      </trkpt>
      <trkpt lat="33.37179000489414" lon="126.52968996204436">
        <ele>1499.7</ele>
        <time>2025-10-14T16:00:42.969Z</time>
      </trkpt>
      <trkpt lat="33.37159998714924" lon="126.52970002032816">
        <ele>1503.3</ele>
        <time>2025-10-14T16:02:53.969Z</time>
      </trkpt>
      <trkpt lat="33.371420027688146" lon="126.5297899581492">
        <ele>1507.7</ele>
        <time>2025-10-14T16:05:03.969Z</time>
      </trkpt>
      <trkpt lat="33.3712600171566" lon="126.52989003807306">
        <ele>1511.5</ele>
        <time>2025-10-14T16:06:45.969Z</time>
      </trkpt>
      <trkpt lat="33.37109003216028" lon="126.53000998310745">
        <ele>1515.4</ele>
        <time>2025-10-14T16:08:27.969Z</time>
      </trkpt>
      <trkpt lat="33.37091996334493" lon="126.53014996089041">
        <ele>1520.1</ele>
        <time>2025-10-14T16:10:24.969Z</time>
      </trkpt>
      <trkpt lat="33.37078996002674" lon="126.53032002970576">
        <ele>1524.2</ele>
        <time>2025-10-14T16:12:06.969Z</time>
      </trkpt>
      <trkpt lat="33.370600026100874" lon="126.53039999306202">
        <ele>1529.3</ele>
        <time>2025-10-14T16:14:17.969Z</time>
      </trkpt>
      <trkpt lat="33.37044001556933" lon="126.53052999638021">
        <ele>1534.3</ele>
        <time>2025-10-14T16:16:28.969Z</time>
      </trkpt>
      <trkpt lat="33.370280005037785" lon="126.53069000691175">
        <ele>1539.5</ele>
        <time>2025-10-14T16:18:39.969Z</time>
      </trkpt>
      <trkpt lat="33.370129968971014" lon="126.53082998469472">
        <ele>1544.2</ele>
        <time>2025-10-14T16:20:36.969Z</time>
      </trkpt>
      <trkpt lat="33.369959983974695" lon="126.53092000633478">
        <ele>1549.1</ele>
        <time>2025-10-14T16:22:33.969Z</time>
      </trkpt>
      <trkpt lat="33.3697800245136" lon="126.53096996247768">
        <ele>1554.3</ele>
        <time>2025-10-14T16:24:30.969Z</time>
      </trkpt>
      <trkpt lat="33.36959998123348" lon="126.53108001686633">
        <ele>1560.9</ele>
        <time>2025-10-14T16:26:41.969Z</time>
      </trkpt>
      <trkpt lat="33.36942999623716" lon="126.53115998022258">
        <ele>1566.4</ele>
        <time>2025-10-14T16:28:24.969Z</time>
      </trkpt>
      <trkpt lat="33.369290018454194" lon="126.53134002350271">
        <ele>1573.5</ele>
        <time>2025-10-14T16:30:21.969Z</time>
      </trkpt>
      <trkpt lat="33.36923997849226" lon="126.53157002292573">
        <ele>1583.2</ele>
        <time>2025-10-14T16:32:47.969Z</time>
      </trkpt>
      <trkpt lat="33.369250036776066" lon="126.53178996406496">
        <ele>1593.7</ele>
        <time>2025-10-14T16:35:14.969Z</time>
      </trkpt>
      <trkpt lat="33.369269985705614" lon="126.53201996348798">
        <ele>1603.7</ele>
        <time>2025-10-14T16:37:25.969Z</time>
      </trkpt>
      <trkpt lat="33.36926001124084" lon="126.53224996291101">
        <ele>1613.8</ele>
        <time>2025-10-14T16:39:37.969Z</time>
      </trkpt>
      <trkpt lat="33.36923997849226" lon="126.53247996233404">
        <ele>1623.8</ele>
        <time>2025-10-14T16:41:49.969Z</time>
      </trkpt>
      <trkpt lat="33.36927996017039" lon="126.53270996175706">
        <ele>1629.3</ele>
        <time>2025-10-14T16:43:03.969Z</time>
      </trkpt>
      <trkpt lat="33.369399989023805" lon="126.53289997950196">
        <ele>1637.4</ele>
        <time>2025-10-14T16:45:00.969Z</time>
      </trkpt>
      <trkpt lat="33.3695900067687" lon="126.53293996118009">
        <ele>1646.3</ele>
        <time>2025-10-14T16:47:27.969Z</time>
      </trkpt>
      <trkpt lat="33.369769966229796" lon="126.53292998671532">
        <ele>1653.8</ele>
        <time>2025-10-14T16:49:54.969Z</time>
      </trkpt>
      <trkpt lat="33.36994003504515" lon="126.53302998282015">
        <ele>1660.6</ele>
        <time>2025-10-14T16:52:35.969Z</time>
      </trkpt>
      <trkpt lat="33.36986996233463" lon="126.53325998224318">
        <ele>1665</ele>
        <time>2025-10-14T16:54:48.969Z</time>
      </trkpt>
      <trkpt lat="33.369769966229796" lon="126.5334400255233">
        <ele>1668.4</ele>
        <time>2025-10-14T16:56:45.969Z</time>
      </trkpt>
      <trkpt lat="33.36962001398206" lon="126.53358997777104">
        <ele>1671.8</ele>
        <time>2025-10-14T16:58:58.969Z</time>
      </trkpt>
      <trkpt lat="33.369509959593415" lon="126.53377002105117">
        <ele>1674.6</ele>
        <time>2025-10-14T17:00:56.969Z</time>
      </trkpt>
      <trkpt lat="33.3693500328809" lon="126.53388996608555">
        <ele>1677.4</ele>
        <time>2025-10-14T17:02:54.969Z</time>
      </trkpt>
      <trkpt lat="33.369160015136" lon="126.53394998051226">
        <ele>1680.3</ele>
        <time>2025-10-14T17:04:52.969Z</time>
      </trkpt>
      <trkpt lat="33.368969997391105" lon="126.53397998772562">
        <ele>1683.6</ele>
        <time>2025-10-14T17:06:49.969Z</time>
      </trkpt>
      <trkpt lat="33.368779979646206" lon="126.53397998772562">
        <ele>1688.3</ele>
        <time>2025-10-14T17:09:17.969Z</time>
      </trkpt>
      <trkpt lat="33.36858996190131" lon="126.53396003879607">
        <ele>1692.7</ele>
        <time>2025-10-14T17:11:15.969Z</time>
      </trkpt>
      <trkpt lat="33.36841997690499" lon="126.53384998440742">
        <ele>1699.8</ele>
        <time>2025-10-14T17:13:57.969Z</time>
      </trkpt>
      <trkpt lat="33.368240017443895" lon="126.53380002826452">
        <ele>1708</ele>
        <time>2025-10-14T17:16:40.969Z</time>
      </trkpt>
      <trkpt lat="33.368089981377125" lon="126.5336799994111">
        <ele>1714.5</ele>
        <time>2025-10-14T17:18:38.969Z</time>
      </trkpt>
      <trkpt lat="33.36788998916745" lon="126.53375996276736">
        <ele>1724.3</ele>
        <time>2025-10-14T17:21:21.969Z</time>
      </trkpt>
      <trkpt lat="33.36771002970636" lon="126.53384998440742">
        <ele>1734.5</ele>
        <time>2025-10-14T17:24:04.969Z</time>
      </trkpt>
      <trkpt lat="33.367550019174814" lon="126.53397998772562">
        <ele>1743.8</ele>
        <time>2025-10-14T17:26:32.969Z</time>
      </trkpt>
      <trkpt lat="33.36736997589469" lon="126.53394998051226">
        <ele>1751.8</ele>
        <time>2025-10-14T17:28:45.969Z</time>
      </trkpt>
      <trkpt lat="33.367209965363145" lon="126.5340499766171">
        <ele>1757.7</ele>
        <time>2025-10-14T17:30:28.969Z</time>
      </trkpt>
      <trkpt lat="33.36703000590205" lon="126.53413002379239">
        <ele>1764.9</ele>
        <time>2025-10-14T17:32:42.969Z</time>
      </trkpt>
      <trkpt lat="33.36684996262193" lon="126.53417000547051">
        <ele>1770.1</ele>
        <time>2025-10-14T17:34:26.969Z</time>
      </trkpt>
      <trkpt lat="33.366649970412254" lon="126.53413002379239">
        <ele>1775.7</ele>
        <time>2025-10-14T17:36:24.969Z</time>
      </trkpt>
      <trkpt lat="33.36647001095116" lon="126.53407998383045">
        <ele>1781.7</ele>
        <time>2025-10-14T17:38:38.969Z</time>
      </trkpt>
      <trkpt lat="33.36628996767104" lon="126.53404000215232">
        <ele>1787.9</ele>
        <time>2025-10-14T17:41:06.969Z</time>
      </trkpt>
      <trkpt lat="33.36611998267472" lon="126.53394000604749">
        <ele>1793.3</ele>
        <time>2025-10-14T17:43:20.969Z</time>
      </trkpt>
      <trkpt lat="33.36592996492982" lon="126.53397998772562">
        <ele>1799</ele>
        <time>2025-10-14T17:45:49.969Z</time>
      </trkpt>
      <trkpt lat="33.36574003100395" lon="126.53394000604749">
        <ele>1804</ele>
        <time>2025-10-14T17:48:02.969Z</time>
      </trkpt>
      <trkpt lat="33.36555998772383" lon="126.53397998772562">
        <ele>1808.9</ele>
        <time>2025-10-14T17:50:16.969Z</time>
      </trkpt>
      <trkpt lat="33.36536996997893" lon="126.53398996219039">
        <ele>1813.7</ele>
        <time>2025-10-14T17:52:30.969Z</time>
      </trkpt>
      <trkpt lat="33.36518003605306" lon="126.53407000936568">
        <ele>1818.6</ele>
        <time>2025-10-14T17:54:44.969Z</time>
      </trkpt>
      <trkpt lat="33.36499999277294" lon="126.53417000547051">
        <ele>1824.2</ele>
        <time>2025-10-14T17:57:13.969Z</time>
      </trkpt>
      <trkpt lat="33.36492002941668" lon="126.53439003042877">
        <ele>1829.2</ele>
        <time>2025-10-14T17:59:27.969Z</time>
      </trkpt>
      <trkpt lat="33.364739986136556" lon="126.53443998657167">
        <ele>1834.2</ele>
        <time>2025-10-14T18:01:41.969Z</time>
      </trkpt>
      <trkpt lat="33.36456002667546" lon="126.53450000099838">
        <ele>1839.1</ele>
        <time>2025-10-14T18:03:56.969Z</time>
      </trkpt>
      <trkpt lat="33.364370008930564" lon="126.53446001932025">
        <ele>1843.3</ele>
        <time>2025-10-14T18:05:55.969Z</time>
      </trkpt>
      <trkpt lat="33.364179991185665" lon="126.53450997546315">
        <ele>1848.7</ele>
        <time>2025-10-14T18:08:24.969Z</time>
      </trkpt>
      <trkpt lat="33.364030038937926" lon="126.53463000431657">
        <ele>1853.5</ele>
        <time>2025-10-14T18:10:39.969Z</time>
      </trkpt>
      <trkpt lat="33.3638499956578" lon="126.53467996045947">
        <ele>1859</ele>
        <time>2025-10-14T18:13:08.969Z</time>
      </trkpt>
      <trkpt lat="33.36368001066148" lon="126.53459999710321">
        <ele>1864</ele>
        <time>2025-10-14T18:15:23.969Z</time>
      </trkpt>
      <trkpt lat="33.36349996738136" lon="126.5345399826765">
        <ele>1869.2</ele>
        <time>2025-10-14T18:17:37.969Z</time>
      </trkpt>
      <trkpt lat="33.36348001845181" lon="126.53476998209953">
        <ele>1875</ele>
        <time>2025-10-14T18:20:07.969Z</time>
      </trkpt>
      <trkpt lat="33.3634200040251" lon="126.53499000705779">
        <ele>1879.7</ele>
        <time>2025-10-14T18:22:07.969Z</time>
      </trkpt>
      <trkpt lat="33.36331003345549" lon="126.53516996651888">
        <ele>1885.5</ele>
        <time>2025-10-14T18:24:36.969Z</time>
      </trkpt>
      <trkpt lat="33.363169971853495" lon="126.53532997705042">
        <ele>1890</ele>
        <time>2025-10-14T18:26:36.969Z</time>
      </trkpt>
      <trkpt lat="33.36309000849724" lon="126.5355400275439">
        <ele>1893.8</ele>
        <time>2025-10-14T18:28:21.969Z</time>
      </trkpt>
      <trkpt lat="33.3629900123924" lon="126.535719987005">
        <ele>1897.5</ele>
        <time>2025-10-14T18:30:06.969Z</time>
      </trkpt>
      <trkpt lat="33.3627999946475" lon="126.53581000864506">
        <ele>1901.5</ele>
        <time>2025-10-14T18:32:06.969Z</time>
      </trkpt>
      <trkpt lat="33.36262003518641" lon="126.53577002696693">
        <ele>1905.7</ele>
        <time>2025-10-14T18:34:21.969Z</time>
      </trkpt>
      <trkpt lat="33.362460024654865" lon="126.53590003028512">
        <ele>1908.9</ele>
        <time>2025-10-14T18:36:22.969Z</time>
      </trkpt>
      <trkpt lat="33.36227998137474" lon="126.53591997921467">
        <ele>1912.7</ele>
        <time>2025-10-14T18:39:07.969Z</time>
      </trkpt>
      <trkpt lat="33.36210002191365" lon="126.53587999753654">
        <ele>1915.2</ele>
        <time>2025-10-14T18:41:22.969Z</time>
      </trkpt>
      <trkpt lat="33.361900029703975" lon="126.53583004139364">
        <ele>1917.2</ele>
        <time>2025-10-14T18:43:37.969Z</time>
      </trkpt>
      <trkpt lat="33.3617000374943" lon="126.53577002696693">
        <ele>1918.4</ele>
        <time>2025-10-14T18:45:38.969Z</time>
      </trkpt>
      <trkpt lat="33.36151999421418" lon="126.53578997589648">
        <ele>1919.1</ele>
        <time>2025-10-14T18:47:23.969Z</time>
      </trkpt>
      <trkpt lat="33.361340034753084" lon="126.53581000864506">
        <ele>1919.4</ele>
        <time>2025-10-14T18:48:53.969Z</time>
      </trkpt>
      <trkpt lat="33.361189998686314" lon="126.53568997979164">
        <ele>1919.5</ele>
        <time>2025-10-14T18:50:54.969Z</time>
      </trkpt>
      <trkpt lat="33.360999980941415" lon="126.53561001643538">
        <ele>1919</ele>
        <time>2025-10-14T18:53:10.969Z</time>
      </trkpt>
      <trkpt lat="33.36092999204993" lon="126.53581000864506">
        <ele>1918</ele>
        <time>2025-10-14T18:55:25.969Z</time>
      </trkpt>
      <trkpt lat="33.360890010371804" lon="126.53604000806808">
        <ele>1916.6</ele>
        <time>2025-10-14T18:57:11.969Z</time>
      </trkpt>
      <trkpt lat="33.360890010371804" lon="126.53627000749111">
        <ele>1914.5</ele>
        <time>2025-10-14T18:59:12.969Z</time>
      </trkpt>
      <trkpt lat="33.360890010371804" lon="126.53650000691414">
        <ele>1912.1</ele>
        <time>2025-10-14T19:00:57.969Z</time>
      </trkpt>
      <trkpt lat="33.36086000315845" lon="126.53673000633717">
        <ele>1908.8</ele>
        <time>2025-10-14T19:02:58.969Z</time>
      </trkpt>
      <trkpt lat="33.36086000315845" lon="126.53695003129542">
        <ele>1905.3</ele>
        <time>2025-10-14T19:04:44.969Z</time>
      </trkpt>
      <trkpt lat="33.360890010371804" lon="126.53719000518322">
        <ele>1901.4</ele>
        <time>2025-10-14T19:06:30.969Z</time>
      </trkpt>
      <trkpt lat="33.36093996651471" lon="126.53742000460625">
        <ele>1896.3</ele>
        <time>2025-10-14T19:08:31.969Z</time>
      </trkpt>
      <trkpt lat="33.36099000647664" lon="126.5376400295645">
        <ele>1889.9</ele>
        <time>2025-10-14T19:10:47.969Z</time>
      </trkpt>
      <trkpt lat="33.36102998815477" lon="126.53784999623895">
        <ele>1883.6</ele>
        <time>2025-10-14T19:12:48.969Z</time>
      </trkpt>
      <trkpt lat="33.36112000979483" lon="126.5380599629134">
        <ele>1877.8</ele>
        <time>2025-10-14T19:14:34.969Z</time>
      </trkpt>
      <trkpt lat="33.36126996204257" lon="126.53818996623158">
        <ele>1870.1</ele>
        <time>2025-10-14T19:16:50.969Z</time>
      </trkpt>
      <trkpt lat="33.361429972574115" lon="126.53831996954978">
        <ele>1862.9</ele>
        <time>2025-10-14T19:18:52.969Z</time>
      </trkpt>
      <trkpt lat="33.36148998700082" lon="126.53853002004325">
        <ele>1855.5</ele>
        <time>2025-10-14T19:20:53.969Z</time>
      </trkpt>
      <trkpt lat="33.36157003417611" lon="126.53876001946628">
        <ele>1848</ele>
        <time>2025-10-14T19:22:54.969Z</time>
      </trkpt>
      <trkpt lat="33.361619990319014" lon="126.5389799606055">
        <ele>1841.4</ele>
        <time>2025-10-14T19:24:41.969Z</time>
      </trkpt>
      <trkpt lat="33.36175996810198" lon="126.53915002942085">
        <ele>1834.9</ele>
        <time>2025-10-14T19:26:27.969Z</time>
      </trkpt>
      <trkpt lat="33.36187002249062" lon="126.53932998888195">
        <ele>1828.3</ele>
        <time>2025-10-14T19:28:13.969Z</time>
      </trkpt>
      <trkpt lat="33.362010000273585" lon="126.53948999941349">
        <ele>1821.9</ele>
        <time>2025-10-14T19:30:00.969Z</time>
      </trkpt>
      <trkpt lat="33.36214997805655" lon="126.53965000994503">
        <ele>1815.6</ele>
        <time>2025-10-14T19:31:46.969Z</time>
      </trkpt>
      <trkpt lat="33.36227998137474" lon="126.53979996219277">
        <ele>1809.6</ele>
        <time>2025-10-14T19:33:33.969Z</time>
      </trkpt>
      <trkpt lat="33.362439991906285" lon="126.53989995829761">
        <ele>1803</ele>
        <time>2025-10-14T19:35:34.969Z</time>
      </trkpt>
      <trkpt lat="33.36257996968925" lon="126.5400400198996">
        <ele>1796.7</ele>
        <time>2025-10-14T19:37:36.969Z</time>
      </trkpt>
      <trkpt lat="33.362699998542666" lon="126.54021000489593">
        <ele>1790.8</ele>
        <time>2025-10-14T19:39:38.969Z</time>
      </trkpt>
      <trkpt lat="33.36277996189892" lon="126.5404099971056">
        <ele>1785.1</ele>
        <time>2025-10-14T19:41:40.969Z</time>
      </trkpt>
      <trkpt lat="33.36289999075234" lon="126.54059004038572">
        <ele>1780.3</ele>
        <time>2025-10-14T19:43:27.969Z</time>
      </trkpt>
      <trkpt lat="33.36306997574866" lon="126.54070998542011">
        <ele>1775.2</ele>
        <time>2025-10-14T19:45:29.969Z</time>
      </trkpt>
      <trkpt lat="33.36313996464014" lon="126.54093001037836">
        <ele>1771.4</ele>
        <time>2025-10-14T19:47:00.969Z</time>
      </trkpt>
      <trkpt lat="33.36326996795833" lon="126.5410900209099">
        <ele>1767.2</ele>
        <time>2025-10-14T19:48:47.969Z</time>
      </trkpt>
      <trkpt lat="33.36332998238504" lon="126.54132002033293">
        <ele>1762.6</ele>
        <time>2025-10-14T19:50:49.969Z</time>
      </trkpt>
      <trkpt lat="33.36341002956033" lon="126.54152998700738">
        <ele>1758.8</ele>
        <time>2025-10-14T19:52:36.969Z</time>
      </trkpt>
      <trkpt lat="33.36355000734329" lon="126.54168999753892">
        <ele>1755.2</ele>
        <time>2025-10-14T19:54:23.969Z</time>
      </trkpt>
      <trkpt lat="33.36361002177" lon="126.54191002249718">
        <ele>1751.8</ele>
        <time>2025-10-14T19:56:10.969Z</time>
      </trkpt>
      <trkpt lat="33.36371999233961" lon="126.54211998917162">
        <ele>1748.5</ele>
        <time>2025-10-14T19:57:57.969Z</time>
      </trkpt>
      <trkpt lat="33.36378998123109" lon="126.54234998859465">
        <ele>1745.3</ele>
        <time>2025-10-14T19:59:44.969Z</time>
      </trkpt>
      <trkpt lat="33.3638000395149" lon="126.54258996248245">
        <ele>1742.3</ele>
        <time>2025-10-14T20:01:31.969Z</time>
      </trkpt>
      <trkpt lat="33.363770032301545" lon="126.54283002018929">
        <ele>1739.8</ele>
        <time>2025-10-14T20:03:03.969Z</time>
      </trkpt>
      <trkpt lat="33.36381001397967" lon="126.5430499613285">
        <ele>1737.1</ele>
        <time>2025-10-14T20:04:51.969Z</time>
      </trkpt>
      <trkpt lat="33.36388997733593" lon="126.54327996075153">
        <ele>1734.1</ele>
        <time>2025-10-14T20:06:53.969Z</time>
      </trkpt>
      <trkpt lat="33.36388997733593" lon="126.54350996017456">
        <ele>1731.2</ele>
        <time>2025-10-14T20:08:56.969Z</time>
      </trkpt>
      <trkpt lat="33.3638499956578" lon="126.54372001066804">
        <ele>1728.8</ele>
        <time>2025-10-14T20:10:43.969Z</time>
      </trkpt>
      <trkpt lat="33.36395996622741" lon="126.54389997012913">
        <ele>1726.1</ele>
        <time>2025-10-14T20:12:46.969Z</time>
      </trkpt>
      <trkpt lat="33.364070020616055" lon="126.54408001340926">
        <ele>1723.8</ele>
        <time>2025-10-14T20:14:34.969Z</time>
      </trkpt>
      <trkpt lat="33.36418996565044" lon="126.54424999840558">
        <ele>1721.7</ele>
        <time>2025-10-14T20:16:06.969Z</time>
      </trkpt>
      <trkpt lat="33.3642300311476" lon="126.54447002336383">
        <ele>1719.3</ele>
        <time>2025-10-14T20:17:53.969Z</time>
      </trkpt>
      <trkpt lat="33.364349976181984" lon="126.54466004110873">
        <ele>1716.8</ele>
        <time>2025-10-14T20:19:41.969Z</time>
      </trkpt>
      <trkpt lat="33.364289961755276" lon="126.54487000778317">
        <ele>1714.2</ele>
        <time>2025-10-14T20:21:29.969Z</time>
      </trkpt>
      <trkpt lat="33.36434000171721" lon="126.5451000072062">
        <ele>1711</ele>
        <time>2025-10-14T20:23:32.969Z</time>
      </trkpt>
      <trkpt lat="33.364419965073466" lon="126.54529999941587">
        <ele>1708.1</ele>
        <time>2025-10-14T20:25:20.969Z</time>
      </trkpt>
      <trkpt lat="33.364479979500175" lon="126.5455299988389">
        <ele>1705</ele>
        <time>2025-10-14T20:27:07.969Z</time>
      </trkpt>
      <trkpt lat="33.36456002667546" lon="126.54572999104857">
        <ele>1701.6</ele>
        <time>2025-10-14T20:28:55.969Z</time>
      </trkpt>
      <trkpt lat="33.36457997560501" lon="126.5459599904716">
        <ele>1696.9</ele>
        <time>2025-10-14T20:31:14.969Z</time>
      </trkpt>
      <trkpt lat="33.364609982818365" lon="126.5461999643594">
        <ele>1692.6</ele>
        <time>2025-10-14T20:33:17.969Z</time>
      </trkpt>
      <trkpt lat="33.364739986136556" lon="126.54635000042617">
        <ele>1688.2</ele>
        <time>2025-10-14T20:35:21.969Z</time>
      </trkpt>
      <trkpt lat="33.36483000777662" lon="126.54655996710062">
        <ele>1683.6</ele>
        <time>2025-10-14T20:37:24.969Z</time>
      </trkpt>
      <trkpt lat="33.3648999966681" lon="126.5467599593103">
        <ele>1679.6</ele>
        <time>2025-10-14T20:39:12.969Z</time>
      </trkpt>
      <trkpt lat="33.36496998555958" lon="126.54697000980377">
        <ele>1675.5</ele>
        <time>2025-10-14T20:41:01.969Z</time>
      </trkpt>
      <trkpt lat="33.36502999998629" lon="126.54720998369157">
        <ele>1670.7</ele>
        <time>2025-10-14T20:43:04.969Z</time>
      </trkpt>
      <trkpt lat="33.365060007199645" lon="126.5474399831146">
        <ele>1666.5</ele>
        <time>2025-10-14T20:44:52.969Z</time>
      </trkpt>
      <trkpt lat="33.36512002162635" lon="126.54766000807285">
        <ele>1661.5</ele>
        <time>2025-10-14T20:46:56.969Z</time>
      </trkpt>
      <trkpt lat="33.36522001773119" lon="126.54786000028253">
        <ele>1656.6</ele>
        <time>2025-10-14T20:49:00.969Z</time>
      </trkpt>
      <trkpt lat="33.365299981087446" lon="126.54806996695697">
        <ele>1651.6</ele>
        <time>2025-10-14T20:51:04.969Z</time>
      </trkpt>
      <trkpt lat="33.365380028262734" lon="126.54826995916665">
        <ele>1646.7</ele>
        <time>2025-10-14T20:53:08.969Z</time>
      </trkpt>
      <trkpt lat="33.36549997329712" lon="126.54845000244677">
        <ele>1641.9</ele>
        <time>2025-10-14T20:55:12.969Z</time>
      </trkpt>
      <trkpt lat="33.36555001325905" lon="126.54867002740502">
        <ele>1637</ele>
        <time>2025-10-14T20:57:16.969Z</time>
      </trkpt>
      <trkpt lat="33.36561002768576" lon="126.54888996854424">
        <ele>1632.7</ele>
        <time>2025-10-14T20:59:04.969Z</time>
      </trkpt>
      <trkpt lat="33.36571999825537" lon="126.54907001182437">
        <ele>1627.8</ele>
        <time>2025-10-14T21:01:08.969Z</time>
      </trkpt>
      <trkpt lat="33.36588000878692" lon="126.54920001514256">
        <ele>1622.8</ele>
        <time>2025-10-14T21:03:13.969Z</time>
      </trkpt>
      <trkpt lat="33.36595997214317" lon="126.54943001456559">
        <ele>1617.7</ele>
        <time>2025-10-14T21:05:17.969Z</time>
      </trkpt>
      <trkpt lat="33.366049993783236" lon="126.54962003231049">
        <ele>1612.4</ele>
        <time>2025-10-14T21:07:21.969Z</time>
      </trkpt>
      <trkpt lat="33.36614998988807" lon="126.54982002452016">
        <ele>1607.7</ele>
        <time>2025-10-14T21:09:10.969Z</time>
      </trkpt>
      <trkpt lat="33.36631000041962" lon="126.54993996955454">
        <ele>1602.1</ele>
        <time>2025-10-14T21:11:14.969Z</time>
      </trkpt>
      <trkpt lat="33.36641997098923" lon="126.55012001283467">
        <ele>1597</ele>
        <time>2025-10-14T21:13:03.969Z</time>
      </trkpt>
      <trkpt lat="33.366500018164515" lon="126.5503500122577">
        <ele>1590.2</ele>
        <time>2025-10-14T21:15:23.969Z</time>
      </trkpt>
      <trkpt lat="33.366630021482706" lon="126.55052997171879">
        <ele>1585.5</ele>
        <time>2025-10-14T21:16:57.969Z</time>
      </trkpt>
      <trkpt lat="33.366779973730445" lon="126.55067003332078">
        <ele>1580</ele>
        <time>2025-10-14T21:18:46.969Z</time>
      </trkpt>
      <trkpt lat="33.36686999537051" lon="126.55085996724665">
        <ele>1575.3</ele>
        <time>2025-10-14T21:20:19.969Z</time>
      </trkpt>
      <trkpt lat="33.36693998426199" lon="126.55108996666968">
        <ele>1569.2</ele>
        <time>2025-10-14T21:22:24.969Z</time>
      </trkpt>
      <trkpt lat="33.367079962044954" lon="126.55126003548503">
        <ele>1563.2</ele>
        <time>2025-10-14T21:24:29.969Z</time>
      </trkpt>
      <trkpt lat="33.36716998368502" lon="126.5514499694109">
        <ele>1558.8</ele>
        <time>2025-10-14T21:26:02.969Z</time>
      </trkpt>
      <trkpt lat="33.3672399725765" lon="126.55166999436915">
        <ele>1553.3</ele>
        <time>2025-10-14T21:28:07.969Z</time>
      </trkpt>
      <trkpt lat="33.36732999421656" lon="126.5518799610436">
        <ele>1547.5</ele>
        <time>2025-10-14T21:30:28.969Z</time>
      </trkpt>
      <trkpt lat="33.36748003028333" lon="126.55200996436179">
        <ele>1542.3</ele>
        <time>2025-10-14T21:32:48.969Z</time>
      </trkpt>
      <trkpt lat="33.36764004081488" lon="126.55216000042856">
        <ele>1538.7</ele>
        <time>2025-10-14T21:34:38.969Z</time>
      </trkpt>
      <trkpt lat="33.36772000417113" lon="126.55235999263823">
        <ele>1535.5</ele>
        <time>2025-10-14T21:36:27.969Z</time>
      </trkpt>
      <trkpt lat="33.36772997863591" lon="126.55259996652603">
        <ele>1532.3</ele>
        <time>2025-10-14T21:38:32.969Z</time>
      </trkpt>
      <trkpt lat="33.367899963632226" lon="126.55272996984422">
        <ele>1529.5</ele>
        <time>2025-10-14T21:40:37.969Z</time>
      </trkpt>
      <trkpt lat="33.368089981377125" lon="126.55278998427093">
        <ele>1527.1</ele>
        <time>2025-10-14T21:42:43.969Z</time>
      </trkpt>
      <trkpt lat="33.368259966373444" lon="126.55288000591099">
        <ele>1525.5</ele>
        <time>2025-10-14T21:44:16.969Z</time>
      </trkpt>
      <trkpt lat="33.36841997690499" lon="126.55304999090731">
        <ele>1523.9</ele>
        <time>2025-10-14T21:45:51.969Z</time>
      </trkpt>
      <trkpt lat="33.36850002408028" lon="126.55327001586556">
        <ele>1522</ele>
        <time>2025-10-14T21:47:40.969Z</time>
      </trkpt>
      <trkpt lat="33.36864000186324" lon="126.55340999364853">
        <ele>1520.1</ele>
        <time>2025-10-14T21:49:30.969Z</time>
      </trkpt>
      <trkpt lat="33.368800012394786" lon="126.5535600297153">
        <ele>1518.1</ele>
        <time>2025-10-14T21:51:20.969Z</time>
      </trkpt>
      <trkpt lat="33.368949964642525" lon="126.55370000749826">
        <ele>1516.1</ele>
        <time>2025-10-14T21:53:10.969Z</time>
      </trkpt>
      <trkpt lat="33.36904996074736" lon="126.55389002524316">
        <ele>1514.3</ele>
        <time>2025-10-14T21:54:44.969Z</time>
      </trkpt>
      <trkpt lat="33.36919002234936" lon="126.55403000302613">
        <ele>1512.1</ele>
        <time>2025-10-14T21:56:34.969Z</time>
      </trkpt>
      <trkpt lat="33.36919002234936" lon="126.55426000244915">
        <ele>1510.1</ele>
        <time>2025-10-14T21:58:08.969Z</time>
      </trkpt>
      <trkpt lat="33.36919002234936" lon="126.55448002740741">
        <ele>1508.1</ele>
        <time>2025-10-14T21:59:43.969Z</time>
      </trkpt>
      <trkpt lat="33.36919002234936" lon="126.55469996854663">
        <ele>1506.2</ele>
        <time>2025-10-14T22:01:17.969Z</time>
      </trkpt>
      <trkpt lat="33.369209971278906" lon="126.55491999350488">
        <ele>1503.9</ele>
        <time>2025-10-14T22:03:07.969Z</time>
      </trkpt>
      <trkpt lat="33.369290018454194" lon="126.55514999292791">
        <ele>1501.7</ele>
        <time>2025-10-14T22:04:57.969Z</time>
      </trkpt>
      <trkpt lat="33.36939001455903" lon="126.55534001067281">
        <ele>1499.6</ele>
        <time>2025-10-14T22:06:47.969Z</time>
      </trkpt>
      <trkpt lat="33.36946000345051" lon="126.55554000288248">
        <ele>1497.7</ele>
        <time>2025-10-14T22:08:38.969Z</time>
      </trkpt>
      <trkpt lat="33.369509959593415" lon="126.55577000230551">
        <ele>1495.8</ele>
        <time>2025-10-14T22:10:28.969Z</time>
      </trkpt>
      <trkpt lat="33.36958003230393" lon="126.55599002726376">
        <ele>1494.1</ele>
        <time>2025-10-14T22:12:18.969Z</time>
      </trkpt>
      <trkpt lat="33.36962998844683" lon="126.55620996840298">
        <ele>1492.2</ele>
        <time>2025-10-14T22:14:25.969Z</time>
      </trkpt>
      <trkpt lat="33.36966997012496" lon="126.55645002610981">
        <ele>1490.4</ele>
        <time>2025-10-14T22:16:31.969Z</time>
      </trkpt>
      <trkpt lat="33.36972998455167" lon="126.55666996724904">
        <ele>1488.5</ele>
        <time>2025-10-14T22:18:37.969Z</time>
      </trkpt>
      <trkpt lat="33.369829980656505" lon="126.55688001774251">
        <ele>1486.4</ele>
        <time>2025-10-14T22:20:43.969Z</time>
      </trkpt>
      <trkpt lat="33.36995000950992" lon="126.55708000995219">
        <ele>1484.3</ele>
        <time>2025-10-14T22:22:34.969Z</time>
      </trkpt>
      <trkpt lat="33.37007003836334" lon="126.55728000216186">
        <ele>1482.1</ele>
        <time>2025-10-14T22:24:25.969Z</time>
      </trkpt>
      <trkpt lat="33.37014002725482" lon="126.55748996883631">
        <ele>1479.6</ele>
        <time>2025-10-14T22:26:15.969Z</time>
      </trkpt>
      <trkpt lat="33.37018998339772" lon="126.55771996825933">
        <ele>1476.8</ele>
        <time>2025-10-14T22:28:06.969Z</time>
      </trkpt>
      <trkpt lat="33.370259972289205" lon="126.55791996046901">
        <ele>1473.9</ele>
        <time>2025-10-14T22:29:57.969Z</time>
      </trkpt>
      <trkpt lat="33.370259972289205" lon="126.55816001817584">
        <ele>1470.7</ele>
        <time>2025-10-14T22:31:48.969Z</time>
      </trkpt>
      <trkpt lat="33.370150001719594" lon="126.55836001038551">
        <ele>1467.3</ele>
        <time>2025-10-14T22:33:39.969Z</time>
      </trkpt>
      <trkpt lat="33.37008001282811" lon="126.55858003534377">
        <ele>1463.8</ele>
        <time>2025-10-14T22:35:30.969Z</time>
      </trkpt>
      <trkpt lat="33.37008001282811" lon="126.55879997648299">
        <ele>1459.6</ele>
        <time>2025-10-14T22:37:36.969Z</time>
      </trkpt>
      <trkpt lat="33.37008001282811" lon="126.55902997590601">
        <ele>1456.3</ele>
        <time>2025-10-14T22:39:12.969Z</time>
      </trkpt>
      <trkpt lat="33.370129968971014" lon="126.55927003361285">
        <ele>1452.9</ele>
        <time>2025-10-14T22:40:47.969Z</time>
      </trkpt>
      <trkpt lat="33.37018000893295" lon="126.55950003303587">
        <ele>1448.4</ele>
        <time>2025-10-14T22:42:54.969Z</time>
      </trkpt>
      <trkpt lat="33.370240023359656" lon="126.5597199741751">
        <ele>1443.9</ele>
        <time>2025-10-14T22:45:01.969Z</time>
      </trkpt>
      <trkpt lat="33.37034999392927" lon="126.55991996638477">
        <ele>1439.2</ele>
        <time>2025-10-14T22:47:08.969Z</time>
      </trkpt>
      <trkpt lat="33.37047999724746" lon="126.56007997691631">
        <ele>1435</ele>
        <time>2025-10-14T22:48:59.969Z</time>
      </trkpt>
      <trkpt lat="33.37057001888752" lon="126.56026999466121">
        <ele>1430.8</ele>
        <time>2025-10-14T22:50:50.969Z</time>
      </trkpt>
      <trkpt lat="33.37070002220571" lon="126.56046001240611">
        <ele>1426.3</ele>
        <time>2025-10-14T22:52:42.969Z</time>
      </trkpt>
      <trkpt lat="33.37077998556197" lon="126.56066000461578">
        <ele>1421.8</ele>
        <time>2025-10-14T22:54:33.969Z</time>
      </trkpt>
      <trkpt lat="33.37080001831055" lon="126.56088002957404">
        <ele>1417</ele>
        <time>2025-10-14T22:56:25.969Z</time>
      </trkpt>
      <trkpt lat="33.37093999609351" lon="126.56105998903513">
        <ele>1410.7</ele>
        <time>2025-10-14T22:58:48.969Z</time>
      </trkpt>
      <trkpt lat="33.371030017733574" lon="126.56125000678003">
        <ele>1405.7</ele>
        <time>2025-10-14T23:00:39.969Z</time>
      </trkpt>
      <trkpt lat="33.3710699994117" lon="126.56150003895164">
        <ele>1400.8</ele>
        <time>2025-10-14T23:02:31.969Z</time>
      </trkpt>
      <trkpt lat="33.3710699994117" lon="126.56173003837466">
        <ele>1395.8</ele>
        <time>2025-10-14T23:04:23.969Z</time>
      </trkpt>
      <trkpt lat="33.37096002884209" lon="126.56194000504911">
        <ele>1390.9</ele>
        <time>2025-10-14T23:06:14.969Z</time>
      </trkpt>
      <trkpt lat="33.37090998888016" lon="126.56214997172356">
        <ele>1386.8</ele>
        <time>2025-10-14T23:07:50.969Z</time>
      </trkpt>
      <trkpt lat="33.370970003306866" lon="126.56237997114658">
        <ele>1381.4</ele>
        <time>2025-10-14T23:09:58.969Z</time>
      </trkpt>
      <trkpt lat="33.3710699994117" lon="126.56256998889148">
        <ele>1377.5</ele>
        <time>2025-10-14T23:11:34.969Z</time>
      </trkpt>
      <trkpt lat="33.371120039373636" lon="126.56280996277928">
        <ele>1373</ele>
        <time>2025-10-14T23:13:26.969Z</time>
      </trkpt>
      <trkpt lat="33.371100006625056" lon="126.56302998773754">
        <ele>1368.7</ele>
        <time>2025-10-14T23:15:18.969Z</time>
      </trkpt>
      <trkpt lat="33.37106002494693" lon="126.56325001269579">
        <ele>1364.5</ele>
        <time>2025-10-14T23:17:09.969Z</time>
      </trkpt>
      <trkpt lat="33.371009984984994" lon="126.56347003765404">
        <ele>1360.5</ele>
        <time>2025-10-14T23:19:01.969Z</time>
      </trkpt>
      <trkpt lat="33.371079973876476" lon="126.56368000432849">
        <ele>1356.6</ele>
        <time>2025-10-14T23:20:53.969Z</time>
      </trkpt>
      <trkpt lat="33.371139988303185" lon="126.56391997821629">
        <ele>1352.8</ele>
        <time>2025-10-14T23:22:46.969Z</time>
      </trkpt>
      <trkpt lat="33.371160021051764" lon="126.56416003592312">
        <ele>1348.6</ele>
        <time>2025-10-14T23:24:54.969Z</time>
      </trkpt>
      <trkpt lat="33.37113001383841" lon="126.56439003534615">
        <ele>1344.9</ele>
        <time>2025-10-14T23:26:46.969Z</time>
      </trkpt>
      <trkpt lat="33.37116999551654" lon="126.56460997648537">
        <ele>1340.9</ele>
        <time>2025-10-14T23:28:54.969Z</time>
      </trkpt>
      <trkpt lat="33.37122003547847" lon="126.56482002697885">
        <ele>1337.8</ele>
        <time>2025-10-14T23:30:30.969Z</time>
      </trkpt>
      <trkpt lat="33.371290024369955" lon="126.5650299936533">
        <ele>1334.2</ele>
        <time>2025-10-14T23:32:23.969Z</time>
      </trkpt>
      <trkpt lat="33.371439976617694" lon="126.56521003693342">
        <ele>1330.5</ele>
        <time>2025-10-14T23:34:15.969Z</time>
      </trkpt>
      <trkpt lat="33.37160996161401" lon="126.56532000750303">
        <ele>1326.2</ele>
        <time>2025-10-14T23:36:24.969Z</time>
      </trkpt>
      <trkpt lat="33.37175999768078" lon="126.56548999249935">
        <ele>1322.3</ele>
        <time>2025-10-14T23:38:16.969Z</time>
      </trkpt>
      <trkpt lat="33.3719299826771" lon="126.56559996306896">
        <ele>1317.7</ele>
        <time>2025-10-14T23:40:25.969Z</time>
      </trkpt>
      <trkpt lat="33.37206996046007" lon="126.56574999913573">
        <ele>1314.2</ele>
        <time>2025-10-14T23:42:01.969Z</time>
      </trkpt>
      <trkpt lat="33.37215998210013" lon="126.56595996581018">
        <ele>1309.5</ele>
        <time>2025-10-14T23:44:10.969Z</time>
      </trkpt>
      <trkpt lat="33.37224002927542" lon="126.56617001630366">
        <ele>1304.7</ele>
        <time>2025-10-14T23:46:19.969Z</time>
      </trkpt>
      <trkpt lat="33.37240003980696" lon="126.56630001962185">
        <ele>1300.1</ele>
        <time>2025-10-14T23:48:27.969Z</time>
      </trkpt>
      <trkpt lat="33.37252995930612" lon="126.56647997908294">
        <ele>1295.5</ele>
        <time>2025-10-14T23:50:36.969Z</time>
      </trkpt>
      <trkpt lat="33.37264998815954" lon="126.56664996407926">
        <ele>1292.2</ele>
        <time>2025-10-14T23:52:13.969Z</time>
      </trkpt>
      <trkpt lat="33.37280002422631" lon="126.56677996739745">
        <ele>1288.5</ele>
        <time>2025-10-14T23:54:06.969Z</time>
      </trkpt>
      <trkpt lat="33.372840005904436" lon="126.56699001789093">
        <ele>1284.4</ele>
        <time>2025-10-14T23:56:15.969Z</time>
      </trkpt>
      <trkpt lat="33.372860038653016" lon="126.56722999177873">
        <ele>1280.5</ele>
        <time>2025-10-14T23:58:24.969Z</time>
      </trkpt>
      <trkpt lat="33.372860038653016" lon="126.56745001673698">
        <ele>1277.3</ele>
        <time>2025-10-15T00:00:17.969Z</time>
      </trkpt>
      <trkpt lat="33.37280999869108" lon="126.56767004169524">
        <ele>1273.7</ele>
        <time>2025-10-15T00:02:26.969Z</time>
      </trkpt>
      <trkpt lat="33.37275995872915" lon="126.56790004111826">
        <ele>1270.6</ele>
        <time>2025-10-15T00:04:19.969Z</time>
      </trkpt>
      <trkpt lat="33.3727899659425" lon="126.56813004054129">
        <ele>1267.6</ele>
        <time>2025-10-15T00:06:12.969Z</time>
      </trkpt>
      <trkpt lat="33.372860038653016" lon="126.56834000721574">
        <ele>1263.7</ele>
        <time>2025-10-15T00:08:38.969Z</time>
      </trkpt>
      <trkpt lat="33.373030023649335" lon="126.568419970572">
        <ele>1260.2</ele>
        <time>2025-10-15T00:10:47.969Z</time>
      </trkpt>
      <trkpt lat="33.37319003418088" lon="126.56856003217399">
        <ele>1257.2</ele>
        <time>2025-10-15T00:12:40.969Z</time>
      </trkpt>
      <trkpt lat="33.37333998642862" lon="126.5687199588865">
        <ele>1253.7</ele>
        <time>2025-10-15T00:14:50.969Z</time>
      </trkpt>
      <trkpt lat="33.37347996421158" lon="126.56889002770185">
        <ele>1250.2</ele>
        <time>2025-10-15T00:16:59.969Z</time>
      </trkpt>
      <trkpt lat="33.373609967529774" lon="126.5690500382334">
        <ele>1247.1</ele>
        <time>2025-10-15T00:18:53.969Z</time>
      </trkpt>
      <trkpt lat="33.373760003596544" lon="126.56919999048114">
        <ele>1244.1</ele>
        <time>2025-10-15T00:20:46.969Z</time>
      </trkpt>
      <trkpt lat="33.37393996305764" lon="126.56932001933455">
        <ele>1240.6</ele>
        <time>2025-10-15T00:22:56.969Z</time>
      </trkpt>
      <trkpt lat="33.37414003908634" lon="126.5692900121212">
        <ele>1237.3</ele>
        <time>2025-10-15T00:25:06.969Z</time>
      </trkpt>
      <trkpt lat="33.374319998547435" lon="126.56926997937262">
        <ele>1234.1</ele>
        <time>2025-10-15T00:27:15.969Z</time>
      </trkpt>
      <trkpt lat="33.37450004182756" lon="126.5692900121212">
        <ele>1231.3</ele>
        <time>2025-10-15T00:29:09.969Z</time>
      </trkpt>
      <trkpt lat="33.37468997575343" lon="126.56926997937262">
        <ele>1228.3</ele>
        <time>2025-10-15T00:31:19.969Z</time>
      </trkpt>
      <trkpt lat="33.37487001903355" lon="126.56929998658597">
        <ele>1225.8</ele>
        <time>2025-10-15T00:33:13.969Z</time>
      </trkpt>
      <trkpt lat="33.37504000402987" lon="126.56942001543939">
        <ele>1223.2</ele>
        <time>2025-10-15T00:35:06.969Z</time>
      </trkpt>
      <trkpt lat="33.37520998902619" lon="126.56949997879565">
        <ele>1221.1</ele>
        <time>2025-10-15T00:36:44.969Z</time>
      </trkpt>
      <trkpt lat="33.37539003230631" lon="126.56949997879565">
        <ele>1218.9</ele>
        <time>2025-10-15T00:38:22.969Z</time>
      </trkpt>
      <trkpt lat="33.375590024515986" lon="126.569529986009">
        <ele>1216.8</ele>
        <time>2025-10-15T00:39:59.969Z</time>
      </trkpt>
      <trkpt lat="33.37575003504753" lon="126.56964004039764">
        <ele>1214.5</ele>
        <time>2025-10-15T00:41:37.969Z</time>
      </trkpt>
      <trkpt lat="33.375890012830496" lon="126.56978999264538">
        <ele>1211.9</ele>
        <time>2025-10-15T00:43:31.969Z</time>
      </trkpt>
      <trkpt lat="33.376039965078235" lon="126.56991999596357">
        <ele>1208.7</ele>
        <time>2025-10-15T00:45:41.969Z</time>
      </trkpt>
      <trkpt lat="33.37618002668023" lon="126.5701000392437">
        <ele>1205</ele>
        <time>2025-10-15T00:48:08.969Z</time>
      </trkpt>
      <trkpt lat="33.37628002278507" lon="126.57027999870479">
        <ele>1202.8</ele>
        <time>2025-10-15T00:49:29.969Z</time>
      </trkpt>
      <trkpt lat="33.3763699606061" lon="126.57047001644969">
        <ele>1199.8</ele>
        <time>2025-10-15T00:51:24.969Z</time>
      </trkpt>
      <trkpt lat="33.37648001499474" lon="126.57066003419459">
        <ele>1196.7</ele>
        <time>2025-10-15T00:53:18.969Z</time>
      </trkpt>
      <trkpt lat="33.37662996724248" lon="126.57080001197755">
        <ele>1193.3</ele>
        <time>2025-10-15T00:55:28.969Z</time>
      </trkpt>
      <trkpt lat="33.37680003605783" lon="126.57090000808239">
        <ele>1190</ele>
        <time>2025-10-15T00:57:39.969Z</time>
      </trkpt>
      <trkpt lat="33.37697002105415" lon="126.57099002972245">
        <ele>1187.2</ele>
        <time>2025-10-15T00:59:33.969Z</time>
      </trkpt>
      <trkpt lat="33.37716003879905" lon="126.57110997475684">
        <ele>1184.5</ele>
        <time>2025-10-15T01:01:28.969Z</time>
      </trkpt>
      <trkpt lat="33.37733999826014" lon="126.57123997807503">
        <ele>1181.9</ele>
        <time>2025-10-15T01:03:22.969Z</time>
      </trkpt>
      <trkpt lat="33.37749003432691" lon="126.57138003967702">
        <ele>1179.5</ele>
        <time>2025-10-15T01:05:17.969Z</time>
      </trkpt>
      <trkpt lat="33.377649961039424" lon="126.57149001024663">
        <ele>1176.9</ele>
        <time>2025-10-15T01:07:28.969Z</time>
      </trkpt>
      <trkpt lat="33.377820029854774" lon="126.5715800318867">
        <ele>1174.6</ele>
        <time>2025-10-15T01:09:39.969Z</time>
      </trkpt>
      <trkpt lat="33.37799998931587" lon="126.57165999524295">
        <ele>1172.4</ele>
        <time>2025-10-15T01:11:50.969Z</time>
      </trkpt>
      <trkpt lat="33.37815002538264" lon="126.57179997302592">
        <ele>1170.9</ele>
        <time>2025-10-15T01:13:28.969Z</time>
      </trkpt>
      <trkpt lat="33.37819998152554" lon="126.57202997244895">
        <ele>1168.9</ele>
        <time>2025-10-15T01:15:39.969Z</time>
      </trkpt>
      <trkpt lat="33.37822001427412" lon="126.57225997187197">
        <ele>1167.2</ele>
        <time>2025-10-15T01:17:34.969Z</time>
      </trkpt>
      <trkpt lat="33.378169974312186" lon="126.57247002236545">
        <ele>1165.5</ele>
        <time>2025-10-15T01:19:29.969Z</time>
      </trkpt>
      <trkpt lat="33.378060003742576" lon="126.5726799890399">
        <ele>1163.9</ele>
        <time>2025-10-15T01:21:24.969Z</time>
      </trkpt>
      <trkpt lat="33.37799001485109" lon="126.57289003953338">
        <ele>1162.3</ele>
        <time>2025-10-15T01:23:18.969Z</time>
      </trkpt>
      <trkpt lat="33.37792002595961" lon="126.57309003174305">
        <ele>1160.9</ele>
        <time>2025-10-15T01:24:57.969Z</time>
      </trkpt>
      <trkpt lat="33.37783997878432" lon="126.5732999984175">
        <ele>1159.3</ele>
        <time>2025-10-15T01:26:52.969Z</time>
      </trkpt>
      <trkpt lat="33.37779002264142" lon="126.57352999784052">
        <ele>1157.7</ele>
        <time>2025-10-15T01:28:47.969Z</time>
      </trkpt>
      <trkpt lat="33.37780997157097" lon="126.57376997172832">
        <ele>1156.1</ele>
        <time>2025-10-15T01:30:42.969Z</time>
      </trkpt>
      <trkpt lat="33.37783997878432" lon="126.57398999668658">
        <ele>1154.6</ele>
        <time>2025-10-15T01:32:37.969Z</time>
      </trkpt>
      <trkpt lat="33.377930000424385" lon="126.57421002164483">
        <ele>1153.1</ele>
        <time>2025-10-15T01:34:32.969Z</time>
      </trkpt>
      <trkpt lat="33.37802999652922" lon="126.57444002106786">
        <ele>1151.6</ele>
        <time>2025-10-15T01:36:28.969Z</time>
      </trkpt>
      <trkpt lat="33.37806997820735" lon="126.5746499877423">
        <ele>1150.1</ele>
        <time>2025-10-15T01:38:23.969Z</time>
      </trkpt>
      <trkpt lat="33.378120018169284" lon="126.57486003823578">
        <ele>1148.7</ele>
        <time>2025-10-15T01:40:18.969Z</time>
      </trkpt>
      <trkpt lat="33.37815999984741" lon="126.57509003765881">
        <ele>1147.4</ele>
        <time>2025-10-15T01:42:14.969Z</time>
      </trkpt>
      <trkpt lat="33.37826997041702" lon="126.57527997158468">
        <ele>1145.9</ele>
        <time>2025-10-15T01:44:26.969Z</time>
      </trkpt>
      <trkpt lat="33.37836996652186" lon="126.57546998932958">
        <ele>1144.8</ele>
        <time>2025-10-15T01:46:05.969Z</time>
      </trkpt>
      <trkpt lat="33.378510028123856" lon="126.5756399743259">
        <ele>1143.4</ele>
        <time>2025-10-15T01:48:17.969Z</time>
      </trkpt>
      <trkpt lat="33.378680013120174" lon="126.57576000317931">
        <ele>1142</ele>
        <time>2025-10-15T01:50:29.969Z</time>
      </trkpt>
      <trkpt lat="33.37884002365172" lon="126.57586997374892">
        <ele>1140.6</ele>
        <time>2025-10-15T01:52:41.969Z</time>
      </trkpt>
      <trkpt lat="33.37901998311281" lon="126.57588003203273">
        <ele>1139.5</ele>
        <time>2025-10-15T01:54:36.969Z</time>
      </trkpt>
      <trkpt lat="33.37921000085771" lon="126.57592001371086">
        <ele>1138.1</ele>
        <time>2025-10-15T01:56:49.969Z</time>
      </trkpt>
      <trkpt lat="33.379389960318804" lon="126.57595999538898">
        <ele>1137</ele>
        <time>2025-10-15T01:58:44.969Z</time>
      </trkpt>
      <trkpt lat="33.37959003634751" lon="126.57599997706711">
        <ele>1135.6</ele>
        <time>2025-10-15T02:00:57.969Z</time>
      </trkpt>
      <trkpt lat="33.37974996306002" lon="126.57615001313388">
        <ele>1134</ele>
        <time>2025-10-15T02:03:26.969Z</time>
      </trkpt>
      <trkpt lat="33.37984995916486" lon="126.57635997980833">
        <ele>1132.7</ele>
        <time>2025-10-15T02:05:22.969Z</time>
      </trkpt>
      <trkpt lat="33.37992003187537" lon="126.576559972018">
        <ele>1131.5</ele>
        <time>2025-10-15T02:07:01.969Z</time>
      </trkpt>
      <trkpt lat="33.38006000965834" lon="126.5767499897629">
        <ele>1130.1</ele>
        <time>2025-10-15T02:08:57.969Z</time>
      </trkpt>
      <trkpt lat="33.38019001297653" lon="126.57693003304303">
        <ele>1128.7</ele>
        <time>2025-10-15T02:10:53.969Z</time>
      </trkpt>
      <trkpt lat="33.380290009081364" lon="126.57710999250412">
        <ele>1127.5</ele>
        <time>2025-10-15T02:12:32.969Z</time>
      </trkpt>
      <trkpt lat="33.3803900051862" lon="126.57733999192715">
        <ele>1125.9</ele>
        <time>2025-10-15T02:14:45.969Z</time>
      </trkpt>
      <trkpt lat="33.3804399613291" lon="126.57756999135017">
        <ele>1124.5</ele>
        <time>2025-10-15T02:16:41.969Z</time>
      </trkpt>
      <trkpt lat="33.38049997575581" lon="126.57779001630843">
        <ele>1123.2</ele>
        <time>2025-10-15T02:18:21.969Z</time>
      </trkpt>
      <trkpt lat="33.380529982969165" lon="126.57802999019623">
        <ele>1121.8</ele>
        <time>2025-10-15T02:20:17.969Z</time>
      </trkpt>
      <trkpt lat="33.38056996464729" lon="126.57825001515448">
        <ele>1120.5</ele>
        <time>2025-10-15T02:21:57.969Z</time>
      </trkpt>
      <trkpt lat="33.380659986287355" lon="126.57845998182893">
        <ele>1119</ele>
        <time>2025-10-15T02:23:53.969Z</time>
      </trkpt>
      <trkpt lat="33.380720000714064" lon="126.57870003953576">
        <ele>1117.5</ele>
        <time>2025-10-15T02:25:50.969Z</time>
      </trkpt>
      <trkpt lat="33.38071002624929" lon="126.57893003895879">
        <ele>1115.9</ele>
        <time>2025-10-15T02:27:46.969Z</time>
      </trkpt>
      <trkpt lat="33.38068999350071" lon="126.57914998009801">
        <ele>1114.3</ele>
        <time>2025-10-15T02:29:43.969Z</time>
      </trkpt>
      <trkpt lat="33.38071002624929" lon="126.57940001226962">
        <ele>1112.6</ele>
        <time>2025-10-15T02:31:39.969Z</time>
      </trkpt>
      <trkpt lat="33.380740033462644" lon="126.57964996062219">
        <ele>1110.9</ele>
        <time>2025-10-15T02:33:36.969Z</time>
      </trkpt>
      <trkpt lat="33.38075998239219" lon="126.57989001832902">
        <ele>1109.5</ele>
        <time>2025-10-15T02:35:16.969Z</time>
      </trkpt>
      <trkpt lat="33.38075998239219" lon="126.58010995946825">
        <ele>1107.9</ele>
        <time>2025-10-15T02:36:56.969Z</time>
      </trkpt>
      <trkpt lat="33.38064003735781" lon="126.58029997721314">
        <ele>1105.8</ele>
        <time>2025-10-15T02:39:09.969Z</time>
      </trkpt>
      <trkpt lat="33.38054004125297" lon="126.58048002049327">
        <ele>1103.6</ele>
        <time>2025-10-15T02:41:23.969Z</time>
      </trkpt>
      <trkpt lat="33.3804399613291" lon="126.58068001270294">
        <ele>1101.6</ele>
        <time>2025-10-15T02:43:19.969Z</time>
      </trkpt>
      <trkpt lat="33.38035002350807" lon="126.58088000491261">
        <ele>1099.5</ele>
        <time>2025-10-15T02:45:16.969Z</time>
      </trkpt>
      <trkpt lat="33.380250027403235" lon="126.58107002265751">
        <ele>1097.2</ele>
        <time>2025-10-15T02:47:30.969Z</time>
      </trkpt>
      <trkpt lat="33.380229994654655" lon="126.58130999654531">
        <ele>1095.1</ele>
        <time>2025-10-15T02:49:27.969Z</time>
      </trkpt>
      <trkpt lat="33.38018003851175" lon="126.58153002150357">
        <ele>1093.1</ele>
        <time>2025-10-15T02:51:24.969Z</time>
      </trkpt>
      <trkpt lat="33.38010996580124" lon="126.5817600209266">
        <ele>1091.1</ele>
        <time>2025-10-15T02:53:21.969Z</time>
      </trkpt>
      <trkpt lat="33.38010996580124" lon="126.58199002034962">
        <ele>1089.5</ele>
        <time>2025-10-15T02:55:01.969Z</time>
      </trkpt>
      <trkpt lat="33.38009001687169" lon="126.58220996148884">
        <ele>1088.2</ele>
        <time>2025-10-15T02:56:25.969Z</time>
      </trkpt>
      <trkpt lat="33.379990020766854" lon="126.58239997923374">
        <ele>1086.4</ele>
        <time>2025-10-15T02:58:22.969Z</time>
      </trkpt>
      <trkpt lat="33.379839984700084" lon="126.58255001530051">
        <ele>1084.7</ele>
        <time>2025-10-15T03:00:19.969Z</time>
      </trkpt>
      <trkpt lat="33.37970000691712" lon="126.58271002583206">
        <ele>1083.3</ele>
        <time>2025-10-15T03:02:00.969Z</time>
      </trkpt>
      <trkpt lat="33.379560029134154" lon="126.5828599780798">
        <ele>1082</ele>
        <time>2025-10-15T03:03:40.969Z</time>
      </trkpt>
      <trkpt lat="33.37941996753216" lon="126.58302996307611">
        <ele>1080.6</ele>
        <time>2025-10-15T03:05:38.969Z</time>
      </trkpt>
      <trkpt lat="33.37927998974919" lon="126.58318997360766">
        <ele>1079.3</ele>
        <time>2025-10-15T03:07:35.969Z</time>
      </trkpt>
      <trkpt lat="33.379149986431" lon="126.58335995860398">
        <ele>1077.8</ele>
        <time>2025-10-15T03:09:49.969Z</time>
      </trkpt>
      <trkpt lat="33.379089972004294" lon="126.58357998356223">
        <ele>1076.7</ele>
        <time>2025-10-15T03:11:47.969Z</time>
      </trkpt>
      <trkpt lat="33.379049990326166" lon="126.58382004126906">
        <ele>1075.5</ele>
        <time>2025-10-15T03:13:45.969Z</time>
      </trkpt>
      <trkpt lat="33.378919987007976" lon="126.58400000073016">
        <ele>1074.4</ele>
        <time>2025-10-15T03:15:42.969Z</time>
      </trkpt>
      <trkpt lat="33.37878000922501" lon="126.58419001847506">
        <ele>1073.2</ele>
        <time>2025-10-15T03:17:57.969Z</time>
      </trkpt>
      <trkpt lat="33.37874002754688" lon="126.5843999851495">
        <ele>1072.1</ele>
        <time>2025-10-15T03:19:54.969Z</time>
      </trkpt>
      <trkpt lat="33.3787199947983" lon="126.5846399590373">
        <ele>1070.8</ele>
        <time>2025-10-15T03:22:09.969Z</time>
      </trkpt>
      <trkpt lat="33.37874002754688" lon="126.58485998399556">
        <ele>1069.4</ele>
        <time>2025-10-15T03:24:24.969Z</time>
      </trkpt>
      <trkpt lat="33.37875000201166" lon="126.58508998341858">
        <ele>1068.1</ele>
        <time>2025-10-15T03:26:21.969Z</time>
      </trkpt>
      <trkpt lat="33.37879995815456" lon="126.58530003391206">
        <ele>1066.5</ele>
        <time>2025-10-15T03:28:36.969Z</time>
      </trkpt>
      <trkpt lat="33.37882996536791" lon="126.58553003333509">
        <ele>1065.2</ele>
        <time>2025-10-15T03:30:17.969Z</time>
      </trkpt>
      <trkpt lat="33.378919987007976" lon="126.58574000000954">
        <ele>1063.6</ele>
        <time>2025-10-15T03:32:15.969Z</time>
      </trkpt>
      <trkpt lat="33.37901998311281" lon="126.58593001775444">
        <ele>1062.2</ele>
        <time>2025-10-15T03:33:56.969Z</time>
      </trkpt>
      <trkpt lat="33.3791000302881" lon="126.58613998442888">
        <ele>1060.4</ele>
        <time>2025-10-15T03:35:54.969Z</time>
      </trkpt>
      <trkpt lat="33.37917999364436" lon="126.58636998385191">
        <ele>1058.9</ele>
        <time>2025-10-15T03:37:36.969Z</time>
      </trkpt>
      <trkpt lat="33.37927001528442" lon="126.58656997606158">
        <ele>1057.6</ele>
        <time>2025-10-15T03:39:00.969Z</time>
      </trkpt>
      <trkpt lat="33.37931997142732" lon="126.58679000101984">
        <ele>1056</ele>
        <time>2025-10-15T03:40:41.969Z</time>
      </trkpt>
      <trkpt lat="33.379349978640676" lon="126.58701002597809">
        <ele>1054.1</ele>
        <time>2025-10-15T03:42:40.969Z</time>
      </trkpt>
      <trkpt lat="33.37937998585403" lon="126.58724999986589">
        <ele>1052.2</ele>
        <time>2025-10-15T03:44:38.969Z</time>
      </trkpt>
      <trkpt lat="33.379409993067384" lon="126.58747999928892">
        <ele>1050.2</ele>
        <time>2025-10-15T03:46:36.969Z</time>
      </trkpt>
      <trkpt lat="33.37941996753216" lon="126.58770999871194">
        <ele>1048.6</ele>
        <time>2025-10-15T03:48:18.969Z</time>
      </trkpt>
      <trkpt lat="33.37944000028074" lon="126.58793999813497">
        <ele>1046.7</ele>
        <time>2025-10-15T03:50:16.969Z</time>
      </trkpt>
      <trkpt lat="33.379409993067384" lon="126.588169997558">
        <ele>1044.8</ele>
        <time>2025-10-15T03:52:15.969Z</time>
      </trkpt>
      <trkpt lat="33.37940001860261" lon="126.58839002251625">
        <ele>1043.4</ele>
        <time>2025-10-15T03:53:39.969Z</time>
      </trkpt>
      <trkpt lat="33.37946003302932" lon="126.58862002193928">
        <ele>1041.2</ele>
        <time>2025-10-15T03:55:55.969Z</time>
      </trkpt>
      <trkpt lat="33.37949004024267" lon="126.58885999582708">
        <ele>1039.3</ele>
        <time>2025-10-15T03:57:54.969Z</time>
      </trkpt>
      <trkpt lat="33.379519963636994" lon="126.58911002799869">
        <ele>1037.4</ele>
        <time>2025-10-15T03:59:52.969Z</time>
      </trkpt>
      <trkpt lat="33.37960001081228" lon="126.58934002742171">
        <ele>1035.5</ele>
        <time>2025-10-15T04:01:51.969Z</time>
      </trkpt>
      <trkpt lat="33.37970998138189" lon="126.58952996134758">
        <ele>1033.8</ele>
        <time>2025-10-15T04:03:33.969Z</time>
      </trkpt>
      <trkpt lat="33.37976002134383" lon="126.58977001905441">
        <ele>1031.9</ele>
        <time>2025-10-15T04:05:32.969Z</time>
      </trkpt>
      <trkpt lat="33.37983001023531" lon="126.58998996019363">
        <ele>1029.9</ele>
        <time>2025-10-15T04:07:30.969Z</time>
      </trkpt>
      <trkpt lat="33.379909973591566" lon="126.59020998515189">
        <ele>1028</ele>
        <time>2025-10-15T04:09:29.969Z</time>
      </trkpt>
      <trkpt lat="33.37999999523163" lon="126.59040997736156">
        <ele>1026.5</ele>
        <time>2025-10-15T04:11:11.969Z</time>
      </trkpt>
      <trkpt lat="33.37999999523163" lon="126.59063997678459">
        <ele>1024.7</ele>
        <time>2025-10-15T04:13:10.969Z</time>
      </trkpt>
      <trkpt lat="33.3799600135535" lon="126.59086997620761">
        <ele>1023</ele>
        <time>2025-10-15T04:15:09.969Z</time>
      </trkpt>
      <trkpt lat="33.379969988018274" lon="126.59109997563064">
        <ele>1021.1</ele>
        <time>2025-10-15T04:17:26.969Z</time>
      </trkpt>
      <trkpt lat="33.37997996248305" lon="126.59132997505367">
        <ele>1019.3</ele>
        <time>2025-10-15T04:19:42.969Z</time>
      </trkpt>
      <trkpt lat="33.379950039088726" lon="126.5915599744767">
        <ele>1017.5</ele>
        <time>2025-10-15T04:21:58.969Z</time>
      </trkpt>
      <trkpt lat="33.379909973591566" lon="126.59178997389972">
        <ele>1015.7</ele>
        <time>2025-10-15T04:24:14.969Z</time>
      </trkpt>
      <trkpt lat="33.379969988018274" lon="126.59200999885798">
        <ele>1013.9</ele>
        <time>2025-10-15T04:26:31.969Z</time>
      </trkpt>
      <trkpt lat="33.38009001687169" lon="126.59218995831907">
        <ele>1012.1</ele>
        <time>2025-10-15T04:28:47.969Z</time>
      </trkpt>
      <trkpt lat="33.38016000576317" lon="126.59240000881255">
        <ele>1010.8</ele>
        <time>2025-10-15T04:30:29.969Z</time>
      </trkpt>
      <trkpt lat="33.3801999874413" lon="126.59263998270035">
        <ele>1008.9</ele>
        <time>2025-10-15T04:32:46.969Z</time>
      </trkpt>
      <trkpt lat="33.3801999874413" lon="126.59286998212337">
        <ele>1006.9</ele>
        <time>2025-10-15T04:35:02.969Z</time>
      </trkpt>
      <trkpt lat="33.38023996911943" lon="126.5930999815464">
        <ele>1004.8</ele>
        <time>2025-10-15T04:37:19.969Z</time>
      </trkpt>
      <trkpt lat="33.380310041829944" lon="126.59332998096943">
        <ele>1002.9</ele>
        <time>2025-10-15T04:39:18.969Z</time>
      </trkpt>
      <trkpt lat="33.38032001629472" lon="126.59355000592768">
        <ele>1001</ele>
        <time>2025-10-15T04:41:18.969Z</time>
      </trkpt>
      <trkpt lat="33.38032999075949" lon="126.59378000535071">
        <ele>998.9</ele>
        <time>2025-10-15T04:43:18.969Z</time>
      </trkpt>
      <trkpt lat="33.380420012399554" lon="126.59397999756038">
        <ele>996.8</ele>
        <time>2025-10-15T04:45:17.969Z</time>
      </trkpt>
      <trkpt lat="33.38055999018252" lon="126.59411997534335">
        <ele>994.6</ele>
        <time>2025-10-15T04:47:17.969Z</time>
      </trkpt>
      <trkpt lat="33.38071002624929" lon="126.59427998587489">
        <ele>992.4</ele>
        <time>2025-10-15T04:49:17.969Z</time>
      </trkpt>
      <trkpt lat="33.38079996407032" lon="126.59447000361979">
        <ele>990.7</ele>
        <time>2025-10-15T04:50:42.969Z</time>
      </trkpt>
      <trkpt lat="33.38079996407032" lon="126.59469002857804">
        <ele>988.3</ele>
        <time>2025-10-15T04:52:42.969Z</time>
      </trkpt>
      <trkpt lat="33.38079996407032" lon="126.59493997693062">
        <ele>985.2</ele>
        <time>2025-10-15T04:55:17.969Z</time>
      </trkpt>
      <trkpt lat="33.38075998239219" lon="126.59516997635365">
        <ele>981.9</ele>
        <time>2025-10-15T04:57:51.969Z</time>
      </trkpt>
      <trkpt lat="33.380789989605546" lon="126.59539997577667">
        <ele>979.2</ele>
        <time>2025-10-15T04:59:51.969Z</time>
      </trkpt>
      <trkpt lat="33.38084002956748" lon="126.59561002627015">
        <ele>976.9</ele>
        <time>2025-10-15T05:01:34.969Z</time>
      </trkpt>
      <trkpt lat="33.38088998571038" lon="126.59584002569318">
        <ele>973.6</ele>
        <time>2025-10-15T05:03:51.969Z</time>
      </trkpt>
      <trkpt lat="33.38088998571038" lon="126.5960599668324">
        <ele>971</ele>
        <time>2025-10-15T05:05:34.969Z</time>
      </trkpt>
      <trkpt lat="33.38097003288567" lon="126.59625995904207">
        <ele>968</ele>
        <time>2025-10-15T05:07:34.969Z</time>
      </trkpt>
      <trkpt lat="33.38108000345528" lon="126.59647000953555">
        <ele>964.8</ele>
        <time>2025-10-15T05:09:34.969Z</time>
      </trkpt>
      <trkpt lat="33.38115996681154" lon="126.59670000895858">
        <ele>961.6</ele>
        <time>2025-10-15T05:11:35.969Z</time>
      </trkpt>
      <trkpt lat="33.38118997402489" lon="126.5969300083816">
        <ele>957.9</ele>
        <time>2025-10-15T05:13:52.969Z</time>
      </trkpt>
      <trkpt lat="33.38131997734308" lon="126.5971200261265">
        <ele>954.6</ele>
        <time>2025-10-15T05:15:53.969Z</time>
      </trkpt>
      <trkpt lat="33.3814400061965" lon="126.5972999855876">
        <ele>951.3</ele>
        <time>2025-10-15T05:17:53.969Z</time>
      </trkpt>
      <trkpt lat="33.381579983979464" lon="126.59748002886772">
        <ele>947.6</ele>
        <time>2025-10-15T05:20:11.969Z</time>
      </trkpt>
      <trkpt lat="33.38171996176243" lon="126.59762998111546">
        <ele>943.8</ele>
        <time>2025-10-15T05:22:29.969Z</time>
      </trkpt>
      <trkpt lat="33.38184996508062" lon="126.59779996611178">
        <ele>940.6</ele>
        <time>2025-10-15T05:24:29.969Z</time>
      </trkpt>
      <trkpt lat="33.38197996839881" lon="126.59798998385668">
        <ele>937.5</ele>
        <time>2025-10-15T05:26:30.969Z</time>
      </trkpt>
      <trkpt lat="33.382120030000806" lon="126.598159968853">
        <ele>934.8</ele>
        <time>2025-10-15T05:28:13.969Z</time>
      </trkpt>
      <trkpt lat="33.38223997503519" lon="126.59833003766835">
        <ele>932.1</ele>
        <time>2025-10-15T05:29:57.969Z</time>
      </trkpt>
      <trkpt lat="33.38233997114003" lon="126.59850999712944">
        <ele>928.7</ele>
        <time>2025-10-15T05:32:15.969Z</time>
      </trkpt>
      <trkpt lat="33.38245002552867" lon="126.59871996380389">
        <ele>926.1</ele>
        <time>2025-10-15T05:33:58.969Z</time>
      </trkpt>
      <trkpt lat="33.38252001442015" lon="126.59894996322691">
        <ele>922.8</ele>
        <time>2025-10-15T05:36:16.969Z</time>
      </trkpt>
      <trkpt lat="33.382550021633506" lon="126.59916998818517">
        <ele>919.9</ele>
        <time>2025-10-15T05:38:17.969Z</time>
      </trkpt>
      <trkpt lat="33.382639959454536" lon="126.5993999876082">
        <ele>917.1</ele>
        <time>2025-10-15T05:40:18.969Z</time>
      </trkpt>
      <trkpt lat="33.3827299810946" lon="126.59961003810167">
        <ele>913.6</ele>
        <time>2025-10-15T05:42:54.969Z</time>
      </trkpt>
      <trkpt lat="33.38278999552131" lon="126.59982000477612">
        <ele>910.8</ele>
        <time>2025-10-15T05:44:55.969Z</time>
      </trkpt>
      <trkpt lat="33.382850009948015" lon="126.60005997866392">
        <ele>908</ele>
        <time>2025-10-15T05:46:56.969Z</time>
      </trkpt>
      <trkpt lat="33.382850009948015" lon="126.60031001083553">
        <ele>905</ele>
        <time>2025-10-15T05:48:57.969Z</time>
      </trkpt>
      <trkpt lat="33.38285998441279" lon="126.60054001025856">
        <ele>901.9</ele>
        <time>2025-10-15T05:50:58.969Z</time>
      </trkpt>
      <trkpt lat="33.38282000273466" lon="126.60077998414636">
        <ele>897.7</ele>
        <time>2025-10-15T05:53:34.969Z</time>
      </trkpt>
      <trkpt lat="33.38276996277273" lon="126.60100998356938">
        <ele>894.8</ele>
        <time>2025-10-15T05:55:18.969Z</time>
      </trkpt>
      <trkpt lat="33.3827299810946" lon="126.60123998299241">
        <ele>891.4</ele>
        <time>2025-10-15T05:57:20.969Z</time>
      </trkpt>
      <trkpt lat="33.38278002105653" lon="126.60149998962879">
        <ele>888</ele>
        <time>2025-10-15T05:59:21.969Z</time>
      </trkpt>
      <trkpt lat="33.38278002105653" lon="126.60172998905182">
        <ele>884.5</ele>
        <time>2025-10-15T06:01:22.969Z</time>
      </trkpt>
      <trkpt lat="33.3827299810946" lon="126.60196996293962">
        <ele>881.5</ele>
        <time>2025-10-15T06:03:07.969Z</time>
      </trkpt>
      <trkpt lat="33.382720006629825" lon="126.60218998789787">
        <ele>878</ele>
        <time>2025-10-15T06:05:08.969Z</time>
      </trkpt>
      <trkpt lat="33.38265001773834" lon="126.60240003839135">
        <ele>874.6</ele>
        <time>2025-10-15T06:07:10.969Z</time>
      </trkpt>
      <trkpt lat="33.3825399633497" lon="126.6026100050658">
        <ele>871.2</ele>
        <time>2025-10-15T06:09:11.969Z</time>
      </trkpt>
      <trkpt lat="33.382550021633506" lon="126.60283003002405">
        <ele>867.6</ele>
        <time>2025-10-15T06:11:30.969Z</time>
      </trkpt>
      <trkpt lat="33.38262001052499" lon="126.60306002944708">
        <ele>864.5</ele>
        <time>2025-10-15T06:13:32.969Z</time>
      </trkpt>
      <trkpt lat="33.38265001773834" lon="126.6032799705863">
        <ele>861.9</ele>
        <time>2025-10-15T06:15:16.969Z</time>
      </trkpt>
      <trkpt lat="33.382569970563054" lon="126.60349002107978">
        <ele>859.2</ele>
        <time>2025-10-15T06:17:18.969Z</time>
      </trkpt>
      <trkpt lat="33.38255999609828" lon="126.603709962219">
        <ele>856.9</ele>
        <time>2025-10-15T06:19:03.969Z</time>
      </trkpt>
      <trkpt lat="33.38259997777641" lon="126.60395001992583">
        <ele>854.5</ele>
        <time>2025-10-15T06:21:05.969Z</time>
      </trkpt>
      <trkpt lat="33.38262001052499" lon="126.60416996106505">
        <ele>852.1</ele>
        <time>2025-10-15T06:23:07.969Z</time>
      </trkpt>
      <trkpt lat="33.38266996666789" lon="126.6043899860233">
        <ele>850</ele>
        <time>2025-10-15T06:25:09.969Z</time>
      </trkpt>
      <trkpt lat="33.382680024951696" lon="126.60461998544633">
        <ele>848</ele>
        <time>2025-10-15T06:27:11.969Z</time>
      </trkpt>
      <trkpt lat="33.382659992203116" lon="126.60485995933414">
        <ele>846.4</ele>
        <time>2025-10-15T06:28:55.969Z</time>
      </trkpt>
      <trkpt lat="33.3827299810946" lon="126.60507000982761">
        <ele>844.9</ele>
        <time>2025-10-15T06:30:40.969Z</time>
      </trkpt>
      <trkpt lat="33.38282000273466" lon="126.60530000925064">
        <ele>843.6</ele>
        <time>2025-10-15T06:32:25.969Z</time>
      </trkpt>
      <trkpt lat="33.38286995887756" lon="126.6055200342089">
        <ele>842.2</ele>
        <time>2025-10-15T06:34:27.969Z</time>
      </trkpt>
      <trkpt lat="33.38285998441279" lon="126.60575003363192">
        <ele>841.1</ele>
        <time>2025-10-15T06:36:12.969Z</time>
      </trkpt>
      <trkpt lat="33.38278002105653" lon="126.60596000030637">
        <ele>840</ele>
        <time>2025-10-15T06:38:14.969Z</time>
      </trkpt>
      <trkpt lat="33.382720006629825" lon="126.60618002526462">
        <ele>839</ele>
        <time>2025-10-15T06:40:16.969Z</time>
      </trkpt>
      <trkpt lat="33.38265001773834" lon="126.60641002468765">
        <ele>838.1</ele>
        <time>2025-10-15T06:42:19.969Z</time>
      </trkpt>
      <trkpt lat="33.3825399633497" lon="126.60659995861351">
        <ele>837.2</ele>
        <time>2025-10-15T06:44:21.969Z</time>
      </trkpt>
      <trkpt lat="33.38242999278009" lon="126.60681998357177">
        <ele>836.5</ele>
        <time>2025-10-15T06:46:06.969Z</time>
      </trkpt>
      <trkpt lat="33.38236000388861" lon="126.60703003406525">
        <ele>835.8</ele>
        <time>2025-10-15T06:47:51.969Z</time>
      </trkpt>
      <trkpt lat="33.38235002942383" lon="126.60726003348827">
        <ele>835</ele>
        <time>2025-10-15T06:49:36.969Z</time>
      </trkpt>
      <trkpt lat="33.38233997114003" lon="126.60750000737607">
        <ele>834.3</ele>
        <time>2025-10-15T06:51:21.969Z</time>
      </trkpt>
      <trkpt lat="33.38236997835338" lon="126.60773998126388">
        <ele>833.6</ele>
        <time>2025-10-15T06:53:07.969Z</time>
      </trkpt>
      <trkpt lat="33.38246997445822" lon="126.6079699806869">
        <ele>832.8</ele>
        <time>2025-10-15T06:55:09.969Z</time>
      </trkpt>
      <trkpt lat="33.38255999609828" lon="126.60818003118038">
        <ele>832.1</ele>
        <time>2025-10-15T06:56:55.969Z</time>
      </trkpt>
      <trkpt lat="33.382610036060214" lon="126.60841003060341">
        <ele>831.5</ele>
        <time>2025-10-15T06:58:40.969Z</time>
      </trkpt>
      <trkpt lat="33.38259997777641" lon="126.60865000449121">
        <ele>830.8</ele>
        <time>2025-10-15T07:00:43.969Z</time>
      </trkpt>
      <trkpt lat="33.38258002884686" lon="126.60888000391424">
        <ele>830.1</ele>
        <time>2025-10-15T07:02:28.969Z</time>
      </trkpt>
      <trkpt lat="33.38258002884686" lon="126.60910002887249">
        <ele>829.6</ele>
        <time>2025-10-15T07:03:56.969Z</time>
      </trkpt>
      <trkpt lat="33.38258002884686" lon="126.60933002829552">
        <ele>829</ele>
        <time>2025-10-15T07:05:41.969Z</time>
      </trkpt>
      <trkpt lat="33.3825399633497" lon="126.60954996943474">
        <ele>828.5</ele>
        <time>2025-10-15T07:07:09.969Z</time>
      </trkpt>
      <trkpt lat="33.38246997445822" lon="126.60976001992822">
        <ele>827.8</ele>
        <time>2025-10-15T07:08:55.969Z</time>
      </trkpt>
      <trkpt lat="33.38240996003151" lon="126.60996998660266">
        <ele>827</ele>
        <time>2025-10-15T07:10:40.969Z</time>
      </trkpt>
      <trkpt lat="33.38238003663719" lon="126.61020996049047">
        <ele>826.1</ele>
        <time>2025-10-15T07:12:26.969Z</time>
      </trkpt>
      <trkpt lat="33.38251003995538" lon="126.61039997823536">
        <ele>824.9</ele>
        <time>2025-10-15T07:14:47.969Z</time>
      </trkpt>
      <trkpt lat="33.38262001052499" lon="126.61059997044504">
        <ele>824</ele>
        <time>2025-10-15T07:16:33.969Z</time>
      </trkpt>
      <trkpt lat="33.382740039378405" lon="126.61078998818994">
        <ele>822.9</ele>
        <time>2025-10-15T07:18:18.969Z</time>
      </trkpt>
      <trkpt lat="33.382829977199435" lon="126.61098000593483">
        <ele>822.2</ele>
        <time>2025-10-15T07:19:29.969Z</time>
      </trkpt>
      <trkpt lat="33.38288999162614" lon="126.61118997260928">
        <ele>821.1</ele>
        <time>2025-10-15T07:21:15.969Z</time>
      </trkpt>
      <trkpt lat="33.38297003880143" lon="126.61140002310276">
        <ele>819.9</ele>
        <time>2025-10-15T07:23:01.969Z</time>
      </trkpt>
      <trkpt lat="33.38302996940911" lon="126.61163002252579">
        <ele>818.6</ele>
        <time>2025-10-15T07:24:46.969Z</time>
      </trkpt>
      <trkpt lat="33.38311999104917" lon="126.61184996366501">
        <ele>817.1</ele>
        <time>2025-10-15T07:26:50.969Z</time>
      </trkpt>
      <trkpt lat="33.38321001268923" lon="126.61206998862326">
        <ele>815.8</ele>
        <time>2025-10-15T07:28:36.969Z</time>
      </trkpt>
      <trkpt lat="33.383300034329295" lon="126.61226998083293">
        <ele>814.5</ele>
        <time>2025-10-15T07:30:22.969Z</time>
      </trkpt>
      <trkpt lat="33.383389972150326" lon="126.61246997304261">
        <ele>813.2</ele>
        <time>2025-10-15T07:32:08.969Z</time>
      </trkpt>
      <trkpt lat="33.38350002653897" lon="126.61268002353609">
        <ele>812</ele>
        <time>2025-10-15T07:33:54.969Z</time>
      </trkpt>
      <trkpt lat="33.38358996436" lon="126.61289996467531">
        <ele>810.7</ele>
        <time>2025-10-15T07:35:40.969Z</time>
      </trkpt>
      <trkpt lat="33.38364997878671" lon="126.61312996409833">
        <ele>809.5</ele>
        <time>2025-10-15T07:37:26.969Z</time>
      </trkpt>
      <trkpt lat="33.38371996767819" lon="126.61335996352136">
        <ele>808.3</ele>
        <time>2025-10-15T07:39:13.969Z</time>
      </trkpt>
      <trkpt lat="33.38380001485348" lon="126.61357001401484">
        <ele>807</ele>
        <time>2025-10-15T07:41:16.969Z</time>
      </trkpt>
      <trkpt lat="33.38387000374496" lon="126.61380998790264">
        <ele>805.7</ele>
        <time>2025-10-15T07:43:20.969Z</time>
      </trkpt>
      <trkpt lat="33.38393999263644" lon="126.61403998732567">
        <ele>804.6</ele>
        <time>2025-10-15T07:45:07.969Z</time>
      </trkpt>
      <trkpt lat="33.38402003981173" lon="126.61427996121347">
        <ele>803.3</ele>
        <time>2025-10-15T07:47:11.969Z</time>
      </trkpt>
      <trkpt lat="33.384030014276505" lon="126.6145099606365">
        <ele>802.2</ele>
        <time>2025-10-15T07:48:57.969Z</time>
      </trkpt>
      <trkpt lat="33.38402003981173" lon="126.6147599928081">
        <ele>800.9</ele>
        <time>2025-10-15T07:51:02.969Z</time>
      </trkpt>
      <trkpt lat="33.38406999595463" lon="126.6149999666959">
        <ele>799.2</ele>
        <time>2025-10-15T07:53:23.969Z</time>
      </trkpt>
      <trkpt lat="33.38417996652424" lon="126.61519995890558">
        <ele>797.6</ele>
        <time>2025-10-15T07:55:28.969Z</time>
      </trkpt>
      <trkpt lat="33.384269988164306" lon="126.61541000939906">
        <ele>795.9</ele>
        <time>2025-10-15T07:57:32.969Z</time>
      </trkpt>
      <trkpt lat="33.38429999537766" lon="126.61563003435731">
        <ele>794.1</ele>
        <time>2025-10-15T07:59:37.969Z</time>
      </trkpt>
      <trkpt lat="33.384269988164306" lon="126.61590998992324">
        <ele>791.7</ele>
        <time>2025-10-15T08:01:59.969Z</time>
      </trkpt>
      <trkpt lat="33.38419999927282" lon="126.61610998213291">
        <ele>789.5</ele>
        <time>2025-10-15T08:04:03.969Z</time>
      </trkpt>
      <trkpt lat="33.38419002480805" lon="126.61633998155594">
        <ele>787.1</ele>
        <time>2025-10-15T08:06:08.969Z</time>
      </trkpt>
      <trkpt lat="33.38417996652424" lon="126.61656000651419">
        <ele>784.2</ele>
        <time>2025-10-15T08:08:30.969Z</time>
      </trkpt>
      <trkpt lat="33.38417996652424" lon="126.61679000593722">
        <ele>781.9</ele>
        <time>2025-10-15T08:10:17.969Z</time>
      </trkpt>
      <trkpt lat="33.38417996652424" lon="126.61704003810883">
        <ele>779.1</ele>
        <time>2025-10-15T08:12:22.969Z</time>
      </trkpt>
      <trkpt lat="33.384160017594695" lon="126.61727003753185">
        <ele>776</ele>
        <time>2025-10-15T08:14:44.969Z</time>
      </trkpt>
      <trkpt lat="33.38410000316799" lon="126.61751001141965">
        <ele>773.7</ele>
        <time>2025-10-15T08:16:31.969Z</time>
      </trkpt>
      <trkpt lat="33.384160017594695" lon="126.61774998530746">
        <ele>771</ele>
        <time>2025-10-15T08:18:36.969Z</time>
      </trkpt>
      <trkpt lat="33.38427996262908" lon="126.61794000305235">
        <ele>768.4</ele>
        <time>2025-10-15T08:20:41.969Z</time>
      </trkpt>
      <trkpt lat="33.384399991482496" lon="126.61810998804867">
        <ele>766.3</ele>
        <time>2025-10-15T08:22:28.969Z</time>
      </trkpt>
      <trkpt lat="33.38453996926546" lon="126.61826002411544">
        <ele>763.6</ele>
        <time>2025-10-15T08:24:51.969Z</time>
      </trkpt>
      <trkpt lat="33.38466997258365" lon="126.61842003464699">
        <ele>761.3</ele>
        <time>2025-10-15T08:26:56.969Z</time>
      </trkpt>
      <trkpt lat="33.384739961475134" lon="126.61865003407001">
        <ele>759.2</ele>
        <time>2025-10-15T08:29:01.969Z</time>
      </trkpt>
      <trkpt lat="33.384829983115196" lon="126.61885002627969">
        <ele>757</ele>
        <time>2025-10-15T08:31:24.969Z</time>
      </trkpt>
      <trkpt lat="33.384869964793324" lon="126.61908002570271">
        <ele>755.1</ele>
        <time>2025-10-15T08:33:47.969Z</time>
      </trkpt>
      <trkpt lat="33.38485999032855" lon="126.61932997405529">
        <ele>753.5</ele>
        <time>2025-10-15T08:36:10.969Z</time>
      </trkpt>
      <trkpt lat="33.38488002307713" lon="126.61957003176212">
        <ele>752</ele>
        <time>2025-10-15T08:38:51.969Z</time>
      </trkpt>
      <trkpt lat="33.38496996089816" lon="126.6197700239718">
        <ele>751.1</ele>
        <time>2025-10-15T08:41:14.969Z</time>
      </trkpt>
      <trkpt lat="33.385020000860095" lon="126.61997999064624">
        <ele>750.5</ele>
        <time>2025-10-15T08:43:37.969Z</time>
      </trkpt>
      <trkpt lat="33.385040033608675" lon="126.62020999006927">
        <ele>750.1</ele>
        <time>2025-10-15T08:47:10.273Z</time>
      </trkpt>
      <trkpt lat="33.385019" lon="126.620216">
        <ele>752.11</ele>
        <time>2025-10-15T08:47:34.048Z</time>
      </trkpt>
      <trkpt lat="33.385051" lon="126.620368">
        <ele>751.94</ele>
        <time>2025-10-15T08:49:57.963Z</time>
      </trkpt>
      <trkpt lat="33.385211" lon="126.62034">
        <ele>752.03</ele>
        <time>2025-10-15T08:52:55.753Z</time>
      </trkpt>
      <trkpt lat="33.385306" lon="126.620295">
        <ele>752.09</ele>
        <time>2025-10-15T08:54:48.080Z</time>
      </trkpt>
      <trkpt lat="33.385381" lon="126.620227">
        <ele>752.14</ele>
        <time>2025-10-15T08:56:31.509Z</time>
      </trkpt>
      <trkpt lat="33.385438" lon="126.620105">
        <ele>752.2</ele>
        <time>2025-10-15T08:58:39.856Z</time>
      </trkpt>
      <trkpt lat="33.385640010237694" lon="126.62023999728262">
        <ele>742.2</ele>
        <time>2025-10-15T09:02:54.207Z</time>
      </trkpt>
      <trkpt lat="33.385749980807304" lon="126.6204399894923">
        <ele>740.5</ele>
        <time>2025-10-15T09:21:38.969Z</time>
      </trkpt>
      <trkpt lat="33.38586003519595" lon="126.6206300072372">
        <ele>738.8</ele>
        <time>2025-10-15T09:23:44.969Z</time>
      </trkpt>
      <trkpt lat="33.38594997301698" lon="126.62085003219545">
        <ele>737.4</ele>
        <time>2025-10-15T09:25:32.969Z</time>
      </trkpt>
      <trkpt lat="33.38607997633517" lon="126.62102001719177">
        <ele>735.8</ele>
        <time>2025-10-15T09:27:57.969Z</time>
      </trkpt>
      <trkpt lat="33.38616999797523" lon="126.62122000940144">
        <ele>734.7</ele>
        <time>2025-10-15T09:29:45.969Z</time>
      </trkpt>
      <trkpt lat="33.38624996133149" lon="126.6214400343597">
        <ele>733.8</ele>
        <time>2025-10-15T09:31:51.969Z</time>
      </trkpt>
      <trkpt lat="33.386350041255355" lon="126.62161999382079">
        <ele>733.1</ele>
        <time>2025-10-15T09:33:39.969Z</time>
      </trkpt>
      <trkpt lat="33.38646998628974" lon="126.62181998603046">
        <ele>732.6</ele>
        <time>2025-10-15T09:36:04.969Z</time>
      </trkpt>
      <trkpt lat="33.386569982394576" lon="126.62200002931058">
        <ele>732.4</ele>
        <time>2025-10-15T09:38:10.969Z</time>
      </trkpt>
      <trkpt lat="33.38669001124799" lon="126.62217998877168">
        <ele>732.5</ele>
        <time>2025-10-15T09:40:35.969Z</time>
      </trkpt>
      <trkpt lat="33.38682001456618" lon="126.6223600320518">
        <ele>733</ele>
        <time>2025-10-15T09:42:59.969Z</time>
      </trkpt>
      <trkpt lat="33.38689997792244" lon="126.62256002426147">
        <ele>733.4</ele>
        <time>2025-10-15T09:44:48.969Z</time>
      </trkpt>
      <trkpt lat="33.38696996681392" lon="126.62279999814928">
        <ele>734.2</ele>
        <time>2025-10-15T09:47:13.969Z</time>
      </trkpt>
      <trkpt lat="33.387059988453984" lon="126.62300996482372">
        <ele>735</ele>
        <time>2025-10-15T09:49:19.969Z</time>
      </trkpt>
      <trkpt lat="33.38711002841592" lon="126.62322998978198">
        <ele>735.8</ele>
        <time>2025-10-15T09:51:26.969Z</time>
      </trkpt>
      <trkpt lat="33.387189991772175" lon="126.62345001474023">
        <ele>736.4</ele>
        <time>2025-10-15T09:53:33.969Z</time>
      </trkpt>
      <trkpt lat="33.38727003894746" lon="126.6236500069499">
        <ele>736.9</ele>
        <time>2025-10-15T09:55:21.969Z</time>
      </trkpt>
      <trkpt lat="33.38735000230372" lon="126.62385997362435">
        <ele>737.2</ele>
        <time>2025-10-15T09:57:10.969Z</time>
      </trkpt>
      <trkpt lat="33.38741001673043" lon="126.62408997304738">
        <ele>737.5</ele>
        <time>2025-10-15T09:59:35.969Z</time>
      </trkpt>
      <trkpt lat="33.38738998398185" lon="126.62433003075421">
        <ele>737.6</ele>
        <time>2025-10-15T10:01:24.969Z</time>
      </trkpt>
      <trkpt lat="33.387380009517074" lon="126.62456003017724">
        <ele>737.5</ele>
        <time>2025-10-15T10:03:49.969Z</time>
      </trkpt>
      <trkpt lat="33.3874199911952" lon="126.62480000406504">
        <ele>737.1</ele>
        <time>2025-10-15T10:06:14.969Z</time>
      </trkpt>
      <trkpt lat="33.38745997287333" lon="126.62502002902329">
        <ele>736.5</ele>
        <time>2025-10-15T10:08:40.969Z</time>
      </trkpt>
      <trkpt lat="33.38751998730004" lon="126.62523997016251">
        <ele>735.9</ele>
        <time>2025-10-15T10:10:47.969Z</time>
      </trkpt>
      <trkpt lat="33.38754002004862" lon="126.62546996958554">
        <ele>735</ele>
        <time>2025-10-15T10:13:12.969Z</time>
      </trkpt>
      <trkpt lat="33.38760003447533" lon="126.62568002007902">
        <ele>734</ele>
        <time>2025-10-15T10:15:19.969Z</time>
      </trkpt>
      <trkpt lat="33.387640016153455" lon="126.62591001950204">
        <ele>733</ele>
        <time>2025-10-15T10:17:27.969Z</time>
      </trkpt>
      <trkpt lat="33.38770003058016" lon="126.62611998617649">
        <ele>731.6</ele>
        <time>2025-10-15T10:19:52.969Z</time>
      </trkpt>
      <trkpt lat="33.38775996118784" lon="126.62634998559952">
        <ele>730.2</ele>
        <time>2025-10-15T10:21:59.969Z</time>
      </trkpt>
      <trkpt lat="33.38788996450603" lon="126.62651997059584">
        <ele>728.8</ele>
        <time>2025-10-15T10:24:07.969Z</time>
      </trkpt>
      <trkpt lat="33.388070007786155" lon="126.62657998502254">
        <ele>727.3</ele>
        <time>2025-10-15T10:26:14.969Z</time>
      </trkpt>
      <trkpt lat="33.388219960033894" lon="126.62670998834074">
        <ele>725.5</ele>
        <time>2025-10-15T10:28:40.969Z</time>
      </trkpt>
      <trkpt lat="33.38836002163589" lon="126.6268499661237">
        <ele>724</ele>
        <time>2025-10-15T10:30:48.969Z</time>
      </trkpt>
      <trkpt lat="33.38850997388363" lon="126.62696999497712">
        <ele>722.2</ele>
        <time>2025-10-15T10:33:13.969Z</time>
      </trkpt>
      <trkpt lat="33.388609969988465" lon="126.62715003825724">
        <ele>720.7</ele>
        <time>2025-10-15T10:35:21.969Z</time>
      </trkpt>
      <trkpt lat="33.38856998831034" lon="126.62739001214504">
        <ele>718.9</ele>
        <time>2025-10-15T10:37:47.969Z</time>
      </trkpt>
      <trkpt lat="33.38849002495408" lon="126.62762001156807">
        <ele>717.3</ele>
        <time>2025-10-15T10:40:13.969Z</time>
      </trkpt>
      <trkpt lat="33.38863997720182" lon="126.62778999656439">
        <ele>715.6</ele>
        <time>2025-10-15T10:42:57.969Z</time>
      </trkpt>
      <trkpt lat="33.38880996219814" lon="126.62791999988258">
        <ele>714.2</ele>
        <time>2025-10-15T10:45:23.969Z</time>
      </trkpt>
      <trkpt lat="33.38893996551633" lon="126.62808001041412">
        <ele>712.9</ele>
        <time>2025-10-15T10:47:50.969Z</time>
      </trkpt>
      <trkpt lat="33.389039961621165" lon="126.62828997708857">
        <ele>711.8</ele>
        <time>2025-10-15T10:49:57.969Z</time>
      </trkpt>
      <trkpt lat="33.389080027118325" lon="126.6285199765116">
        <ele>710.6</ele>
        <time>2025-10-15T10:52:24.969Z</time>
      </trkpt>
      <trkpt lat="33.38905001990497" lon="126.62874997593462">
        <ele>709.4</ele>
        <time>2025-10-15T10:54:50.969Z</time>
      </trkpt>
      <trkpt lat="33.38905001990497" lon="126.62899003364146">
        <ele>708.2</ele>
        <time>2025-10-15T10:57:35.969Z</time>
      </trkpt>
      <trkpt lat="33.38905001990497" lon="126.62922003306448">
        <ele>707.2</ele>
        <time>2025-10-15T11:00:01.969Z</time>
      </trkpt>
      <trkpt lat="33.38915001600981" lon="126.62939999252558">
        <ele>706.5</ele>
        <time>2025-10-15T11:01:51.969Z</time>
      </trkpt>
      <trkpt lat="33.389280019328" lon="126.62955002859235">
        <ele>705.6</ele>
        <time>2025-10-15T11:03:59.969Z</time>
      </trkpt>
      <trkpt lat="33.38945000432432" lon="126.62968003191054">
        <ele>704.5</ele>
        <time>2025-10-15T11:06:26.969Z</time>
      </trkpt>
      <trkpt lat="33.38955997489393" lon="126.62985999137163">
        <ele>703.4</ele>
        <time>2025-10-15T11:08:34.969Z</time>
      </trkpt>
      <trkpt lat="33.38961001485586" lon="126.63007004186511">
        <ele>702.2</ele>
        <time>2025-10-15T11:10:42.969Z</time>
      </trkpt>
      <trkpt lat="33.38955000042915" lon="126.63030004128814">
        <ele>700.7</ele>
        <time>2025-10-15T11:13:09.969Z</time>
      </trkpt>
      <trkpt lat="33.389489986002445" lon="126.63051000796258">
        <ele>699.3</ele>
        <time>2025-10-15T11:15:18.969Z</time>
      </trkpt>
      <trkpt lat="33.38935000821948" lon="126.63064998574555">
        <ele>698</ele>
        <time>2025-10-15T11:17:08.969Z</time>
      </trkpt>
      <trkpt lat="33.389229979366064" lon="126.63081997074187">
        <ele>696.4</ele>
        <time>2025-10-15T11:19:16.969Z</time>
      </trkpt>
      <trkpt lat="33.38919997215271" lon="126.6310499701649">
        <ele>694.6</ele>
        <time>2025-10-15T11:21:43.969Z</time>
      </trkpt>
      <trkpt lat="33.38912000879645" lon="126.63126999512315">
        <ele>692.4</ele>
        <time>2025-10-15T11:24:29.969Z</time>
      </trkpt>
      <trkpt lat="33.38906996883452" lon="126.6314900200814">
        <ele>691</ele>
        <time>2025-10-15T11:26:19.969Z</time>
      </trkpt>
      <trkpt lat="33.38911003433168" lon="126.63172001950443">
        <ele>689.1</ele>
        <time>2025-10-15T11:28:46.969Z</time>
      </trkpt>
      <trkpt lat="33.38905001990497" lon="126.63195001892745">
        <ele>687</ele>
        <time>2025-10-15T11:31:31.969Z</time>
      </trkpt>
      <trkpt lat="33.38902001269162" lon="126.63218999281526">
        <ele>685.2</ele>
        <time>2025-10-15T11:33:59.969Z</time>
      </trkpt>
      <trkpt lat="33.38899997994304" lon="126.63241001777351">
        <ele>683.7</ele>
        <time>2025-10-15T11:36:08.969Z</time>
      </trkpt>
      <trkpt lat="33.38902001269162" lon="126.63262995891273">
        <ele>682.2</ele>
        <time>2025-10-15T11:38:16.969Z</time>
      </trkpt>
      <trkpt lat="33.38912998326123" lon="126.63283003494143">
        <ele>680.8</ele>
        <time>2025-10-15T11:40:25.969Z</time>
      </trkpt>
      <trkpt lat="33.38911003433168" lon="126.63306003436446">
        <ele>679.3</ele>
        <time>2025-10-15T11:42:53.969Z</time>
      </trkpt>
      <trkpt lat="33.389080027118325" lon="126.63330000825226">
        <ele>677.9</ele>
        <time>2025-10-15T11:45:20.969Z</time>
      </trkpt>
      <trkpt lat="33.389039961621165" lon="126.63352003321052">
        <ele>676.6</ele>
        <time>2025-10-15T11:47:48.969Z</time>
      </trkpt>
      <trkpt lat="33.38893996551633" lon="126.63372999988496">
        <ele>675.5</ele>
        <time>2025-10-15T11:49:57.969Z</time>
      </trkpt>
      <trkpt lat="33.38888003490865" lon="126.63393996655941">
        <ele>674.5</ele>
        <time>2025-10-15T11:52:06.969Z</time>
      </trkpt>
      <trkpt lat="33.388739973306656" lon="126.63412000983953">
        <ele>673.5</ele>
        <time>2025-10-15T11:54:15.969Z</time>
      </trkpt>
      <trkpt lat="33.388630002737045" lon="126.63432000204921">
        <ele>672.6</ele>
        <time>2025-10-15T11:56:25.969Z</time>
      </trkpt>
      <trkpt lat="33.388609969988465" lon="126.63455997593701">
        <ele>671.5</ele>
        <time>2025-10-15T11:58:52.969Z</time>
      </trkpt>
      <trkpt lat="33.38856001384556" lon="126.63480003364384">
        <ele>670.5</ele>
        <time>2025-10-15T12:01:20.969Z</time>
      </trkpt>
      <trkpt lat="33.38849002495408" lon="126.63501997478306">
        <ele>669.6</ele>
        <time>2025-10-15T12:03:30.969Z</time>
      </trkpt>
      <trkpt lat="33.38849002495408" lon="126.63523999974132">
        <ele>668.8</ele>
        <time>2025-10-15T12:05:39.969Z</time>
      </trkpt>
      <trkpt lat="33.388630002737045" lon="126.63541995920241">
        <ele>668</ele>
        <time>2025-10-15T12:07:49.969Z</time>
      </trkpt>
      <trkpt lat="33.388739973306656" lon="126.63560000248253">
        <ele>667.2</ele>
        <time>2025-10-15T12:09:58.969Z</time>
      </trkpt>
      <trkpt lat="33.38886000216007" lon="126.6357999946922">
        <ele>666.2</ele>
        <time>2025-10-15T12:12:45.969Z</time>
      </trkpt>
      <trkpt lat="33.38902001269162" lon="126.6359299980104">
        <ele>665.3</ele>
        <time>2025-10-15T12:15:13.969Z</time>
      </trkpt>
      <trkpt lat="33.38915999047458" lon="126.6361200157553">
        <ele>664.2</ele>
        <time>2025-10-15T12:17:41.969Z</time>
      </trkpt>
      <trkpt lat="33.389250012114644" lon="126.63632000796497">
        <ele>663.2</ele>
        <time>2025-10-15T12:19:51.969Z</time>
      </trkpt>
      <trkpt lat="33.389359982684255" lon="126.63652997463942">
        <ele>661.9</ele>
        <time>2025-10-15T12:22:19.969Z</time>
      </trkpt>
      <trkpt lat="33.38944002985954" lon="126.63672996684909">
        <ele>660.4</ele>
        <time>2025-10-15T12:24:48.969Z</time>
      </trkpt>
      <trkpt lat="33.38948001153767" lon="126.63695996627212">
        <ele>658.9</ele>
        <time>2025-10-15T12:26:58.969Z</time>
      </trkpt>
      <trkpt lat="33.389510018751025" lon="126.63720002397895">
        <ele>657.1</ele>
        <time>2025-10-15T12:29:26.969Z</time>
      </trkpt>
      <trkpt lat="33.38955997489393" lon="126.63744997233152">
        <ele>655.2</ele>
        <time>2025-10-15T12:31:55.969Z</time>
      </trkpt>
      <trkpt lat="33.389619989320636" lon="126.63766999728978">
        <ele>653.5</ele>
        <time>2025-10-15T12:34:05.969Z</time>
      </trkpt>
      <trkpt lat="33.38971998542547" lon="126.63789002224803">
        <ele>651.5</ele>
        <time>2025-10-15T12:36:33.969Z</time>
      </trkpt>
      <trkpt lat="33.38984001427889" lon="126.63806998170912">
        <ele>649.4</ele>
        <time>2025-10-15T12:39:21.969Z</time>
      </trkpt>
      <trkpt lat="33.38997999206185" lon="126.63822999224067">
        <ele>647.8</ele>
        <time>2025-10-15T12:41:31.969Z</time>
      </trkpt>
      <trkpt lat="33.390109995380044" lon="126.63839997723699">
        <ele>646.3</ele>
        <time>2025-10-15T12:43:41.969Z</time>
      </trkpt>
      <trkpt lat="33.390260031446815" lon="126.63855001330376">
        <ele>644.9</ele>
        <time>2025-10-15T12:45:51.969Z</time>
      </trkpt>
      <trkpt lat="33.39036002755165" lon="126.63874003104866">
        <ele>643.8</ele>
        <time>2025-10-15T12:47:43.969Z</time>
      </trkpt>
      <trkpt lat="33.39043001644313" lon="126.63894002325833">
        <ele>642.8</ele>
        <time>2025-10-15T12:49:35.969Z</time>
      </trkpt>
      <trkpt lat="33.390500005334616" lon="126.639140015468">
        <ele>641.8</ele>
        <time>2025-10-15T12:51:11.477Z</time>
      </trkpt>
      <trkpt lat="33.39056" lon="126.639122">
        <ele>648.33</ele>
        <time>2025-10-15T12:51:44.104Z</time>
      </trkpt>
      <trkpt lat="33.390646" lon="126.639537">
        <ele>645.93</ele>
        <time>2025-10-15T12:54:52.431Z</time>
      </trkpt>
      <trkpt lat="33.390715" lon="126.639866">
        <ele>639.64</ele>
        <time>2025-10-15T12:57:21.836Z</time>
      </trkpt>
      <trkpt lat="33.390616" lon="126.639774">
        <ele>640.82</ele>
        <time>2025-10-15T12:58:27.935Z</time>
      </trkpt>
      <trkpt lat="33.390495" lon="126.639525">
        <ele>643.96</ele>
        <time>2025-10-15T13:00:34.826Z</time>
      </trkpt>
      <trkpt lat="33.39035" lon="126.639369">
        <ele>643.67</ele>
        <time>2025-10-15T13:02:17.643Z</time>
      </trkpt>
      <trkpt lat="33.390182" lon="126.639286">
        <ele>642.19</ele>
        <time>2025-10-15T13:03:53.508Z</time>
      </trkpt>
      <trkpt lat="33.390095" lon="126.639257">
        <ele>641.85</ele>
        <time>2025-10-15T13:04:47.862Z</time>
      </trkpt>
      <trkpt lat="33.390095" lon="126.639257">
        <ele>641.85</ele>
        <time>2025-10-15T13:04:47.862Z</time>
      </trkpt>
      <trkpt lat="33.389904" lon="126.639192">
        <ele>641.11</ele>
        <time>2025-10-15T13:06:47.373Z</time>
      </trkpt>
      <trkpt lat="33.389727" lon="126.639077">
        <ele>641.78</ele>
        <time>2025-10-15T13:08:48.573Z</time>
      </trkpt>
      <trkpt lat="33.389662" lon="126.639109">
        <ele>641.59</ele>
        <time>2025-10-15T13:09:30.871Z</time>
      </trkpt>
      <trkpt lat="33.389577" lon="126.639243">
        <ele>640.92</ele>
        <time>2025-10-15T13:10:55.441Z</time>
      </trkpt>
      <trkpt lat="33.389499" lon="126.639396">
        <ele>640.85</ele>
        <time>2025-10-15T13:12:25.530Z</time>
      </trkpt>
      <trkpt lat="33.389385" lon="126.639504">
        <ele>640.25</ele>
        <time>2025-10-15T13:13:53.016Z</time>
      </trkpt>
      <trkpt lat="33.389147" lon="126.63964">
        <ele>639.79</ele>
        <time>2025-10-15T13:16:31.734Z</time>
      </trkpt>
      <trkpt lat="33.388986" lon="126.639774">
        <ele>639.51</ele>
        <time>2025-10-15T13:18:29.739Z</time>
      </trkpt>
      <trkpt lat="33.38891" lon="126.63986">
        <ele>639.22</ele>
        <time>2025-10-15T13:19:32.670Z</time>
      </trkpt>
      <trkpt lat="33.388547" lon="126.640021">
        <ele>638.29</ele>
        <time>2025-10-15T13:23:25.655Z</time>
      </trkpt>
      <trkpt lat="33.388473" lon="126.640024">
        <ele>638.27</ele>
        <time>2025-10-15T13:24:10.220Z</time>
      </trkpt>
      <trkpt lat="33.388399" lon="126.639994">
        <ele>638.44</ele>
        <time>2025-10-15T13:24:57.242Z</time>
      </trkpt>
      <trkpt lat="33.388144" lon="126.639801">
        <ele>639.57</ele>
        <time>2025-10-15T13:27:58.802Z</time>
      </trkpt>
      <trkpt lat="33.387911" lon="126.639654">
        <ele>639.32</ele>
        <time>2025-10-15T13:30:37.310Z</time>
      </trkpt>
      <trkpt lat="33.387803" lon="126.639624">
        <ele>639.22</ele>
        <time>2025-10-15T13:31:44.039Z</time>
      </trkpt>
      <trkpt lat="33.387656" lon="126.639638">
        <ele>638.07</ele>
        <time>2025-10-15T13:33:12.795Z</time>
      </trkpt>
      <trkpt lat="33.387082" lon="126.639858">
        <ele>633.24</ele>
        <time>2025-10-15T13:39:15.538Z</time>
      </trkpt>
      <trkpt lat="33.386673" lon="126.640171">
        <ele>631</ele>
        <time>2025-10-15T13:44:07.675Z</time>
      </trkpt>
      <trkpt lat="33.386516" lon="126.64023">
        <ele>630.16</ele>
        <time>2025-10-15T13:45:46.714Z</time>
      </trkpt>
      <trkpt lat="33.386473" lon="126.640281">
        <ele>629.95</ele>
        <time>2025-10-15T13:46:23.138Z</time>
      </trkpt>
      <trkpt lat="33.386435" lon="126.640375">
        <ele>629.64</ele>
        <time>2025-10-15T13:47:15.624Z</time>
      </trkpt>
      <trkpt lat="33.386324" lon="126.64081">
        <ele>626.24</ele>
        <time>2025-10-15T13:51:04.220Z</time>
      </trkpt>
      <trkpt lat="33.386295" lon="126.64087">
        <ele>625.55</ele>
        <time>2025-10-15T13:51:39.061Z</time>
      </trkpt>
      <trkpt lat="33.386232" lon="126.640929">
        <ele>625.01</ele>
        <time>2025-10-15T13:52:27.196Z</time>
      </trkpt>
      <trkpt lat="33.386127" lon="126.640945">
        <ele>624.31</ele>
        <time>2025-10-15T13:53:30.903Z</time>
      </trkpt>
      <trkpt lat="33.38596" lon="126.640926">
        <ele>623.26</ele>
        <time>2025-10-15T13:55:11.870Z</time>
      </trkpt>
      <trkpt lat="33.385603" lon="126.640831">
        <ele>619.32</ele>
        <time>2025-10-15T13:58:51.984Z</time>
      </trkpt>
      <trkpt lat="33.385377" lon="126.640885">
        <ele>617.43</ele>
        <time>2025-10-15T14:01:10.691Z</time>
      </trkpt>
      <trkpt lat="33.385229" lon="126.640873">
        <ele>616.47</ele>
        <time>2025-10-15T14:02:39.974Z</time>
      </trkpt>
      <trkpt lat="33.385175" lon="126.640817">
        <ele>616.58</ele>
        <time>2025-10-15T14:03:22.967Z</time>
      </trkpt>
      <trkpt lat="33.385092" lon="126.640579">
        <ele>618.23</ele>
        <time>2025-10-15T14:05:32.592Z</time>
      </trkpt>
      <trkpt lat="33.385064" lon="126.640481">
        <ele>618.6</ele>
        <time>2025-10-15T14:06:24.647Z</time>
      </trkpt>
      <trkpt lat="33.385073" lon="126.640366">
        <ele>619.05</ele>
        <time>2025-10-15T14:07:22.696Z</time>
      </trkpt>
      <trkpt lat="33.385026" lon="126.640232">
        <ele>618.45</ele>
        <time>2025-10-15T14:08:35.740Z</time>
      </trkpt>
      <trkpt lat="33.384866" lon="126.640107">
        <ele>616.61</ele>
        <time>2025-10-15T14:10:30.721Z</time>
      </trkpt>
      <trkpt lat="33.384758" lon="126.639989">
        <ele>615.85</ele>
        <time>2025-10-15T14:11:58.712Z</time>
      </trkpt>
      <trkpt lat="33.38444" lon="126.639788">
        <ele>614.65</ele>
        <time>2025-10-15T14:15:35.134Z</time>
      </trkpt>
      <trkpt lat="33.384391" lon="126.639733">
        <ele>614.96</ele>
        <time>2025-10-15T14:16:15.555Z</time>
      </trkpt>
      <trkpt lat="33.384335" lon="126.6396">
        <ele>615</ele>
        <time>2025-10-15T14:17:30.414Z</time>
      </trkpt>
      <trkpt lat="33.384127" lon="126.639277">
        <ele>616.62</ele>
        <time>2025-10-15T14:20:55.413Z</time>
      </trkpt>
      <trkpt lat="33.384078" lon="126.639233">
        <ele>616.87</ele>
        <time>2025-10-15T14:21:32.275Z</time>
      </trkpt>
      <trkpt lat="33.383956" lon="126.639143">
        <ele>617.68</ele>
        <time>2025-10-15T14:22:58.518Z</time>
      </trkpt>
      <trkpt lat="33.383728" lon="126.639058">
        <ele>617.58</ele>
        <time>2025-10-15T14:25:22.243Z</time>
      </trkpt>
      <trkpt lat="33.383576" lon="126.639023">
        <ele>617.15</ele>
        <time>2025-10-15T14:26:55.405Z</time>
      </trkpt>
      <trkpt lat="33.383524" lon="126.638982">
        <ele>617.42</ele>
        <time>2025-10-15T14:27:32.877Z</time>
      </trkpt>
      <trkpt lat="33.383414" lon="126.638852">
        <ele>617.54</ele>
        <time>2025-10-15T14:29:05.894Z</time>
      </trkpt>
      <trkpt lat="33.383312" lon="126.63862">
        <ele>617.57</ele>
        <time>2025-10-15T14:31:17.667Z</time>
      </trkpt>
      <trkpt lat="33.383076" lon="126.638217">
        <ele>617.17</ele>
        <time>2025-10-15T14:35:25.052Z</time>
      </trkpt>
      <trkpt lat="33.383048" lon="126.638188">
        <ele>616.95</ele>
        <time>2025-10-15T14:35:47.333Z</time>
      </trkpt>
      <trkpt lat="33.382985" lon="126.638167">
        <ele>617.11</ele>
        <time>2025-10-15T14:36:26.693Z</time>
      </trkpt>
      <trkpt lat="33.382945" lon="126.638175">
        <ele>617.03</ele>
        <time>2025-10-15T14:36:51.101Z</time>
      </trkpt>
      <trkpt lat="33.382866" lon="126.638254">
        <ele>616.74</ele>
        <time>2025-10-15T14:37:53.047Z</time>
      </trkpt>
      <trkpt lat="33.382737" lon="126.638467">
        <ele>615.75</ele>
        <time>2025-10-15T14:40:05.290Z</time>
      </trkpt>
      <trkpt lat="33.382657" lon="126.638558">
        <ele>616.18</ele>
        <time>2025-10-15T14:41:11.699Z</time>
      </trkpt>
      <trkpt lat="33.38259" lon="126.638589">
        <ele>616.47</ele>
        <time>2025-10-15T14:41:54.930Z</time>
      </trkpt>
      <trkpt lat="33.382407" lon="126.638588">
        <ele>616.93</ele>
        <time>2025-10-15T14:43:45.076Z</time>
      </trkpt>
      <trkpt lat="33.382326" lon="126.63861">
        <ele>616.38</ele>
        <time>2025-10-15T14:44:35.067Z</time>
      </trkpt>
      <trkpt lat="33.382082" lon="126.638732">
        <ele>612.29</ele>
        <time>2025-10-15T14:47:14.213Z</time>
      </trkpt>
      <trkpt lat="33.381926" lon="126.638742">
        <ele>610</ele>
        <time>2025-10-15T14:48:48.241Z</time>
      </trkpt>
      <trkpt lat="33.381761" lon="126.638694">
        <ele>608.01</ele>
        <time>2025-10-15T14:50:30.440Z</time>
      </trkpt>
      <trkpt lat="33.381625" lon="126.638618">
        <ele>608.44</ele>
        <time>2025-10-15T14:52:00.770Z</time>
      </trkpt>
      <trkpt lat="33.381541" lon="126.638537">
        <ele>608.92</ele>
        <time>2025-10-15T14:53:05.681Z</time>
      </trkpt>
      <trkpt lat="33.381499" lon="126.638431">
        <ele>610.07</ele>
        <time>2025-10-15T14:54:04.649Z</time>
      </trkpt>
      <trkpt lat="33.381493" lon="126.638319">
        <ele>611.37</ele>
        <time>2025-10-15T14:55:01.055Z</time>
      </trkpt>
      <trkpt lat="33.381519" lon="126.638142">
        <ele>613.64</ele>
        <time>2025-10-15T14:56:31.379Z</time>
      </trkpt>
      <trkpt lat="33.38151" lon="126.638053">
        <ele>615.2</ele>
        <time>2025-10-15T14:57:16.436Z</time>
      </trkpt>
      <trkpt lat="33.38147" lon="126.637963">
        <ele>616.49</ele>
        <time>2025-10-15T14:58:07.677Z</time>
      </trkpt>
      <trkpt lat="33.379904" lon="126.637584">
        <ele>610.97</ele>
        <time>2025-10-15T15:14:09.289Z</time>
      </trkpt>
      <trkpt lat="33.379656" lon="126.63754">
        <ele>611.9</ele>
        <time>2025-10-15T15:16:40.186Z</time>
      </trkpt>
      <trkpt lat="33.379255" lon="126.637528">
        <ele>611.43</ele>
        <time>2025-10-15T15:20:41.618Z</time>
      </trkpt>
      <trkpt lat="33.37908" lon="126.637519">
        <ele>609.16</ele>
        <time>2025-10-15T15:22:27.045Z</time>
      </trkpt>
      <trkpt lat="33.378947" lon="126.637531">
        <ele>607.7</ele>
        <time>2025-10-15T15:23:47.323Z</time>
      </trkpt>
      <trkpt lat="33.378868" lon="126.637555">
        <ele>606.64</ele>
        <time>2025-10-15T15:24:36.378Z</time>
      </trkpt>
      <trkpt lat="33.378803" lon="126.637605">
        <ele>605.21</ele>
        <time>2025-10-15T15:25:22.876Z</time>
      </trkpt>
      <trkpt lat="33.378566" lon="126.637833">
        <ele>602.27</ele>
        <time>2025-10-15T15:28:25.852Z</time>
      </trkpt>
      <trkpt lat="33.378475" lon="126.637893">
        <ele>602.59</ele>
        <time>2025-10-15T15:29:28.376Z</time>
      </trkpt>
      <trkpt lat="33.378341" lon="126.637937">
        <ele>602.9</ele>
        <time>2025-10-15T15:30:52.005Z</time>
      </trkpt>
      <trkpt lat="33.378029" lon="126.637859">
        <ele>604.99</ele>
        <time>2025-10-15T15:34:03.842Z</time>
      </trkpt>
      <trkpt lat="33.377695" lon="126.637767">
        <ele>605.07</ele>
        <time>2025-10-15T15:37:30.122Z</time>
      </trkpt>
      <trkpt lat="33.37764" lon="126.637711">
        <ele>605.02</ele>
        <time>2025-10-15T15:38:13.574Z</time>
      </trkpt>
      <trkpt lat="33.377557" lon="126.637558">
        <ele>605.94</ele>
        <time>2025-10-15T15:39:45.276Z</time>
      </trkpt>
      <trkpt lat="33.377493" lon="126.637473">
        <ele>606.41</ele>
        <time>2025-10-15T15:40:42.800Z</time>
      </trkpt>
      <trkpt lat="33.377346" lon="126.637391">
        <ele>605.4</ele>
        <time>2025-10-15T15:42:20.405Z</time>
      </trkpt>
      <trkpt lat="33.377295" lon="126.637344">
        <ele>604.89</ele>
        <time>2025-10-15T15:42:59.138Z</time>
      </trkpt>
      <trkpt lat="33.37722" lon="126.637209">
        <ele>605.01</ele>
        <time>2025-10-15T15:44:20.635Z</time>
      </trkpt>
      <trkpt lat="33.377155" lon="126.637122">
        <ele>605.28</ele>
        <time>2025-10-15T15:45:19.309Z</time>
      </trkpt>
      <trkpt lat="33.377035" lon="126.637012">
        <ele>605.85</ele>
        <time>2025-10-15T15:46:50.267Z</time>
      </trkpt>
      <trkpt lat="33.376971" lon="126.636974">
        <ele>606</ele>
        <time>2025-10-15T15:47:33.262Z</time>
      </trkpt>
      <trkpt lat="33.376948" lon="126.636905">
        <ele>606.41</ele>
        <time>2025-10-15T15:48:10.603Z</time>
      </trkpt>
      <trkpt lat="33.376917" lon="126.636768">
        <ele>607</ele>
        <time>2025-10-15T15:49:21.944Z</time>
      </trkpt>
      <trkpt lat="33.376909" lon="126.636618">
        <ele>606.92</ele>
        <time>2025-10-15T15:50:37.490Z</time>
      </trkpt>
      <trkpt lat="33.37687" lon="126.636486">
        <ele>606.16</ele>
        <time>2025-10-15T15:51:47.865Z</time>
      </trkpt>
      <trkpt lat="33.376771" lon="126.636357">
        <ele>606</ele>
        <time>2025-10-15T15:53:15.924Z</time>
      </trkpt>
      <trkpt lat="33.376717" lon="126.636329">
        <ele>606</ele>
        <time>2025-10-15T15:53:51.342Z</time>
      </trkpt>
      <trkpt lat="33.376624" lon="126.636302">
        <ele>606</ele>
        <time>2025-10-15T15:54:48.939Z</time>
      </trkpt>
      <trkpt lat="33.376133" lon="126.636236">
        <ele>606.43</ele>
        <time>2025-10-15T15:59:46.322Z</time>
      </trkpt>
      <trkpt lat="33.376" lon="126.636233">
        <ele>607.04</ele>
        <time>2025-10-15T16:01:06.387Z</time>
      </trkpt>
      <trkpt lat="33.375518" lon="126.636305">
        <ele>606.46</ele>
        <time>2025-10-15T16:05:58.745Z</time>
      </trkpt>
      <trkpt lat="33.375443" lon="126.636301">
        <ele>606</ele>
        <time>2025-10-15T16:06:43.931Z</time>
      </trkpt>
      <trkpt lat="33.375383" lon="126.636231">
        <ele>606.19</ele>
        <time>2025-10-15T16:07:34.350Z</time>
      </trkpt>
      <trkpt lat="33.375329" lon="126.636096">
        <ele>606.12</ele>
        <time>2025-10-15T16:08:49.587Z</time>
      </trkpt>
      <trkpt lat="33.375256" lon="126.635825">
        <ele>605.48</ele>
        <time>2025-10-15T16:11:12.710Z</time>
      </trkpt>
      <trkpt lat="33.37522" lon="126.635777">
        <ele>605.43</ele>
        <time>2025-10-15T16:11:45.137Z</time>
      </trkpt>
      <trkpt lat="33.375035" lon="126.635703">
        <ele>605.4</ele>
        <time>2025-10-15T16:13:42.534Z</time>
      </trkpt>
      <trkpt lat="33.374762" lon="126.635537">
        <ele>602.61</ele>
        <time>2025-10-15T16:16:46.819Z</time>
      </trkpt>
      <trkpt lat="33.374274" lon="126.635362">
        <ele>596.24</ele>
        <time>2025-10-15T16:21:53.428Z</time>
      </trkpt>
      <trkpt lat="33.374096" lon="126.635272">
        <ele>595.52</ele>
        <time>2025-10-15T16:23:49.723Z</time>
      </trkpt>
      <trkpt lat="33.37399" lon="126.635239">
        <ele>595.19</ele>
        <time>2025-10-15T16:24:55.644Z</time>
      </trkpt>
      <trkpt lat="33.373792" lon="126.635262">
        <ele>594.94</ele>
        <time>2025-10-15T16:26:55.377Z</time>
      </trkpt>
      <trkpt lat="33.373684" lon="126.635297">
        <ele>594.57</ele>
        <time>2025-10-15T16:28:02.719Z</time>
      </trkpt>
      <trkpt lat="33.373438" lon="126.635437">
        <ele>593.94</ele>
        <time>2025-10-15T16:30:46.654Z</time>
      </trkpt>
      <trkpt lat="33.373305" lon="126.635496">
        <ele>594.48</ele>
        <time>2025-10-15T16:32:12.021Z</time>
      </trkpt>
      <trkpt lat="33.373194" lon="126.635526">
        <ele>595.36</ele>
        <time>2025-10-15T16:33:20.511Z</time>
      </trkpt>
      <trkpt lat="33.373044" lon="126.635533">
        <ele>596.91</ele>
        <time>2025-10-15T16:34:50.862Z</time>
      </trkpt>
      <trkpt lat="33.372535" lon="126.635413">
        <ele>600.08</ele>
        <time>2025-10-15T16:40:03.104Z</time>
      </trkpt>
      <trkpt lat="33.371981" lon="126.635261">
        <ele>598.83</ele>
        <time>2025-10-15T16:45:45.191Z</time>
      </trkpt>
      <trkpt lat="33.371704" lon="126.635185">
        <ele>597.36</ele>
        <time>2025-10-15T16:48:36.234Z</time>
      </trkpt>
      <trkpt lat="33.370948" lon="126.634967">
        <ele>587.91</ele>
        <time>2025-10-15T16:56:24.269Z</time>
      </trkpt>
      <trkpt lat="33.370704" lon="126.634898">
        <ele>587.08</ele>
        <time>2025-10-15T16:58:55.169Z</time>
      </trkpt>
      <trkpt lat="33.370547" lon="126.634886">
        <ele>587.23</ele>
        <time>2025-10-15T17:00:29.857Z</time>
      </trkpt>
      <trkpt lat="33.370339" lon="126.634947">
        <ele>587.79</ele>
        <time>2025-10-15T17:02:38.749Z</time>
      </trkpt>
      <trkpt lat="33.370217" lon="126.635006">
        <ele>587.45</ele>
        <time>2025-10-15T17:03:57.942Z</time>
      </trkpt>
      <trkpt lat="33.370067" lon="126.634976">
        <ele>587.22</ele>
        <time>2025-10-15T17:05:29.475Z</time>
      </trkpt>
      <trkpt lat="33.37007003836334" lon="126.63497001864016">
        <ele>585.8</ele>
        <time>2025-10-15T17:05:32.900Z</time>
      </trkpt>
      <trkpt lat="33.370067" lon="126.634976">
        <ele>587.22</ele>
        <time>2025-10-15T17:05:36.325Z</time>
      </trkpt>
      <trkpt lat="33.369806" lon="126.634816">
        <ele>587.3</ele>
        <time>2025-10-15T17:08:28.115Z</time>
      </trkpt>
      <trkpt lat="33.369652" lon="126.634697">
        <ele>587.24</ele>
        <time>2025-10-15T17:10:15.497Z</time>
      </trkpt>
      <trkpt lat="33.369568" lon="126.63467">
        <ele>587.4</ele>
        <time>2025-10-15T17:11:06.453Z</time>
      </trkpt>
      <trkpt lat="33.369334" lon="126.634715">
        <ele>587.74</ele>
        <time>2025-10-15T17:13:25.306Z</time>
      </trkpt>
      <trkpt lat="33.369184" lon="126.634679">
        <ele>588.54</ele>
        <time>2025-10-15T17:14:54.936Z</time>
      </trkpt>
      <trkpt lat="33.368953" lon="126.634437">
        <ele>590.62</ele>
        <time>2025-10-15T17:17:54.762Z</time>
      </trkpt>
      <trkpt lat="33.368828" lon="126.634252">
        <ele>590.79</ele>
        <time>2025-10-15T17:19:51.197Z</time>
      </trkpt>
      <trkpt lat="33.368711" lon="126.634061">
        <ele>591.2</ele>
        <time>2025-10-15T17:21:47.097Z</time>
      </trkpt>
      <trkpt lat="33.368521" lon="126.633898">
        <ele>589.74</ele>
        <time>2025-10-15T17:24:04.037Z</time>
      </trkpt>
      <trkpt lat="33.368387" lon="126.633871">
        <ele>589.17</ele>
        <time>2025-10-15T17:25:23.648Z</time>
      </trkpt>
      <trkpt lat="33.36819" lon="126.633933">
        <ele>591.15</ele>
        <time>2025-10-15T17:27:22.987Z</time>
      </trkpt>
      <trkpt lat="33.36793" lon="126.634059">
        <ele>591.95</ele>
        <time>2025-10-15T17:30:07.319Z</time>
      </trkpt>
      <trkpt lat="33.367468" lon="126.634123">
        <ele>591.06</ele>
        <time>2025-10-15T17:34:39.801Z</time>
      </trkpt>
      <trkpt lat="33.367238" lon="126.634155">
        <ele>588.27</ele>
        <time>2025-10-15T17:36:55.460Z</time>
      </trkpt>
      <trkpt lat="33.367077" lon="126.634201">
        <ele>587.58</ele>
        <time>2025-10-15T17:38:32.435Z</time>
      </trkpt>
      <trkpt lat="33.366964" lon="126.634158">
        <ele>589.03</ele>
        <time>2025-10-15T17:39:41.902Z</time>
      </trkpt>
      <trkpt lat="33.366904" lon="126.633973">
        <ele>589.7</ele>
        <time>2025-10-15T17:41:19.010Z</time>
      </trkpt>
      <trkpt lat="33.366841" lon="126.633831">
        <ele>590</ele>
        <time>2025-10-15T17:42:37.687Z</time>
      </trkpt>
      <trkpt lat="33.366693" lon="126.633541">
        <ele>590.96</ele>
        <time>2025-10-15T17:45:23.982Z</time>
      </trkpt>
      <trkpt lat="33.366516" lon="126.633294">
        <ele>592.65</ele>
        <time>2025-10-15T17:48:03.233Z</time>
      </trkpt>
      <trkpt lat="33.366436" lon="126.633238">
        <ele>592.74</ele>
        <time>2025-10-15T17:48:57.525Z</time>
      </trkpt>
      <trkpt lat="33.366122" lon="126.632962">
        <ele>593.85</ele>
        <time>2025-10-15T17:52:45.740Z</time>
      </trkpt>
      <trkpt lat="33.366037" lon="126.632852">
        <ele>593.99</ele>
        <time>2025-10-15T17:53:59.068Z</time>
      </trkpt>
      <trkpt lat="33.365981" lon="126.632664">
        <ele>594.13</ele>
        <time>2025-10-15T17:55:36.734Z</time>
      </trkpt>
      <trkpt lat="33.365972" lon="126.632476">
        <ele>594.06</ele>
        <time>2025-10-15T17:57:08.875Z</time>
      </trkpt>
      <trkpt lat="33.365858" lon="126.632272">
        <ele>592.54</ele>
        <time>2025-10-15T17:59:08.979Z</time>
      </trkpt>
      <trkpt lat="33.365777" lon="126.632208">
        <ele>591.71</ele>
        <time>2025-10-15T18:00:05.836Z</time>
      </trkpt>
      <trkpt lat="33.365634" lon="126.632154">
        <ele>590.72</ele>
        <time>2025-10-15T18:01:33.685Z</time>
      </trkpt>
      <trkpt lat="33.365304" lon="126.632144">
        <ele>590.67</ele>
        <time>2025-10-15T18:04:47.087Z</time>
      </trkpt>
      <trkpt lat="33.36513" lon="126.632165">
        <ele>591.77</ele>
        <time>2025-10-15T18:06:29.547Z</time>
      </trkpt>
      <trkpt lat="33.364932" lon="126.63227">
        <ele>591.3</ele>
        <time>2025-10-15T18:08:36.420Z</time>
      </trkpt>
      <trkpt lat="33.364704" lon="126.632423">
        <ele>590.24</ele>
        <time>2025-10-15T18:11:09.550Z</time>
      </trkpt>
      <trkpt lat="33.364478" lon="126.632506">
        <ele>588.66</ele>
        <time>2025-10-15T18:13:28.048Z</time>
      </trkpt>
      <trkpt lat="33.364297" lon="126.632468">
        <ele>587.53</ele>
        <time>2025-10-15T18:15:15.710Z</time>
      </trkpt>
      <trkpt lat="33.364246" lon="126.632483">
        <ele>587.16</ele>
        <time>2025-10-15T18:15:46.478Z</time>
      </trkpt>
      <trkpt lat="33.364189" lon="126.632569">
        <ele>587.21</ele>
        <time>2025-10-15T18:16:40.200Z</time>
      </trkpt>
      <trkpt lat="33.364165" lon="126.632653">
        <ele>587.06</ele>
        <time>2025-10-15T18:17:23.641Z</time>
      </trkpt>
      <trkpt lat="33.36409" lon="126.632769">
        <ele>585.91</ele>
        <time>2025-10-15T18:18:35.423Z</time>
      </trkpt>
      <trkpt lat="33.363908" lon="126.632958">
        <ele>582.96</ele>
        <time>2025-10-15T18:20:56.572Z</time>
      </trkpt>
      <trkpt lat="33.363862" lon="126.633049">
        <ele>581.65</ele>
        <time>2025-10-15T18:21:48.621Z</time>
      </trkpt>
      <trkpt lat="33.363847" lon="126.633105">
        <ele>581</ele>
        <time>2025-10-15T18:22:17.398Z</time>
      </trkpt>
      <trkpt lat="33.363847" lon="126.633184">
        <ele>580.08</ele>
        <time>2025-10-15T18:22:56.054Z</time>
      </trkpt>
      <trkpt lat="33.363878" lon="126.633337">
        <ele>578.3</ele>
        <time>2025-10-15T18:24:13.092Z</time>
      </trkpt>
      <trkpt lat="33.363876" lon="126.633501">
        <ele>575.98</ele>
        <time>2025-10-15T18:25:33.349Z</time>
      </trkpt>
      <trkpt lat="33.363849" lon="126.633584">
        <ele>574.71</ele>
        <time>2025-10-15T18:26:16.934Z</time>
      </trkpt>
      <trkpt lat="33.363744" lon="126.633799">
        <ele>572.46</ele>
        <time>2025-10-15T18:28:18.804Z</time>
      </trkpt>
      <trkpt lat="33.363709" lon="126.633899">
        <ele>571.96</ele>
        <time>2025-10-15T18:29:11.859Z</time>
      </trkpt>
      <trkpt lat="33.363694" lon="126.634069">
        <ele>571.71</ele>
        <time>2025-10-15T18:30:35.507Z</time>
      </trkpt>
      <trkpt lat="33.363647" lon="126.634188">
        <ele>571.2</ele>
        <time>2025-10-15T18:31:39.919Z</time>
      </trkpt>
      <trkpt lat="33.363421" lon="126.634453">
        <ele>569.32</ele>
        <time>2025-10-15T18:34:45.248Z</time>
      </trkpt>
      <trkpt lat="33.363321" lon="126.634537">
        <ele>567.95</ele>
        <time>2025-10-15T18:35:56.816Z</time>
      </trkpt>
      <trkpt lat="33.363261" lon="126.634573">
        <ele>567.08</ele>
        <time>2025-10-15T18:36:36.135Z</time>
      </trkpt>
      <trkpt lat="33.363204" lon="126.634579">
        <ele>566.6</ele>
        <time>2025-10-15T18:37:09.659Z</time>
      </trkpt>
      <trkpt lat="33.363157" lon="126.634559">
        <ele>566.56</ele>
        <time>2025-10-15T18:37:38.882Z</time>
      </trkpt>
      <trkpt lat="33.363091" lon="126.634547">
        <ele>566.24</ele>
        <time>2025-10-15T18:38:17.993Z</time>
      </trkpt>
      <trkpt lat="33.362975" lon="126.634511">
        <ele>565.32</ele>
        <time>2025-10-15T18:39:28.201Z</time>
      </trkpt>
      <trkpt lat="33.362878" lon="126.634472">
        <ele>564.92</ele>
        <time>2025-10-15T18:40:28.150Z</time>
      </trkpt>
      <trkpt lat="33.362622" lon="126.63432">
        <ele>565.87</ele>
        <time>2025-10-15T18:43:15.565Z</time>
      </trkpt>
      <trkpt lat="33.36224" lon="126.634789">
        <ele>560.44</ele>
        <time>2025-10-15T18:48:36.124Z</time>
      </trkpt>
      <trkpt lat="33.362166" lon="126.635">
        <ele>558.05</ele>
        <time>2025-10-15T18:50:28.106Z</time>
      </trkpt>
      <trkpt lat="33.362101" lon="126.635287">
        <ele>555.81</ele>
        <time>2025-10-15T18:52:53.617Z</time>
      </trkpt>
      <trkpt lat="33.362123" lon="126.635582">
        <ele>554.1</ele>
        <time>2025-10-15T18:55:18.545Z</time>
      </trkpt>
      <trkpt lat="33.36211" lon="126.635982">
        <ele>551.37</ele>
        <time>2025-10-15T18:58:34.427Z</time>
      </trkpt>
      <trkpt lat="33.362067" lon="126.636282">
        <ele>548.05</ele>
        <time>2025-10-15T19:01:03.373Z</time>
      </trkpt>
      <trkpt lat="33.362078" lon="126.6365">
        <ele>545.76</ele>
        <time>2025-10-15T19:02:50.242Z</time>
      </trkpt>
      <trkpt lat="33.362056" lon="126.636722">
        <ele>543.94</ele>
        <time>2025-10-15T19:04:39.636Z</time>
      </trkpt>
      <trkpt lat="33.361861" lon="126.636666">
        <ele>543.6</ele>
        <time>2025-10-15T19:06:37.123Z</time>
      </trkpt>
      <trkpt lat="33.360844" lon="126.63651">
        <ele>533.37</ele>
        <time>2025-10-15T19:16:37.835Z</time>
      </trkpt>
      <trkpt lat="33.360618" lon="126.636451">
        <ele>530.83</ele>
        <time>2025-10-15T19:18:53.355Z</time>
      </trkpt>
      <trkpt lat="33.360147" lon="126.636347">
        <ele>527.83</ele>
        <time>2025-10-15T19:23:33.959Z</time>
      </trkpt>
      <trkpt lat="33.359256" lon="126.636154">
        <ele>528.78</ele>
        <time>2025-10-15T19:32:24.454Z</time>
      </trkpt>
      <trkpt lat="33.359027" lon="126.636073">
        <ele>529.98</ele>
        <time>2025-10-15T19:34:44.353Z</time>
      </trkpt>
      <trkpt lat="33.3589" lon="126.635947">
        <ele>532.14</ele>
        <time>2025-10-15T19:36:20.987Z</time>
      </trkpt>
      <trkpt lat="33.358772" lon="126.635781">
        <ele>534.89</ele>
        <time>2025-10-15T19:38:11.543Z</time>
      </trkpt>
      <trkpt lat="33.358723" lon="126.635668">
        <ele>536.2</ele>
        <time>2025-10-15T19:39:13.848Z</time>
      </trkpt>
      <trkpt lat="33.358671" lon="126.635612">
        <ele>536.85</ele>
        <time>2025-10-15T19:39:54.825Z</time>
      </trkpt>
      <trkpt lat="33.358301" lon="126.635577">
        <ele>536.93</ele>
        <time>2025-10-15T19:43:32.276Z</time>
      </trkpt>
      <trkpt lat="33.358098" lon="126.635561">
        <ele>534.94</ele>
        <time>2025-10-15T19:45:31.467Z</time>
      </trkpt>
      <trkpt lat="33.357992" lon="126.635488">
        <ele>531.84</ele>
        <time>2025-10-15T19:46:43.111Z</time>
      </trkpt>
      <trkpt lat="33.357804" lon="126.635483">
        <ele>529.56</ele>
        <time>2025-10-15T19:48:33.284Z</time>
      </trkpt>
      <trkpt lat="33.357735" lon="126.635515">
        <ele>528.7</ele>
        <time>2025-10-15T19:49:16.636Z</time>
      </trkpt>
      <trkpt lat="33.35758" lon="126.635663">
        <ele>526.76</ele>
        <time>2025-10-15T19:51:12.791Z</time>
      </trkpt>
      <trkpt lat="33.35728" lon="126.635821">
        <ele>528.15</ele>
        <time>2025-10-15T19:54:24.810Z</time>
      </trkpt>
      <trkpt lat="33.356888" lon="126.636277">
        <ele>527.07</ele>
        <time>2025-10-15T19:59:45.032Z</time>
      </trkpt>
      <trkpt lat="33.356744" lon="126.636609">
        <ele>525.15</ele>
        <time>2025-10-15T20:02:48.100Z</time>
      </trkpt>
      <trkpt lat="33.356695" lon="126.636671">
        <ele>524.77</ele>
        <time>2025-10-15T20:03:29.869Z</time>
      </trkpt>
      <trkpt lat="33.356507" lon="126.636821">
        <ele>524.71</ele>
        <time>2025-10-15T20:05:42.233Z</time>
      </trkpt>
      <trkpt lat="33.356415" lon="126.63684">
        <ele>524.78</ele>
        <time>2025-10-15T20:06:36.930Z</time>
      </trkpt>
      <trkpt lat="33.356343" lon="126.63688">
        <ele>524.55</ele>
        <time>2025-10-15T20:07:23.433Z</time>
      </trkpt>
      <trkpt lat="33.356202" lon="126.637047">
        <ele>524.13</ele>
        <time>2025-10-15T20:09:19.636Z</time>
      </trkpt>
      <trkpt lat="33.356095" lon="126.6371">
        <ele>523.54</ele>
        <time>2025-10-15T20:10:27.478Z</time>
      </trkpt>
      <trkpt lat="33.35572" lon="126.637213">
        <ele>521.94</ele>
        <time>2025-10-15T20:14:14.036Z</time>
      </trkpt>
      <trkpt lat="33.355597" lon="126.637285">
        <ele>520.39</ele>
        <time>2025-10-15T20:15:34.252Z</time>
      </trkpt>
      <trkpt lat="33.355127" lon="126.637626">
        <ele>517.12</ele>
        <time>2025-10-15T20:20:56.235Z</time>
      </trkpt>
      <trkpt lat="33.354813" lon="126.637763">
        <ele>515.42</ele>
        <time>2025-10-15T20:24:12.037Z</time>
      </trkpt>
      <trkpt lat="33.354479" lon="126.638082">
        <ele>512.56</ele>
        <time>2025-10-15T20:28:22.363Z</time>
      </trkpt>
      <trkpt lat="33.354363" lon="126.638149">
        <ele>512.17</ele>
        <time>2025-10-15T20:29:37.821Z</time>
      </trkpt>
      <trkpt lat="33.354083" lon="126.638267">
        <ele>510.99</ele>
        <time>2025-10-15T20:32:31.735Z</time>
      </trkpt>
      <trkpt lat="33.354013" lon="126.638345">
        <ele>511</ele>
        <time>2025-10-15T20:33:27.762Z</time>
      </trkpt>
      <trkpt lat="33.353736" lon="126.638734">
        <ele>511.09</ele>
        <time>2025-10-15T20:37:37.918Z</time>
      </trkpt>
      <trkpt lat="33.353589" lon="126.638926">
        <ele>509.26</ele>
        <time>2025-10-15T20:39:45.378Z</time>
      </trkpt>
      <trkpt lat="33.353442" lon="126.639117">
        <ele>505.62</ele>
        <time>2025-10-15T20:41:52.478Z</time>
      </trkpt>
      <trkpt lat="33.353193" lon="126.639412">
        <ele>500.94</ele>
        <time>2025-10-15T20:45:17.720Z</time>
      </trkpt>
      <trkpt lat="33.353048" lon="126.639568">
        <ele>498.12</ele>
        <time>2025-10-15T20:47:11.936Z</time>
      </trkpt>
      <trkpt lat="33.352907" lon="126.639812">
        <ele>496.07</ele>
        <time>2025-10-15T20:49:37.136Z</time>
      </trkpt>
      <trkpt lat="33.352857" lon="126.639876">
        <ele>495.46</ele>
        <time>2025-10-15T20:50:20.021Z</time>
      </trkpt>
      <trkpt lat="33.352613" lon="126.639933">
        <ele>495.8</ele>
        <time>2025-10-15T20:52:45.672Z</time>
      </trkpt>
      <trkpt lat="33.352436" lon="126.640027">
        <ele>496.26</ele>
        <time>2025-10-15T20:54:39.118Z</time>
      </trkpt>
      <trkpt lat="33.352205" lon="126.640228">
        <ele>496.07</ele>
        <time>2025-10-15T20:57:26.428Z</time>
      </trkpt>
      <trkpt lat="33.351948" lon="126.640432">
        <ele>495</ele>
        <time>2025-10-15T21:00:27.090Z</time>
      </trkpt>
      <trkpt lat="33.351721" lon="126.640552">
        <ele>494.51</ele>
        <time>2025-10-15T21:02:52.474Z</time>
      </trkpt>
      <trkpt lat="33.351576" lon="126.64066">
        <ele>494.72</ele>
        <time>2025-10-15T21:04:32.527Z</time>
      </trkpt>
      <trkpt lat="33.351504" lon="126.640737">
        <ele>494.77</ele>
        <time>2025-10-15T21:05:29.091Z</time>
      </trkpt>
      <trkpt lat="33.351262" lon="126.641059">
        <ele>495.5</ele>
        <time>2025-10-15T21:09:01.071Z</time>
      </trkpt>
      <trkpt lat="33.351204" lon="126.641126">
        <ele>495.63</ele>
        <time>2025-10-15T21:09:48.292Z</time>
      </trkpt>
      <trkpt lat="33.350977" lon="126.641277">
        <ele>494.99</ele>
        <time>2025-10-15T21:12:20.439Z</time>
      </trkpt>
      <trkpt lat="33.35087" lon="126.641408">
        <ele>494.17</ele>
        <time>2025-10-15T21:13:50.106Z</time>
      </trkpt>
      <trkpt lat="33.350653" lon="126.641596">
        <ele>491.56</ele>
        <time>2025-10-15T21:16:27.042Z</time>
      </trkpt>
      <trkpt lat="33.350321" lon="126.641781">
        <ele>490.83</ele>
        <time>2025-10-15T21:20:01.594Z</time>
      </trkpt>
      <trkpt lat="33.350247" lon="126.641861">
        <ele>491.16</ele>
        <time>2025-10-15T21:21:00.011Z</time>
      </trkpt>
      <trkpt lat="33.350057" lon="126.642108">
        <ele>491.28</ele>
        <time>2025-10-15T21:23:44.340Z</time>
      </trkpt>
      <trkpt lat="33.34998" lon="126.642191">
        <ele>490.75</ele>
        <time>2025-10-15T21:24:45.045Z</time>
      </trkpt>
      <trkpt lat="33.349859" lon="126.642231">
        <ele>489.91</ele>
        <time>2025-10-15T21:25:58.589Z</time>
      </trkpt>
      <trkpt lat="33.349541" lon="126.642312">
        <ele>487.73</ele>
        <time>2025-10-15T21:29:09.070Z</time>
      </trkpt>
      <trkpt lat="33.349465" lon="126.642349">
        <ele>487.62</ele>
        <time>2025-10-15T21:29:57.138Z</time>
      </trkpt>
      <trkpt lat="33.349302" lon="126.642516">
        <ele>487.27</ele>
        <time>2025-10-15T21:32:02.835Z</time>
      </trkpt>
      <trkpt lat="33.349207" lon="126.642639">
        <ele>487.3</ele>
        <time>2025-10-15T21:33:24.820Z</time>
      </trkpt>
      <trkpt lat="33.349113" lon="126.64272">
        <ele>487.11</ele>
        <time>2025-10-15T21:34:32.676Z</time>
      </trkpt>
      <trkpt lat="33.348977" lon="126.642795">
        <ele>486.6</ele>
        <time>2025-10-15T21:36:00.404Z</time>
      </trkpt>
      <trkpt lat="33.348768" lon="126.642811">
        <ele>485.24</ele>
        <time>2025-10-15T21:38:03.103Z</time>
      </trkpt>
      <trkpt lat="33.3486" lon="126.642889">
        <ele>484.53</ele>
        <time>2025-10-15T21:39:48.674Z</time>
      </trkpt>
      <trkpt lat="33.348457" lon="126.642977">
        <ele>484.9</ele>
        <time>2025-10-15T21:41:22.876Z</time>
      </trkpt>
      <trkpt lat="33.348399" lon="126.643041">
        <ele>485.01</ele>
        <time>2025-10-15T21:42:09.090Z</time>
      </trkpt>
      <trkpt lat="33.348304" lon="126.643063">
        <ele>484.48</ele>
        <time>2025-10-15T21:43:05.780Z</time>
      </trkpt>
      <trkpt lat="33.348123" lon="126.64306">
        <ele>484.2</ele>
        <time>2025-10-15T21:44:51.834Z</time>
      </trkpt>
      <trkpt lat="33.348022" lon="126.64309">
        <ele>483.67</ele>
        <time>2025-10-15T21:45:52.802Z</time>
      </trkpt>
      <trkpt lat="33.347744" lon="126.643245">
        <ele>483.46</ele>
        <time>2025-10-15T21:48:52.476Z</time>
      </trkpt>
      <trkpt lat="33.347572" lon="126.643326">
        <ele>483</ele>
        <time>2025-10-15T21:50:40.764Z</time>
      </trkpt>
      <trkpt lat="33.347428" lon="126.643288">
        <ele>483.3</ele>
        <time>2025-10-15T21:52:07.156Z</time>
      </trkpt>
      <trkpt lat="33.347151" lon="126.64309">
        <ele>484.97</ele>
        <time>2025-10-15T21:55:16.175Z</time>
      </trkpt>
      <trkpt lat="33.347068" lon="126.643079">
        <ele>485</ele>
        <time>2025-10-15T21:56:05.100Z</time>
      </trkpt>
      <trkpt lat="33.346989" lon="126.643181">
        <ele>485.06</ele>
        <time>2025-10-15T21:57:13.176Z</time>
      </trkpt>
      <trkpt lat="33.346927" lon="126.643237">
        <ele>485.3</ele>
        <time>2025-10-15T21:57:58.680Z</time>
      </trkpt>
      <trkpt lat="33.346635" lon="126.643318">
        <ele>486</ele>
        <time>2025-10-15T22:00:54.290Z</time>
      </trkpt>
      <trkpt lat="33.346577" lon="126.643366">
        <ele>485.99</ele>
        <time>2025-10-15T22:01:35.601Z</time>
      </trkpt>
      <trkpt lat="33.346371" lon="126.643406">
        <ele>486</ele>
        <time>2025-10-15T22:03:37.870Z</time>
      </trkpt>
      <trkpt lat="33.346064" lon="126.643371">
        <ele>486</ele>
        <time>2025-10-15T22:06:38.549Z</time>
      </trkpt>
      <trkpt lat="33.345735" lon="126.64335">
        <ele>486.06</ele>
        <time>2025-10-15T22:09:51.578Z</time>
      </trkpt>
      <trkpt lat="33.34567" lon="126.643355">
        <ele>485.84</ele>
        <time>2025-10-15T22:10:29.738Z</time>
      </trkpt>
      <trkpt lat="33.345564" lon="126.643538">
        <ele>486.01</ele>
        <time>2025-10-15T22:12:18.727Z</time>
      </trkpt>
      <trkpt lat="33.345504" lon="126.643618">
        <ele>485.44</ele>
        <time>2025-10-15T22:13:11.346Z</time>
      </trkpt>
      <trkpt lat="33.345383" lon="126.643669">
        <ele>484.67</ele>
        <time>2025-10-15T22:14:26.503Z</time>
      </trkpt>
      <trkpt lat="33.345105" lon="126.643591">
        <ele>482.37</ele>
        <time>2025-10-15T22:17:13.792Z</time>
      </trkpt>
      <trkpt lat="33.344961" lon="126.6435">
        <ele>480.94</ele>
        <time>2025-10-15T22:18:49.193Z</time>
      </trkpt>
      <trkpt lat="33.344876" lon="126.643353">
        <ele>480.08</ele>
        <time>2025-10-15T22:20:16.693Z</time>
      </trkpt>
      <trkpt lat="33.344744" lon="126.643205">
        <ele>480</ele>
        <time>2025-10-15T22:22:02.654Z</time>
      </trkpt>
      <trkpt lat="33.344625" lon="126.643167">
        <ele>480.52</ele>
        <time>2025-10-15T22:23:14.812Z</time>
      </trkpt>
      <trkpt lat="33.344475" lon="126.643186">
        <ele>480.95</ele>
        <time>2025-10-15T22:24:43.184Z</time>
      </trkpt>
      <trkpt lat="33.344249" lon="126.643079">
        <ele>483.14</ele>
        <time>2025-10-15T22:27:05.573Z</time>
      </trkpt>
      <trkpt lat="33.344036" lon="126.642655">
        <ele>483</ele>
        <time>2025-10-15T22:31:07.726Z</time>
      </trkpt>
      <trkpt lat="33.343942" lon="126.642492">
        <ele>482.47</ele>
        <time>2025-10-15T22:32:44.667Z</time>
      </trkpt>
      <trkpt lat="33.343929" lon="126.642296">
        <ele>481.57</ele>
        <time>2025-10-15T22:34:20.898Z</time>
      </trkpt>
      <trkpt lat="33.343953" lon="126.642113">
        <ele>480.68</ele>
        <time>2025-10-15T22:35:51.562Z</time>
      </trkpt>
      <trkpt lat="33.344003" lon="126.64192">
        <ele>480.01</ele>
        <time>2025-10-15T22:37:30.461Z</time>
      </trkpt>
      <trkpt lat="33.344007" lon="126.641808">
        <ele>479.29</ele>
        <time>2025-10-15T22:38:25.328Z</time>
      </trkpt>
      <trkpt lat="33.34398" lon="126.641716">
        <ele>478.56</ele>
        <time>2025-10-15T22:39:13.054Z</time>
      </trkpt>
      <trkpt lat="33.343935" lon="126.641711">
        <ele>478.21</ele>
        <time>2025-10-15T22:39:39.532Z</time>
      </trkpt>
      <trkpt lat="33.343848" lon="126.641802">
        <ele>478.14</ele>
        <time>2025-10-15T22:40:47.221Z</time>
      </trkpt>
      <trkpt lat="33.343691" lon="126.641867">
        <ele>476.99</ele>
        <time>2025-10-15T22:42:24.550Z</time>
      </trkpt>
      <trkpt lat="33.34355" lon="126.641805">
        <ele>476.08</ele>
        <time>2025-10-15T22:43:52.556Z</time>
      </trkpt>
      <trkpt lat="33.343458" lon="126.6417">
        <ele>474.83</ele>
        <time>2025-10-15T22:45:07.030Z</time>
      </trkpt>
      <trkpt lat="33.343413" lon="126.64162">
        <ele>474.05</ele>
        <time>2025-10-15T22:45:54.234Z</time>
      </trkpt>
      <trkpt lat="33.343391" lon="126.64136">
        <ele>471.94</ele>
        <time>2025-10-15T22:48:02.139Z</time>
      </trkpt>
      <trkpt lat="33.343342" lon="126.641159">
        <ele>470.87</ele>
        <time>2025-10-15T22:49:44.619Z</time>
      </trkpt>
      <trkpt lat="33.343283" lon="126.6411">
        <ele>470.12</ele>
        <time>2025-10-15T22:50:29.660Z</time>
      </trkpt>
      <trkpt lat="33.343082" lon="126.640979">
        <ele>468.2</ele>
        <time>2025-10-15T22:52:41.475Z</time>
      </trkpt>
      <trkpt lat="33.342925" lon="126.640947">
        <ele>467.64</ele>
        <time>2025-10-15T22:54:14.782Z</time>
      </trkpt>
      <trkpt lat="33.342869" lon="126.640906">
        <ele>467.22</ele>
        <time>2025-10-15T22:54:53.241Z</time>
      </trkpt>
      <trkpt lat="33.342835" lon="126.640627">
        <ele>467</ele>
        <time>2025-10-15T22:57:11.241Z</time>
      </trkpt>
      <trkpt lat="33.342784" lon="126.640528">
        <ele>467</ele>
        <time>2025-10-15T22:58:08.168Z</time>
      </trkpt>
      <trkpt lat="33.342656" lon="126.640407">
        <ele>467.08</ele>
        <time>2025-10-15T22:59:43.725Z</time>
      </trkpt>
      <trkpt lat="33.342512" lon="126.64018">
        <ele>468.65</ele>
        <time>2025-10-15T23:02:03.230Z</time>
      </trkpt>
      <trkpt lat="33.342463" lon="126.639994">
        <ele>469.88</ele>
        <time>2025-10-15T23:03:38.686Z</time>
      </trkpt>
      <trkpt lat="33.342412" lon="126.639673">
        <ele>471.09</ele>
        <time>2025-10-15T23:06:18.614Z</time>
      </trkpt>
      <trkpt lat="33.342418" lon="126.639555">
        <ele>471.24</ele>
        <time>2025-10-15T23:07:16.475Z</time>
      </trkpt>
      <trkpt lat="33.342483" lon="126.639485">
        <ele>472.14</ele>
        <time>2025-10-15T23:08:07.700Z</time>
      </trkpt>
      <trkpt lat="33.342548" lon="126.63952">
        <ele>473.05</ele>
        <time>2025-10-15T23:08:49.457Z</time>
      </trkpt>
      <trkpt lat="33.342595" lon="126.639525">
        <ele>473.7</ele>
        <time>2025-10-15T23:09:17.101Z</time>
      </trkpt>
      <trkpt lat="33.342714" lon="126.639386">
        <ele>475.35</ele>
        <time>2025-10-15T23:10:54.514Z</time>
      </trkpt>
      <trkpt lat="33.342911" lon="126.639257">
        <ele>477.4</ele>
        <time>2025-10-15T23:13:06.073Z</time>
      </trkpt>
      <trkpt lat="33.342988" lon="126.63915">
        <ele>477.64</ele>
        <time>2025-10-15T23:14:15.194Z</time>
      </trkpt>
      <trkpt lat="33.343044" lon="126.639061">
        <ele>477.13</ele>
        <time>2025-10-15T23:15:09.728Z</time>
      </trkpt>
      <trkpt lat="33.343122" lon="126.638541">
        <ele>471.21</ele>
        <time>2025-10-15T23:19:28.308Z</time>
      </trkpt>
      <trkpt lat="33.34318" lon="126.638348">
        <ele>469.43</ele>
        <time>2025-10-15T23:21:08.696Z</time>
      </trkpt>
      <trkpt lat="33.343183" lon="126.638241">
        <ele>469.73</ele>
        <time>2025-10-15T23:22:01.095Z</time>
      </trkpt>
      <trkpt lat="33.343183" lon="126.638241">
        <ele>469.73</ele>
        <time>2025-10-15T23:22:01.095Z</time>
      </trkpt>
      <trkpt lat="33.343183" lon="126.638241">
        <ele>469.73</ele>
        <time>2025-10-15T23:22:01.095Z</time>
      </trkpt>
      <trkpt lat="33.343213" lon="126.637948">
        <ele>470.87</ele>
        <time>2025-10-15T23:23:25.742Z</time>
      </trkpt>
      <trkpt lat="33.343315" lon="126.637584">
        <ele>472.52</ele>
        <time>2025-10-15T23:25:15.835Z</time>
      </trkpt>
      <trkpt lat="33.343494" lon="126.637392">
        <ele>474.83</ele>
        <time>2025-10-15T23:26:38.335Z</time>
      </trkpt>
      <trkpt lat="33.343673" lon="126.637283">
        <ele>475</ele>
        <time>2025-10-15T23:27:47.270Z</time>
      </trkpt>
      <trkpt lat="33.343799" lon="126.637175">
        <ele>475.12</ele>
        <time>2025-10-15T23:28:40.464Z</time>
      </trkpt>
      <trkpt lat="33.344052" lon="126.63691">
        <ele>474.51</ele>
        <time>2025-10-15T23:30:35.859Z</time>
      </trkpt>
      <trkpt lat="33.344204" lon="126.636875">
        <ele>474</ele>
        <time>2025-10-15T23:31:28.990Z</time>
      </trkpt>
      <trkpt lat="33.344302" lon="126.63674">
        <ele>474.59</ele>
        <time>2025-10-15T23:32:20.274Z</time>
      </trkpt>
      <trkpt lat="33.344433" lon="126.636324">
        <ele>478.6</ele>
        <time>2025-10-15T23:34:27.755Z</time>
      </trkpt>
      <trkpt lat="33.344532" lon="126.636054">
        <ele>480</ele>
        <time>2025-10-15T23:35:52.306Z</time>
      </trkpt>
      <trkpt lat="33.344723" lon="126.635782">
        <ele>479.84</ele>
        <time>2025-10-15T23:37:34.196Z</time>
      </trkpt>
      <trkpt lat="33.345081" lon="126.635504">
        <ele>478.19</ele>
        <time>2025-10-15T23:40:00.672Z</time>
      </trkpt>
      <trkpt lat="33.345298" lon="126.635035">
        <ele>480.4</ele>
        <time>2025-10-15T23:42:34.405Z</time>
      </trkpt>
      <trkpt lat="33.345358" lon="126.634837">
        <ele>481.61</ele>
        <time>2025-10-15T23:43:34.800Z</time>
      </trkpt>
      <trkpt lat="33.345412" lon="126.63471">
        <ele>482.37</ele>
        <time>2025-10-15T23:44:15.662Z</time>
      </trkpt>
      <trkpt lat="33.345556" lon="126.634542">
        <ele>483.19</ele>
        <time>2025-10-15T23:45:24.682Z</time>
      </trkpt>
      <trkpt lat="33.345681" lon="126.634319">
        <ele>485.27</ele>
        <time>2025-10-15T23:46:41.687Z</time>
      </trkpt>
      <trkpt lat="33.345762" lon="126.634131">
        <ele>488.38</ele>
        <time>2025-10-15T23:47:42.342Z</time>
      </trkpt>
      <trkpt lat="33.345975" lon="126.633964">
        <ele>492.95</ele>
        <time>2025-10-15T23:49:09.741Z</time>
      </trkpt>
      <trkpt lat="33.346168" lon="126.633831">
        <ele>494.5</ele>
        <time>2025-10-15T23:50:26.181Z</time>
      </trkpt>
      <trkpt lat="33.346207" lon="126.63374">
        <ele>495.22</ele>
        <time>2025-10-15T23:50:55.508Z</time>
      </trkpt>
      <trkpt lat="33.346184" lon="126.633629">
        <ele>496.13</ele>
        <time>2025-10-15T23:51:28.300Z</time>
      </trkpt>
      <trkpt lat="33.346161" lon="126.633437">
        <ele>497.97</ele>
        <time>2025-10-15T23:52:23.917Z</time>
      </trkpt>
      <trkpt lat="33.346129" lon="126.633389">
        <ele>498.23</ele>
        <time>2025-10-15T23:52:40.981Z</time>
      </trkpt>
      <trkpt lat="33.346129" lon="126.633389">
        <ele>498.23</ele>
        <time>2025-10-15T23:52:40.981Z</time>
      </trkpt>
      <trkpt lat="33.345943" lon="126.633123">
        <ele>499.65</ele>
        <time>2025-10-15T23:54:17.372Z</time>
      </trkpt>
      <trkpt lat="33.345907" lon="126.632921">
        <ele>499.4</ele>
        <time>2025-10-15T23:55:14.765Z</time>
      </trkpt>
      <trkpt lat="33.345764" lon="126.632841">
        <ele>499</ele>
        <time>2025-10-15T23:56:07.270Z</time>
      </trkpt>
      <trkpt lat="33.345583" lon="126.632923">
        <ele>498.15</ele>
        <time>2025-10-15T23:57:11.644Z</time>
      </trkpt>
      <trkpt lat="33.345244" lon="126.63304">
        <ele>494.76</ele>
        <time>2025-10-15T23:59:09.000Z</time>
      </trkpt>
      <trkpt lat="33.345014" lon="126.633051">
        <ele>493</ele>
        <time>2025-10-16T00:00:25.567Z</time>
      </trkpt>
      <trkpt lat="33.344872" lon="126.633152">
        <ele>492.23</ele>
        <time>2025-10-16T00:01:20.510Z</time>
      </trkpt>
      <trkpt lat="33.344685" lon="126.633195">
        <ele>493.08</ele>
        <time>2025-10-16T00:02:23.850Z</time>
      </trkpt>
      <trkpt lat="33.344429" lon="126.633307">
        <ele>492.65</ele>
        <time>2025-10-16T00:03:54.513Z</time>
      </trkpt>
      <trkpt lat="33.344091" lon="126.633368">
        <ele>490.74</ele>
        <time>2025-10-16T00:05:48.214Z</time>
      </trkpt>
      <trkpt lat="33.343744" lon="126.633187">
        <ele>489.36</ele>
        <time>2025-10-16T00:07:54.121Z</time>
      </trkpt>
      <trkpt lat="33.343606" lon="126.633182">
        <ele>489</ele>
        <time>2025-10-16T00:08:40.045Z</time>
      </trkpt>
      <trkpt lat="33.343525" lon="126.633089">
        <ele>488.74</ele>
        <time>2025-10-16T00:09:16.997Z</time>
      </trkpt>
      <trkpt lat="33.343525" lon="126.633089">
        <ele>488.74</ele>
        <time>2025-10-16T00:09:16.997Z</time>
      </trkpt>
      <trkpt lat="33.343409" lon="126.632957">
        <ele>488.37</ele>
        <time>2025-10-16T00:10:09.691Z</time>
      </trkpt>
      <trkpt lat="33.343308" lon="126.632777">
        <ele>488.72</ele>
        <time>2025-10-16T00:11:09.329Z</time>
      </trkpt>
      <trkpt lat="33.343086" lon="126.63261">
        <ele>488.29</ele>
        <time>2025-10-16T00:12:35.654Z</time>
      </trkpt>
      <trkpt lat="33.343019" lon="126.63238">
        <ele>488.8</ele>
        <time>2025-10-16T00:13:42.649Z</time>
      </trkpt>
      <trkpt lat="33.342905" lon="126.632066">
        <ele>488.77</ele>
        <time>2025-10-16T00:15:16.815Z</time>
      </trkpt>
      <trkpt lat="33.342781" lon="126.63182">
        <ele>488.99</ele>
        <time>2025-10-16T00:16:35.838Z</time>
      </trkpt>
      <trkpt lat="33.342622" lon="126.631768">
        <ele>488.66</ele>
        <time>2025-10-16T00:17:30.105Z</time>
      </trkpt>
      <trkpt lat="33.342589" lon="126.631674">
        <ele>488.87</ele>
        <time>2025-10-16T00:17:58.149Z</time>
      </trkpt>
      <trkpt lat="33.34256" lon="126.631514">
        <ele>489</ele>
        <time>2025-10-16T00:18:43.180Z</time>
      </trkpt>
      <trkpt lat="33.3426" lon="126.631253">
        <ele>489</ele>
        <time>2025-10-16T00:19:56.164Z</time>
      </trkpt>
      <trkpt lat="33.342586" lon="126.63105">
        <ele>488.68</ele>
        <time>2025-10-16T00:20:52.187Z</time>
      </trkpt>
      <trkpt lat="33.342505" lon="126.630892">
        <ele>487.68</ele>
        <time>2025-10-16T00:21:43.734Z</time>
      </trkpt>
      <trkpt lat="33.342505" lon="126.630892">
        <ele>487.68</ele>
        <time>2025-10-16T00:21:43.734Z</time>
      </trkpt>
      <trkpt lat="33.342464" lon="126.630812">
        <ele>487.17</ele>
        <time>2025-10-16T00:22:09.831Z</time>
      </trkpt>
      <trkpt lat="33.341988" lon="126.630629">
        <ele>487.89</ele>
        <time>2025-10-16T00:24:56.239Z</time>
      </trkpt>
      <trkpt lat="33.341328" lon="126.630303">
        <ele>486.32</ele>
        <time>2025-10-16T00:28:53.889Z</time>
      </trkpt>
      <trkpt lat="33.340864" lon="126.630056">
        <ele>480.3</ele>
        <time>2025-10-16T00:31:42.915Z</time>
      </trkpt>
      <trkpt lat="33.340587" lon="126.630031">
        <ele>478.38</ele>
        <time>2025-10-16T00:33:15.376Z</time>
      </trkpt>
      <trkpt lat="33.340501" lon="126.629587">
        <ele>478</ele>
        <time>2025-10-16T00:35:22.114Z</time>
      </trkpt>
      <trkpt lat="33.340488" lon="126.629383">
        <ele>477.86</ele>
        <time>2025-10-16T00:36:19.005Z</time>
      </trkpt>
      <trkpt lat="33.340417" lon="126.629047">
        <ele>476.72</ele>
        <time>2025-10-16T00:37:55.379Z</time>
      </trkpt>
      <trkpt lat="33.340315" lon="126.62879">
        <ele>475.13</ele>
        <time>2025-10-16T00:39:14.497Z</time>
      </trkpt>
      <trkpt lat="33.340384" lon="126.628444">
        <ele>471.27</ele>
        <time>2025-10-16T00:40:53.412Z</time>
      </trkpt>
      <trkpt lat="33.340348" lon="126.628171">
        <ele>467.74</ele>
        <time>2025-10-16T00:42:10.265Z</time>
      </trkpt>
      <trkpt lat="33.340301" lon="126.62805">
        <ele>466.28</ele>
        <time>2025-10-16T00:42:47.370Z</time>
      </trkpt>
      <trkpt lat="33.340243" lon="126.627899">
        <ele>464.48</ele>
        <time>2025-10-16T00:43:33.584Z</time>
      </trkpt>
      <trkpt lat="33.340058" lon="126.627812">
        <ele>464.26</ele>
        <time>2025-10-16T00:44:39.743Z</time>
      </trkpt>
      <trkpt lat="33.339877" lon="126.627675">
        <ele>462.86</ele>
        <time>2025-10-16T00:45:51.023Z</time>
      </trkpt>
      <trkpt lat="33.339731" lon="126.62766">
        <ele>462.69</ele>
        <time>2025-10-16T00:46:39.798Z</time>
      </trkpt>
      <trkpt lat="33.339519" lon="126.627689">
        <ele>461.95</ele>
        <time>2025-10-16T00:47:50.821Z</time>
      </trkpt>
      <trkpt lat="33.3394" lon="126.627766">
        <ele>461.57</ele>
        <time>2025-10-16T00:48:35.847Z</time>
      </trkpt>
      <trkpt lat="33.339201" lon="126.627799">
        <ele>460.73</ele>
        <time>2025-10-16T00:49:42.717Z</time>
      </trkpt>
      <trkpt lat="33.338988" lon="126.627812">
        <ele>459.79</ele>
        <time>2025-10-16T00:50:53.706Z</time>
      </trkpt>
      <trkpt lat="33.338881" lon="126.62776">
        <ele>459.25</ele>
        <time>2025-10-16T00:51:32.144Z</time>
      </trkpt>
      <trkpt lat="33.33887356786229" lon="126.62778098380444">
        <ele>459.3987025854512</ele>
        <time>2025-10-16T00:51:38.481Z</time>
      </trkpt>
      <trkpt lat="33.338760025799274" lon="126.62765001878142">
        <ele>458.7</ele>
        <time>2026-10-05T05:58:10.969Z</time>
      </trkpt>
      <trkpt lat="33.33874996751547" lon="126.62742999382317">
        <ele>457.8</ele>
        <time>2026-10-05T05:58:58.969Z</time>
      </trkpt>
      <trkpt lat="33.33883998915553" lon="126.62723997607827">
        <ele>456.3</ele>
        <time>2026-10-05T06:00:01.969Z</time>
      </trkpt>
      <trkpt lat="33.33894995972514" lon="126.62704995833337">
        <ele>454</ele>
        <time>2026-10-05T06:01:20.969Z</time>
      </trkpt>
      <trkpt lat="33.33877000026405" lon="126.62693998776376">
        <ele>451.8</ele>
        <time>2026-10-05T06:02:23.969Z</time>
      </trkpt>
      <trkpt lat="33.338590040802956" lon="126.62687997333705">
        <ele>449.9</ele>
        <time>2026-10-05T06:03:19.969Z</time>
      </trkpt>
      <trkpt lat="33.338440004736185" lon="126.62674997001886">
        <ele>448</ele>
        <time>2026-10-05T06:04:14.969Z</time>
      </trkpt>
      <trkpt lat="33.338270019739866" lon="126.62667000666261">
        <ele>446.4</ele>
        <time>2026-10-05T06:05:10.969Z</time>
      </trkpt>
      <trkpt lat="33.33808000199497" lon="126.62663002498448">
        <ele>445.1</ele>
        <time>2026-10-05T06:06:05.969Z</time>
      </trkpt>
      <trkpt lat="33.33791999146342" lon="126.62653002887964">
        <ele>444.4</ele>
        <time>2026-10-05T06:07:01.969Z</time>
      </trkpt>
      <trkpt lat="33.33774003200233" lon="126.62651997059584">
        <ele>444.1</ele>
        <time>2026-10-05T06:07:57.969Z</time>
      </trkpt>
      <trkpt lat="33.337559988722205" lon="126.626560036093">
        <ele>444.2</ele>
        <time>2026-10-05T06:08:52.969Z</time>
      </trkpt>
      <trkpt lat="33.337369970977306" lon="126.62660001777112">
        <ele>444.4</ele>
        <time>2026-10-05T06:09:48.969Z</time>
      </trkpt>
      <trkpt lat="33.33730737151524" lon="126.62658750312595">
        <ele>444.4313009495878</ele>
        <time>2026-10-05T06:10:09.522Z</time>
      </trkpt>
      <trkpt lat="33.337248" lon="126.626372">
        <ele>452.31</ele>
        <time>2026-10-05T06:11:10.917Z</time>
      </trkpt>
      <trkpt lat="33.33714" lon="126.626415">
        <ele>450.96</ele>
        <time>2026-10-05T06:11:47.776Z</time>
      </trkpt>
      <trkpt lat="33.336902" lon="126.626362">
        <ele>449.26</ele>
        <time>2026-10-05T06:13:06.174Z</time>
      </trkpt>
      <trkpt lat="33.336712" lon="126.626352">
        <ele>446.41</ele>
        <time>2026-10-05T06:14:07.764Z</time>
      </trkpt>
      <trkpt lat="33.336381" lon="126.626304">
        <ele>441.32</ele>
        <time>2026-10-05T06:15:55.742Z</time>
      </trkpt>
      <trkpt lat="33.33609" lon="126.626209">
        <ele>436.83</ele>
        <time>2026-10-05T06:17:33.424Z</time>
      </trkpt>
      <trkpt lat="33.335895" lon="126.625977">
        <ele>432.29</ele>
        <time>2026-10-05T06:19:02.464Z</time>
      </trkpt>
      <trkpt lat="33.335869" lon="126.625909">
        <ele>431.14</ele>
        <time>2026-10-05T06:19:22.616Z</time>
      </trkpt>
      <trkpt lat="33.335869" lon="126.625909">
        <ele>431.14</ele>
        <time>2026-10-05T06:19:22.616Z</time>
      </trkpt>
      <trkpt lat="33.335752" lon="126.625615">
        <ele>426.14</ele>
        <time>2026-10-05T06:20:50.370Z</time>
      </trkpt>
      <trkpt lat="33.335678" lon="126.625341">
        <ele>423.35</ele>
        <time>2026-10-05T06:22:07.967Z</time>
      </trkpt>
      <trkpt lat="33.335499" lon="126.624573">
        <ele>418.82</ele>
        <time>2026-10-05T06:25:42.825Z</time>
      </trkpt>
      <trkpt lat="33.335386" lon="126.623876">
        <ele>416.69</ele>
        <time>2026-10-05T06:28:54.152Z</time>
      </trkpt>
      <trkpt lat="33.335325" lon="126.623293">
        <ele>415.27</ele>
        <time>2026-10-05T06:31:32.483Z</time>
      </trkpt>
      <trkpt lat="33.335249" lon="126.622869">
        <ele>414.45</ele>
        <time>2026-10-05T06:33:29.340Z</time>
      </trkpt>
      <trkpt lat="33.335144" lon="126.622681">
        <ele>413.54</ele>
        <time>2026-10-05T06:34:30.278Z</time>
      </trkpt>
      <trkpt lat="33.335092" lon="126.622522">
        <ele>413.3</ele>
        <time>2026-10-05T06:35:16.290Z</time>
      </trkpt>
      <trkpt lat="33.335884" lon="126.621857">
        <ele>423.29</ele>
        <time>2026-10-05T06:40:28.331Z</time>
      </trkpt>
      <trkpt lat="33.336007" lon="126.621766">
        <ele>425.71</ele>
        <time>2026-10-05T06:41:14.970Z</time>
      </trkpt>
      <trkpt lat="33.336469" lon="126.621675">
        <ele>433.19</ele>
        <time>2026-10-05T06:43:45.989Z</time>
      </trkpt>
      <trkpt lat="33.336706" lon="126.621587">
        <ele>438.99</ele>
        <time>2026-10-05T06:45:06.025Z</time>
      </trkpt>
      <trkpt lat="33.336807" lon="126.621532">
        <ele>441.44</ele>
        <time>2026-10-05T06:45:41.814Z</time>
      </trkpt>
      <trkpt lat="33.336991" lon="126.621468">
        <ele>444.67</ele>
        <time>2026-10-05T06:46:43.617Z</time>
      </trkpt>
      <trkpt lat="33.337305" lon="126.621383">
        <ele>448.11</ele>
        <time>2026-10-05T06:48:27.453Z</time>
      </trkpt>
      <trkpt lat="33.337384" lon="126.62134">
        <ele>448.55</ele>
        <time>2026-10-05T06:48:55.444Z</time>
      </trkpt>
      <trkpt lat="33.337677" lon="126.621072">
        <ele>450.99</ele>
        <time>2026-10-05T06:50:54.383Z</time>
      </trkpt>
      <trkpt lat="33.337754" lon="126.620972">
        <ele>451.9</ele>
        <time>2026-10-05T06:51:31.029Z</time>
      </trkpt>
      <trkpt lat="33.337848" lon="126.620879">
        <ele>452.77</ele>
        <time>2026-10-05T06:52:10.364Z</time>
      </trkpt>
      <trkpt lat="33.337981" lon="126.620817">
        <ele>454.58</ele>
        <time>2026-10-05T06:52:56.400Z</time>
      </trkpt>
      <trkpt lat="33.338218" lon="126.62074">
        <ele>456.64</ele>
        <time>2026-10-05T06:54:15.608Z</time>
      </trkpt>
      <trkpt lat="33.338364" lon="126.620567">
        <ele>455.66</ele>
        <time>2026-10-05T06:55:21.871Z</time>
      </trkpt>
      <trkpt lat="33.33841" lon="126.620485">
        <ele>454.63</ele>
        <time>2026-10-05T06:55:48.486Z</time>
      </trkpt>
      <trkpt lat="33.338433" lon="126.620426">
        <ele>453.96</ele>
        <time>2026-10-05T06:56:06.030Z</time>
      </trkpt>
      <trkpt lat="33.338428" lon="126.620346">
        <ele>453</ele>
        <time>2026-10-05T06:56:27.647Z</time>
      </trkpt>
      <trkpt lat="33.33841091953218" lon="126.62034795619547">
        <ele>455.41</ele>
        <time>2026-10-05T06:56:32.267Z</time>
      </trkpt>
      <trkpt lat="33.338428" lon="126.620346">
        <ele>453</ele>
        <time>2026-10-05T06:56:36.887Z</time>
      </trkpt>
      <trkpt lat="33.338398" lon="126.620234">
        <ele>451.81</ele>
        <time>2026-10-05T06:57:03.344Z</time>
      </trkpt>
      <trkpt lat="33.338215" lon="126.620025">
        <ele>452.15</ele>
        <time>2026-10-05T06:58:11.449Z</time>
      </trkpt>
      <trkpt lat="33.338056" lon="126.619931">
        <ele>452.86</ele>
        <time>2026-10-05T06:58:59.198Z</time>
      </trkpt>
      <trkpt lat="33.337934" lon="126.619906">
        <ele>452.24</ele>
        <time>2026-10-05T06:59:32.525Z</time>
      </trkpt>
      <trkpt lat="33.337768" lon="126.619953">
        <ele>451.69</ele>
        <time>2026-10-05T07:00:18.455Z</time>
      </trkpt>
      <trkpt lat="33.337373" lon="126.620264">
        <ele>447.17</ele>
        <time>2026-10-05T07:02:25.758Z</time>
      </trkpt>
      <trkpt lat="33.337216" lon="126.620328">
        <ele>446.72</ele>
        <time>2026-10-05T07:03:10.415Z</time>
      </trkpt>
      <trkpt lat="33.336846" lon="126.620543">
        <ele>444.88</ele>
        <time>2026-10-05T07:05:01.159Z</time>
      </trkpt>
      <trkpt lat="33.336854" lon="126.620193">
        <ele>444.39</ele>
        <time>2026-10-05T07:06:19.922Z</time>
      </trkpt>
      <trkpt lat="33.33689" lon="126.619962">
        <ele>444.64</ele>
        <time>2026-10-05T07:07:12.782Z</time>
      </trkpt>
      <trkpt lat="33.336777" lon="126.619671">
        <ele>445.93</ele>
        <time>2026-10-05T07:08:24.968Z</time>
      </trkpt>
      <trkpt lat="33.336782" lon="126.619396">
        <ele>448.99</ele>
        <time>2026-10-05T07:09:26.844Z</time>
      </trkpt>
      <trkpt lat="33.336671" lon="126.619073">
        <ele>449.4</ele>
        <time>2026-10-05T07:10:45.410Z</time>
      </trkpt>
      <trkpt lat="33.336508" lon="126.618744">
        <ele>450.96</ele>
        <time>2026-10-05T07:12:11.454Z</time>
      </trkpt>
      <trkpt lat="33.336261" lon="126.618195">
        <ele>456.7</ele>
        <time>2026-10-05T07:14:31.722Z</time>
      </trkpt>
      <trkpt lat="33.336065" lon="126.617931">
        <ele>457.6</ele>
        <time>2026-10-05T07:15:51.170Z</time>
      </trkpt>
      <trkpt lat="33.335944" lon="126.617707">
        <ele>459.17</ele>
        <time>2026-10-05T07:16:51.175Z</time>
      </trkpt>
      <trkpt lat="33.335873" lon="126.617376">
        <ele>461.49</ele>
        <time>2026-10-05T07:18:08.050Z</time>
      </trkpt>
      <trkpt lat="33.335774" lon="126.617092">
        <ele>462.47</ele>
        <time>2026-10-05T07:19:17.275Z</time>
      </trkpt>
      <trkpt lat="33.335718" lon="126.616959">
        <ele>462.86</ele>
        <time>2026-10-05T07:19:50.778Z</time>
      </trkpt>
      <trkpt lat="33.335476" lon="126.616599">
        <ele>462.18</ele>
        <time>2026-10-05T07:21:34.721Z</time>
      </trkpt>
      <trkpt lat="33.33550399169326" lon="126.61657199263573">
        <ele>461.54</ele>
        <time>2026-10-05T07:21:42.187Z</time>
      </trkpt>
      <trkpt lat="33.335476" lon="126.616599">
        <ele>462.18</ele>
        <time>2026-10-05T07:21:49.653Z</time>
      </trkpt>
      <trkpt lat="33.335284" lon="126.616386">
        <ele>461.17</ele>
        <time>2026-10-05T07:22:44.017Z</time>
      </trkpt>
      <trkpt lat="33.335015" lon="126.616327">
        <ele>459.64</ele>
        <time>2026-10-05T07:23:40.810Z</time>
      </trkpt>
      <trkpt lat="33.334766" lon="126.616246">
        <ele>458.86</ele>
        <time>2026-10-05T07:24:34.395Z</time>
      </trkpt>
      <trkpt lat="33.334638" lon="126.616115">
        <ele>457.98</ele>
        <time>2026-10-05T07:25:09.368Z</time>
      </trkpt>
      <trkpt lat="33.33461" lon="126.615833">
        <ele>458.92</ele>
        <time>2026-10-05T07:25:58.639Z</time>
      </trkpt>
      <trkpt lat="33.334547" lon="126.615659">
        <ele>460.24</ele>
        <time>2026-10-05T07:26:31.541Z</time>
      </trkpt>
      <trkpt lat="33.334461" lon="126.615533">
        <ele>461.16</ele>
        <time>2026-10-05T07:26:59.770Z</time>
      </trkpt>
      <trkpt lat="33.334243" lon="126.615308">
        <ele>461.41</ele>
        <time>2026-10-05T07:27:59.548Z</time>
      </trkpt>
      <trkpt lat="33.333969" lon="126.61515">
        <ele>458.2</ele>
        <time>2026-10-05T07:29:02.708Z</time>
      </trkpt>
      <trkpt lat="33.333932" lon="126.61511">
        <ele>458.42</ele>
        <time>2026-10-05T07:29:13.062Z</time>
      </trkpt>
      <trkpt lat="33.333765" lon="126.615001">
        <ele>460.61</ele>
        <time>2026-10-05T07:29:52.563Z</time>
      </trkpt>
      <trkpt lat="33.333706" lon="126.614981">
        <ele>461.25</ele>
        <time>2026-10-05T07:30:05.297Z</time>
      </trkpt>
      <trkpt lat="33.333753" lon="126.614721">
        <ele>464.77</ele>
        <time>2026-10-05T07:30:51.451Z</time>
      </trkpt>
      <trkpt lat="33.333739" lon="126.614504">
        <ele>467.12</ele>
        <time>2026-10-05T07:31:29.213Z</time>
      </trkpt>
      <trkpt lat="33.333879" lon="126.614252">
        <ele>470.88</ele>
        <time>2026-10-05T07:32:21.719Z</time>
      </trkpt>
      <trkpt lat="33.333899" lon="126.614166">
        <ele>471.95</ele>
        <time>2026-10-05T07:32:37.207Z</time>
      </trkpt>
      <trkpt lat="33.333965" lon="126.614047">
        <ele>473.9</ele>
        <time>2026-10-05T07:33:01.989Z</time>
      </trkpt>
      <trkpt lat="33.334011" lon="126.613847">
        <ele>476.07</ele>
        <time>2026-10-05T07:33:37.980Z</time>
      </trkpt>
      <trkpt lat="33.33402" lon="126.613469">
        <ele>480</ele>
        <time>2026-10-05T07:34:43.590Z</time>
      </trkpt>
      <trkpt lat="33.333941" lon="126.61324">
        <ele>483.12</ele>
        <time>2026-10-05T07:35:26.576Z</time>
      </trkpt>
      <trkpt lat="33.333923" lon="126.613156">
        <ele>484.45</ele>
        <time>2026-10-05T07:35:41.622Z</time>
      </trkpt>
      <trkpt lat="33.333883" lon="126.61284">
        <ele>487.76</ele>
        <time>2026-10-05T07:36:37.074Z</time>
      </trkpt>
      <trkpt lat="33.33382" lon="126.612519">
        <ele>488.75</ele>
        <time>2026-10-05T07:37:34.284Z</time>
      </trkpt>
      <trkpt lat="33.333862" lon="126.612256">
        <ele>491.59</ele>
        <time>2026-10-05T07:38:20.741Z</time>
      </trkpt>
      <trkpt lat="33.333872" lon="126.612081">
        <ele>493.76</ele>
        <time>2026-10-05T07:38:51.175Z</time>
      </trkpt>
      <trkpt lat="33.333866" lon="126.611895">
        <ele>496.66</ele>
        <time>2026-10-05T07:39:23.470Z</time>
      </trkpt>
      <trkpt lat="33.333822" lon="126.611539">
        <ele>497.6</ele>
        <time>2026-10-05T07:40:25.909Z</time>
      </trkpt>
      <trkpt lat="33.333763" lon="126.611334">
        <ele>496.78</ele>
        <time>2026-10-05T07:41:03.528Z</time>
      </trkpt>
      <trkpt lat="33.333672" lon="126.611069">
        <ele>495.51</ele>
        <time>2026-10-05T07:41:53.238Z</time>
      </trkpt>
      <trkpt lat="33.333571" lon="126.61089">
        <ele>494.4</ele>
        <time>2026-10-05T07:42:30.714Z</time>
      </trkpt>
      <trkpt lat="33.333465" lon="126.610734">
        <ele>494.19</ele>
        <time>2026-10-05T07:43:05.601Z</time>
      </trkpt>
      <trkpt lat="33.333332" lon="126.610619">
        <ele>493.01</ele>
        <time>2026-10-05T07:43:39.674Z</time>
      </trkpt>
      <trkpt lat="33.333003" lon="126.6105">
        <ele>489.16</ele>
        <time>2026-10-05T07:44:51.048Z</time>
      </trkpt>
      <trkpt lat="33.332718" lon="126.610385">
        <ele>486.45</ele>
        <time>2026-10-05T07:45:53.506Z</time>
      </trkpt>
      <trkpt lat="33.332646" lon="126.610347">
        <ele>485.95</ele>
        <time>2026-10-05T07:46:09.847Z</time>
      </trkpt>
      <trkpt lat="33.332479" lon="126.610165">
        <ele>486.68</ele>
        <time>2026-10-05T07:46:56.750Z</time>
      </trkpt>
      <trkpt lat="33.33248499780893" lon="126.6101594657083">
        <ele>485.64207107505115</ele>
        <time>2026-10-05T07:46:58.322Z</time>
      </trkpt>
      <trkpt lat="33.33248499780893" lon="126.61014894023538">
        <ele>485.69</ele>
        <time>2026-10-31T04:56:20.969Z</time>
      </trkpt>
      <trkpt lat="33.33248591981828" lon="126.61013494245708">
        <ele>485.73</ele>
        <time>2026-10-31T04:56:21.969Z</time>
      </trkpt>
      <trkpt lat="33.33248692564666" lon="126.61012094467878">
        <ele>485.78</ele>
        <time>2026-10-31T04:56:21.969Z</time>
      </trkpt>
      <trkpt lat="33.33248298615217" lon="126.61010191775858">
        <ele>485.83</ele>
        <time>2026-10-31T04:56:22.969Z</time>
      </trkpt>
      <trkpt lat="33.33248198032379" lon="126.61008599214256">
        <ele>485.89</ele>
        <time>2026-10-31T04:56:22.969Z</time>
      </trkpt>
      <trkpt lat="33.33248198032379" lon="126.61007693968713">
        <ele>485.94</ele>
        <time>2026-10-31T04:56:23.969Z</time>
      </trkpt>
      <trkpt lat="33.33248298615217" lon="126.61006696522236">
        <ele>486</ele>
        <time>2026-10-31T04:56:24.969Z</time>
      </trkpt>
      <trkpt lat="33.33248399198055" lon="126.61005296744406">
        <ele>486.06</ele>
        <time>2026-10-31T04:56:24.969Z</time>
      </trkpt>
      <trkpt lat="33.33248198032379" lon="126.61003394052386">
        <ele>486.11</ele>
        <time>2026-10-31T04:56:25.969Z</time>
      </trkpt>
      <trkpt lat="33.33248097449541" lon="126.61001692526042">
        <ele>486.17</ele>
        <time>2026-10-31T04:56:25.969Z</time>
      </trkpt>
      <trkpt lat="33.33248097449541" lon="126.60999898798764">
        <ele>486.23</ele>
        <time>2026-10-31T04:56:26.969Z</time>
      </trkpt>
      <trkpt lat="33.33247996866703" lon="126.60998599603772">
        <ele>486.29</ele>
        <time>2026-10-31T04:56:27.969Z</time>
      </trkpt>
      <trkpt lat="33.33247896283865" lon="126.6099679749459">
        <ele>486.35</ele>
        <time>2026-10-31T04:56:27.969Z</time>
      </trkpt>
      <trkpt lat="33.33248198032379" lon="126.60995196551085">
        <ele>486.41</ele>
        <time>2026-10-31T04:56:28.969Z</time>
      </trkpt>
      <trkpt lat="33.33248692564666" lon="126.60994794219732">
        <ele>486.47</ele>
        <time>2026-10-31T04:56:28.969Z</time>
      </trkpt>
      <trkpt lat="33.332490948960185" lon="126.60994299687445">
        <ele>486.53</ele>
        <time>2026-10-31T04:56:29.969Z</time>
      </trkpt>
      <trkpt lat="33.33249597810209" lon="126.60993897356093">
        <ele>486.58</ele>
        <time>2026-10-31T04:56:30.969Z</time>
      </trkpt>
      <trkpt lat="33.33249991759658" lon="126.6099349502474">
        <ele>486.64</ele>
        <time>2026-10-31T04:56:30.969Z</time>
      </trkpt>
      <trkpt lat="33.3325039409101" lon="126.60993092693388">
        <ele>486.7</ele>
        <time>2026-10-31T04:56:31.969Z</time>
      </trkpt>
      <trkpt lat="33.332508970052004" lon="126.6099269874394">
        <ele>486.75</ele>
        <time>2026-10-31T04:56:31.969Z</time>
      </trkpt>
      <trkpt lat="33.332512993365526" lon="126.60992195829749">
        <ele>486.8</ele>
        <time>2026-10-31T04:56:32.969Z</time>
      </trkpt>
      <trkpt lat="33.3325179386884" lon="126.60991793498397">
        <ele>486.86</ele>
        <time>2026-10-31T04:56:33.969Z</time>
      </trkpt>
      <trkpt lat="33.33252196200192" lon="126.60991399548948">
        <ele>486.91</ele>
        <time>2026-10-31T04:56:33.969Z</time>
      </trkpt>
      <trkpt lat="33.33252598531544" lon="126.60990997217596">
        <ele>486.96</ele>
        <time>2026-10-31T04:56:34.969Z</time>
      </trkpt>
      <trkpt lat="33.33253093063831" lon="126.60990594886243">
        <ele>487.01</ele>
        <time>2026-10-31T04:56:35.969Z</time>
      </trkpt>
      <trkpt lat="33.332534953951836" lon="126.60990091972053">
        <ele>487.06</ele>
        <time>2026-10-31T04:56:35.969Z</time>
      </trkpt>
      <trkpt lat="33.33253897726536" lon="126.60989698022604">
        <ele>487.11</ele>
        <time>2026-10-31T04:56:36.969Z</time>
      </trkpt>
      <trkpt lat="33.33254392258823" lon="126.60989295691252">
        <ele>487.16</ele>
        <time>2026-10-31T04:56:36.969Z</time>
      </trkpt>
      <trkpt lat="33.33254794590175" lon="126.609888933599">
        <ele>487.21</ele>
        <time>2026-10-31T04:56:37.969Z</time>
      </trkpt>
      <trkpt lat="33.332552975043654" lon="126.6098849941045">
        <ele>487.25</ele>
        <time>2026-10-31T04:56:38.969Z</time>
      </trkpt>
      <trkpt lat="33.33255699835718" lon="126.60988097079098">
        <ele>487.3</ele>
        <time>2026-10-31T04:56:38.969Z</time>
      </trkpt>
      <trkpt lat="33.33256093785167" lon="126.60987594164908">
        <ele>487.35</ele>
        <time>2026-10-31T04:56:39.969Z</time>
      </trkpt>
      <trkpt lat="33.33256596699357" lon="126.60987191833556">
        <ele>487.4</ele>
        <time>2026-10-31T04:56:39.969Z</time>
      </trkpt>
      <trkpt lat="33.33256999030709" lon="126.60986797884107">
        <ele>487.44</ele>
        <time>2026-10-31T04:56:40.969Z</time>
      </trkpt>
      <trkpt lat="33.332574935629964" lon="126.60986395552754">
        <ele>487.49</ele>
        <time>2026-10-31T04:56:41.969Z</time>
      </trkpt>
      <trkpt lat="33.332578958943486" lon="126.60985993221402">
        <ele>487.54</ele>
        <time>2026-10-31T04:56:41.969Z</time>
      </trkpt>
      <trkpt lat="33.33258298225701" lon="126.60985498689115">
        <ele>487.59</ele>
        <time>2026-10-31T04:56:42.969Z</time>
      </trkpt>
      <trkpt lat="33.33258792757988" lon="126.60985096357763">
        <ele>487.64</ele>
        <time>2026-10-31T04:56:42.969Z</time>
      </trkpt>
      <trkpt lat="33.3325919508934" lon="126.6098469402641">
        <ele>487.68</ele>
        <time>2026-10-31T04:56:43.969Z</time>
      </trkpt>
      <trkpt lat="33.332596980035305" lon="126.60984291695058">
        <ele>487.73</ele>
        <time>2026-10-31T04:56:44.969Z</time>
      </trkpt>
      <trkpt lat="33.332600919529796" lon="126.60983897745609">
        <ele>487.78</ele>
        <time>2026-10-31T04:56:44.969Z</time>
      </trkpt>
      <trkpt lat="33.33260494284332" lon="126.60983394831419">
        <ele>487.83</ele>
        <time>2026-10-31T04:56:45.969Z</time>
      </trkpt>
      <trkpt lat="33.33260997198522" lon="126.60982992500067">
        <ele>487.88</ele>
        <time>2026-10-31T04:56:46.969Z</time>
      </trkpt>
      <trkpt lat="33.33261399529874" lon="126.60982598550618">
        <ele>487.93</ele>
        <time>2026-10-31T04:56:46.969Z</time>
      </trkpt>
      <trkpt lat="33.332618940621614" lon="126.60982196219265">
        <ele>487.97</ele>
        <time>2026-10-31T04:56:47.969Z</time>
      </trkpt>
      <trkpt lat="33.33262296393514" lon="126.60981793887913">
        <ele>488.02</ele>
        <time>2026-10-31T04:56:47.969Z</time>
      </trkpt>
      <trkpt lat="33.33262698724866" lon="126.60981299355626">
        <ele>488.07</ele>
        <time>2026-10-31T04:56:48.969Z</time>
      </trkpt>
      <trkpt lat="33.33263193257153" lon="126.60980897024274">
        <ele>488.12</ele>
        <time>2026-10-31T04:56:49.969Z</time>
      </trkpt>
      <trkpt lat="33.33263595588505" lon="126.60980494692922">
        <ele>488.17</ele>
        <time>2026-10-31T04:56:49.969Z</time>
      </trkpt>
      <trkpt lat="33.332640985026956" lon="126.6098009236157">
        <ele>488.21</ele>
        <time>2026-10-31T04:56:50.969Z</time>
      </trkpt>
      <trkpt lat="33.332644924521446" lon="126.6097969841212">
        <ele>488.26</ele>
        <time>2026-10-31T04:56:50.969Z</time>
      </trkpt>
      <trkpt lat="33.33264894783497" lon="126.6097919549793">
        <ele>488.31</ele>
        <time>2026-10-31T04:56:51.969Z</time>
      </trkpt>
      <trkpt lat="33.33265397697687" lon="126.60978793166578">
        <ele>488.35</ele>
        <time>2026-10-31T04:56:52.969Z</time>
      </trkpt>
      <trkpt lat="33.33265791647136" lon="126.60978399217129">
        <ele>488.4</ele>
        <time>2026-10-31T04:56:52.969Z</time>
      </trkpt>
      <trkpt lat="33.332661939784884" lon="126.60977996885777">
        <ele>488.44</ele>
        <time>2026-10-31T04:56:53.969Z</time>
      </trkpt>
      <trkpt lat="33.33266696892679" lon="126.60977594554424">
        <ele>488.48</ele>
        <time>2026-10-31T04:56:53.969Z</time>
      </trkpt>
      <trkpt lat="33.33267099224031" lon="126.60977091640234">
        <ele>488.53</ele>
        <time>2026-10-31T04:56:54.969Z</time>
      </trkpt>
      <trkpt lat="33.33267593756318" lon="126.60976697690785">
        <ele>488.57</ele>
        <time>2026-10-31T04:56:55.969Z</time>
      </trkpt>
      <trkpt lat="33.3326799608767" lon="126.60976295359433">
        <ele>488.6</ele>
        <time>2026-10-31T04:56:55.969Z</time>
      </trkpt>
      <trkpt lat="33.332683984190226" lon="126.6097589302808">
        <ele>488.64</ele>
        <time>2026-10-31T04:56:56.969Z</time>
      </trkpt>
      <trkpt lat="33.3326889295131" lon="126.60975499078631">
        <ele>488.67</ele>
        <time>2026-10-31T04:56:57.969Z</time>
      </trkpt>
      <trkpt lat="33.33269295282662" lon="126.60974996164441">
        <ele>488.71</ele>
        <time>2026-10-31T04:56:57.969Z</time>
      </trkpt>
      <trkpt lat="33.33269798196852" lon="126.60974593833089">
        <ele>488.74</ele>
        <time>2026-10-31T04:56:58.969Z</time>
      </trkpt>
      <trkpt lat="33.33270192146301" lon="126.6097419988364">
        <ele>488.76</ele>
        <time>2026-10-31T04:56:58.969Z</time>
      </trkpt>
      <trkpt lat="33.332705944776535" lon="126.60973797552288">
        <ele>488.79</ele>
        <time>2026-10-31T04:56:59.969Z</time>
      </trkpt>
      <trkpt lat="33.33271097391844" lon="126.60973395220935">
        <ele>488.81</ele>
        <time>2026-10-31T04:57:00.969Z</time>
      </trkpt>
      <trkpt lat="33.33271499723196" lon="126.60972992889583">
        <ele>488.84</ele>
        <time>2026-10-31T04:57:00.969Z</time>
      </trkpt>
      <trkpt lat="33.33271994255483" lon="126.60972498357296">
        <ele>488.86</ele>
        <time>2026-10-31T04:57:01.969Z</time>
      </trkpt>
      <trkpt lat="33.332723965868354" lon="126.60972096025944">
        <ele>488.88</ele>
        <time>2026-10-31T04:57:01.969Z</time>
      </trkpt>
      <trkpt lat="33.332727989181876" lon="126.60971693694592">
        <ele>488.9</ele>
        <time>2026-10-31T04:57:02.969Z</time>
      </trkpt>
      <trkpt lat="33.33273293450475" lon="126.60971299745142">
        <ele>488.91</ele>
        <time>2026-10-31T04:57:03.969Z</time>
      </trkpt>
      <trkpt lat="33.33273695781827" lon="126.6097089741379">
        <ele>488.93</ele>
        <time>2026-10-31T04:57:03.969Z</time>
      </trkpt>
      <trkpt lat="33.33274198696017" lon="126.609703944996">
        <ele>488.94</ele>
        <time>2026-10-31T04:57:04.969Z</time>
      </trkpt>
      <trkpt lat="33.33274592645466" lon="126.60969992168248">
        <ele>488.96</ele>
        <time>2026-10-31T04:57:05.969Z</time>
      </trkpt>
      <trkpt lat="33.332749949768186" lon="126.60969598218799">
        <ele>488.97</ele>
        <time>2026-10-31T04:57:05.969Z</time>
      </trkpt>
      <trkpt lat="33.33275497891009" lon="126.60969195887446">
        <ele>488.99</ele>
        <time>2026-10-31T04:57:06.969Z</time>
      </trkpt>
      <trkpt lat="33.33275891840458" lon="126.60968793556094">
        <ele>489</ele>
        <time>2026-10-31T04:57:06.969Z</time>
      </trkpt>
      <trkpt lat="33.33276394754648" lon="126.60968299023807">
        <ele>489.01</ele>
        <time>2026-10-31T04:57:07.969Z</time>
      </trkpt>
      <trkpt lat="33.332767970860004" lon="126.60967896692455">
        <ele>489.02</ele>
        <time>2026-10-31T04:57:08.969Z</time>
      </trkpt>
      <trkpt lat="33.33277199417353" lon="126.60967494361103">
        <ele>489.03</ele>
        <time>2026-10-31T04:57:08.969Z</time>
      </trkpt>
      <trkpt lat="33.3327769394964" lon="126.6096709202975">
        <ele>489.04</ele>
        <time>2026-10-31T04:57:09.969Z</time>
      </trkpt>
      <trkpt lat="33.33278096280992" lon="126.60966698080301">
        <ele>489.06</ele>
        <time>2026-10-31T04:57:10.969Z</time>
      </trkpt>
      <trkpt lat="33.33278498612344" lon="126.60966195166111">
        <ele>489.07</ele>
        <time>2026-10-31T04:57:10.969Z</time>
      </trkpt>
      <trkpt lat="33.332789931446314" lon="126.60965792834759">
        <ele>489.08</ele>
        <time>2026-10-31T04:57:11.969Z</time>
      </trkpt>
      <trkpt lat="33.332793954759836" lon="126.6096539888531">
        <ele>489.09</ele>
        <time>2026-10-31T04:57:11.969Z</time>
      </trkpt>
      <trkpt lat="33.33279898390174" lon="126.60964996553957">
        <ele>489.1</ele>
        <time>2026-10-31T04:57:12.969Z</time>
      </trkpt>
      <trkpt lat="33.33280292339623" lon="126.60964594222605">
        <ele>489.11</ele>
        <time>2026-10-31T04:57:13.969Z</time>
      </trkpt>
      <trkpt lat="33.33280694670975" lon="126.60964099690318">
        <ele>489.13</ele>
        <time>2026-10-31T04:57:13.969Z</time>
      </trkpt>
      <trkpt lat="33.332811975851655" lon="126.60963697358966">
        <ele>489.14</ele>
        <time>2026-10-31T04:57:14.969Z</time>
      </trkpt>
      <trkpt lat="33.33281599916518" lon="126.60963295027614">
        <ele>489.15</ele>
        <time>2026-10-31T04:57:14.969Z</time>
      </trkpt>
      <trkpt lat="33.33282094448805" lon="126.60962892696261">
        <ele>489.16</ele>
        <time>2026-10-31T04:57:15.969Z</time>
      </trkpt>
      <trkpt lat="33.33282496780157" lon="126.60962498746812">
        <ele>489.18</ele>
        <time>2026-10-31T04:57:16.969Z</time>
      </trkpt>
      <trkpt lat="33.33282899111509" lon="126.60961995832622">
        <ele>489.19</ele>
        <time>2026-10-31T04:57:16.969Z</time>
      </trkpt>
      <trkpt lat="33.332833936437964" lon="126.6096159350127">
        <ele>489.21</ele>
        <time>2026-10-31T04:57:17.969Z</time>
      </trkpt>
      <trkpt lat="33.33283795975149" lon="126.60961199551821">
        <ele>489.22</ele>
        <time>2026-10-31T04:57:18.969Z</time>
      </trkpt>
      <trkpt lat="33.33284298889339" lon="126.60960797220469">
        <ele>489.24</ele>
        <time>2026-10-31T04:57:18.969Z</time>
      </trkpt>
      <trkpt lat="33.33284692838788" lon="126.60960394889116">
        <ele>489.26</ele>
        <time>2026-10-31T04:57:19.969Z</time>
      </trkpt>
      <trkpt lat="33.3328509517014" lon="126.60959891974926">
        <ele>489.28</ele>
        <time>2026-10-31T04:57:19.969Z</time>
      </trkpt>
      <trkpt lat="33.332855980843306" lon="126.60959498025477">
        <ele>489.3</ele>
        <time>2026-10-31T04:57:20.969Z</time>
      </trkpt>
      <trkpt lat="33.332859920337796" lon="126.60959095694125">
        <ele>489.32</ele>
        <time>2026-10-31T04:57:21.969Z</time>
      </trkpt>
      <trkpt lat="33.3328649494797" lon="126.60958693362772">
        <ele>489.35</ele>
        <time>2026-10-31T04:57:21.969Z</time>
      </trkpt>
      <trkpt lat="33.33286897279322" lon="126.60958299413323">
        <ele>489.37</ele>
        <time>2026-10-31T04:57:22.969Z</time>
      </trkpt>
      <trkpt lat="33.332872996106744" lon="126.60957897081971">
        <ele>489.39</ele>
        <time>2026-10-31T04:57:23.969Z</time>
      </trkpt>
      <trkpt lat="33.332877941429615" lon="126.60957394167781">
        <ele>489.42</ele>
        <time>2026-10-31T04:57:23.969Z</time>
      </trkpt>
      <trkpt lat="33.33288196474314" lon="126.60956991836429">
        <ele>489.45</ele>
        <time>2026-10-31T04:57:24.969Z</time>
      </trkpt>
      <trkpt lat="33.33288699388504" lon="126.6095659788698">
        <ele>489.48</ele>
        <time>2026-10-31T04:57:24.969Z</time>
      </trkpt>
      <trkpt lat="33.33289093337953" lon="126.60956195555627">
        <ele>489.51</ele>
        <time>2026-10-31T04:57:25.969Z</time>
      </trkpt>
      <trkpt lat="33.33289495669305" lon="126.60955793224275">
        <ele>489.54</ele>
        <time>2026-10-31T04:57:26.969Z</time>
      </trkpt>
      <trkpt lat="33.332899985834956" lon="126.60955298691988">
        <ele>489.58</ele>
        <time>2026-10-31T04:57:26.969Z</time>
      </trkpt>
      <trkpt lat="33.33290392532945" lon="126.60954896360636">
        <ele>489.61</ele>
        <time>2026-10-31T04:57:27.969Z</time>
      </trkpt>
      <trkpt lat="33.33290794864297" lon="126.60954494029284">
        <ele>489.65</ele>
        <time>2026-10-31T04:57:28.969Z</time>
      </trkpt>
      <trkpt lat="33.33291297778487" lon="126.60954091697931">
        <ele>489.69</ele>
        <time>2026-10-31T04:57:28.969Z</time>
      </trkpt>
      <trkpt lat="33.33291691727936" lon="126.60953697748482">
        <ele>489.74</ele>
        <time>2026-10-31T04:57:29.969Z</time>
      </trkpt>
      <trkpt lat="33.332921946421266" lon="126.60953194834292">
        <ele>489.79</ele>
        <time>2026-10-31T04:57:29.969Z</time>
      </trkpt>
      <trkpt lat="33.33292596973479" lon="126.6095279250294">
        <ele>489.85</ele>
        <time>2026-10-31T04:57:30.969Z</time>
      </trkpt>
      <trkpt lat="33.33292999304831" lon="126.6095239855349">
        <ele>489.9</ele>
        <time>2026-10-31T04:57:31.969Z</time>
      </trkpt>
      <trkpt lat="33.33293493837118" lon="126.60951996222138">
        <ele>489.97</ele>
        <time>2026-10-31T04:57:31.969Z</time>
      </trkpt>
      <trkpt lat="33.332938961684704" lon="126.60951593890786">
        <ele>490.04</ele>
        <time>2026-10-31T04:57:32.969Z</time>
      </trkpt>
      <trkpt lat="33.33294399082661" lon="126.60951099358499">
        <ele>490.11</ele>
        <time>2026-10-31T04:57:33.969Z</time>
      </trkpt>
      <trkpt lat="33.3329479303211" lon="126.60950697027147">
        <ele>490.19</ele>
        <time>2026-10-31T04:57:33.969Z</time>
      </trkpt>
      <trkpt lat="33.33295195363462" lon="126.60950294695795">
        <ele>490.28</ele>
        <time>2026-10-31T04:57:34.969Z</time>
      </trkpt>
      <trkpt lat="33.33295698277652" lon="126.60949892364442">
        <ele>490.38</ele>
        <time>2026-10-31T04:57:34.969Z</time>
      </trkpt>
      <trkpt lat="33.33296092227101" lon="126.60949498414993">
        <ele>490.49</ele>
        <time>2026-10-31T04:57:35.969Z</time>
      </trkpt>
      <trkpt lat="33.332965951412916" lon="126.60948995500803">
        <ele>490.6</ele>
        <time>2026-10-31T04:57:36.969Z</time>
      </trkpt>
      <trkpt lat="33.33296997472644" lon="126.60948593169451">
        <ele>490.72</ele>
        <time>2026-10-31T04:57:36.969Z</time>
      </trkpt>
      <trkpt lat="33.33297399803996" lon="126.60948199220002">
        <ele>490.85</ele>
        <time>2026-10-31T04:57:37.969Z</time>
      </trkpt>
      <trkpt lat="33.33297894336283" lon="126.6094779688865">
        <ele>490.99</ele>
        <time>2026-10-31T04:57:38.969Z</time>
      </trkpt>
      <trkpt lat="33.332982966676354" lon="126.60947394557297">
        <ele>491.13</ele>
        <time>2026-10-31T04:57:38.969Z</time>
      </trkpt>
      <trkpt lat="33.33298799581826" lon="126.60946891643107">
        <ele>491.28</ele>
        <time>2026-10-31T04:57:39.969Z</time>
      </trkpt>
      <trkpt lat="33.33299193531275" lon="126.60946497693658">
        <ele>491.44</ele>
        <time>2026-10-31T04:57:39.969Z</time>
      </trkpt>
      <trkpt lat="33.33299595862627" lon="126.60946095362306">
        <ele>491.61</ele>
        <time>2026-10-31T04:57:40.969Z</time>
      </trkpt>
      <trkpt lat="33.33300098776817" lon="126.60945693030953">
        <ele>491.77</ele>
        <time>2026-10-31T04:57:41.969Z</time>
      </trkpt>
      <trkpt lat="33.333004927262664" lon="126.60945299081504">
        <ele>491.94</ele>
        <time>2026-10-31T04:57:41.969Z</time>
      </trkpt>
      <trkpt lat="33.33300995640457" lon="126.60944896750152">
        <ele>492.11</ele>
        <time>2026-10-31T04:57:42.969Z</time>
      </trkpt>
      <trkpt lat="33.33310299552977" lon="126.60940194502473">
        <ele>492.39</ele>
        <time>2026-10-31T04:57:43.969Z</time>
      </trkpt>
      <trkpt lat="33.33310098387301" lon="126.60937897861004">
        <ele>492.54</ele>
        <time>2026-10-31T04:57:43.969Z</time>
      </trkpt>
      <trkpt lat="33.33310592919588" lon="126.60937394946814">
        <ele>492.7</ele>
        <time>2026-10-31T04:57:44.969Z</time>
      </trkpt>
      <trkpt lat="33.33310794085264" lon="126.60937394946814">
        <ele>492.84</ele>
        <time>2026-10-31T04:57:45.969Z</time>
      </trkpt>
      <trkpt lat="33.33310391753912" lon="126.60937495529652">
        <ele>492.95</ele>
        <time>2026-10-31T04:57:45.969Z</time>
      </trkpt>
      <trkpt lat="33.3331049233675" lon="126.60937294363976">
        <ele>493.06</ele>
        <time>2026-10-31T04:57:46.969Z</time>
      </trkpt>
      <trkpt lat="33.333110958337784" lon="126.60933899693191">
        <ele>493.17</ele>
        <time>2026-10-31T04:57:46.969Z</time>
      </trkpt>
      <trkpt lat="33.33309696055949" lon="126.60934394225478">
        <ele>493.23</ele>
        <time>2026-10-31T04:57:47.969Z</time>
      </trkpt>
      <trkpt lat="33.3331049233675" lon="126.6093529947102">
        <ele>493.3</ele>
        <time>2026-10-31T04:57:48.969Z</time>
      </trkpt>
      <trkpt lat="33.33310693502426" lon="126.60934897139668">
        <ele>493.35</ele>
        <time>2026-10-31T04:57:48.969Z</time>
      </trkpt>
      <trkpt lat="33.33310592919588" lon="126.60934695973992">
        <ele>493.37</ele>
        <time>2026-10-31T04:57:49.969Z</time>
      </trkpt>
      <trkpt lat="33.33310693502426" lon="126.60934595391154">
        <ele>493.38</ele>
        <time>2026-10-31T04:57:50.969Z</time>
      </trkpt>
      <trkpt lat="33.33310794085264" lon="126.60934595391154">
        <ele>493.37</ele>
        <time>2026-10-31T04:57:50.969Z</time>
      </trkpt>
      <trkpt lat="33.3331049233675" lon="126.60934897139668">
        <ele>493.34</ele>
        <time>2026-10-31T04:57:51.969Z</time>
      </trkpt>
      <trkpt lat="33.33310592919588" lon="126.60934897139668">
        <ele>493.3</ele>
        <time>2026-10-31T04:57:52.969Z</time>
      </trkpt>
      <trkpt lat="33.33310098387301" lon="126.60934997722507">
        <ele>493.23</ele>
        <time>2026-10-31T04:57:52.969Z</time>
      </trkpt>
      <trkpt lat="33.33309796638787" lon="126.60934897139668">
        <ele>493.15</ele>
        <time>2026-10-31T04:57:53.969Z</time>
      </trkpt>
      <trkpt lat="33.333090925589204" lon="126.60934695973992">
        <ele>493.06</ele>
        <time>2026-10-31T04:57:53.969Z</time>
      </trkpt>
      <trkpt lat="33.33308296278119" lon="126.60934595391154">
        <ele>492.94</ele>
        <time>2026-10-31T04:57:54.969Z</time>
      </trkpt>
      <trkpt lat="33.33308296278119" lon="126.60935098305345">
        <ele>492.83</ele>
        <time>2026-10-31T04:57:55.969Z</time>
      </trkpt>
      <trkpt lat="33.333068965002894" lon="126.60935492254794">
        <ele>492.69</ele>
        <time>2026-10-31T04:57:55.969Z</time>
      </trkpt>
      <trkpt lat="33.33305396139622" lon="126.60935492254794">
        <ele>492.54</ele>
        <time>2026-10-31T04:57:56.969Z</time>
      </trkpt>
      <trkpt lat="33.333047926425934" lon="126.6093569342047">
        <ele>492.39</ele>
        <time>2026-10-31T04:57:57.969Z</time>
      </trkpt>
      <trkpt lat="33.333044992759824" lon="126.60935794003308">
        <ele>492.25</ele>
        <time>2026-10-31T04:57:57.969Z</time>
      </trkpt>
      <trkpt lat="33.3330359403044" lon="126.60934595391154">
        <ele>492.09</ele>
        <time>2026-10-31T04:57:58.969Z</time>
      </trkpt>
      <trkpt lat="33.33302395418286" lon="126.60933195613325">
        <ele>491.94</ele>
        <time>2026-10-31T04:57:59.969Z</time>
      </trkpt>
      <trkpt lat="33.333008950576186" lon="126.60931997001171">
        <ele>491.78</ele>
        <time>2026-10-31T04:57:59.969Z</time>
      </trkpt>
      <trkpt lat="33.33299696445465" lon="126.60930898971856">
        <ele>491.63</ele>
        <time>2026-10-31T04:58:00.969Z</time>
      </trkpt>
      <trkpt lat="33.33298992365599" lon="126.60930396057665">
        <ele>491.49</ele>
        <time>2026-10-31T04:58:00.969Z</time>
      </trkpt>
      <trkpt lat="33.33297592587769" lon="126.60927797667682">
        <ele>491.35</ele>
        <time>2026-10-31T04:58:01.969Z</time>
      </trkpt>
      <trkpt lat="33.332964945584536" lon="126.60925894975662">
        <ele>491.22</ele>
        <time>2026-10-31T04:58:02.969Z</time>
      </trkpt>
      <trkpt lat="33.332942984998226" lon="126.60922198556364">
        <ele>491.09</ele>
        <time>2026-10-31T04:58:02.969Z</time>
      </trkpt>
      <trkpt lat="33.33292496390641" lon="126.6091999411583">
        <ele>490.97</ele>
        <time>2026-10-31T04:58:03.969Z</time>
      </trkpt>
      <trkpt lat="33.33290694281459" lon="126.60917596891522">
        <ele>490.87</ele>
        <time>2026-10-31T04:58:04.969Z</time>
      </trkpt>
      <trkpt lat="33.33288892172277" lon="126.6091529186815">
        <ele>490.78</ele>
        <time>2026-10-31T04:58:04.969Z</time>
      </trkpt>
      <trkpt lat="33.332875929772854" lon="126.6091169603169">
        <ele>490.7</ele>
        <time>2026-10-31T04:58:05.969Z</time>
      </trkpt>
      <trkpt lat="33.332856986671686" lon="126.60909692756832">
        <ele>490.63</ele>
        <time>2026-10-31T04:58:06.969Z</time>
      </trkpt>
      <trkpt lat="33.33284298889339" lon="126.60906599834561">
        <ele>490.58</ele>
        <time>2026-10-31T04:58:06.969Z</time>
      </trkpt>
      <trkpt lat="33.33282396197319" lon="126.60903892479837">
        <ele>490.53</ele>
        <time>2026-10-31T04:58:07.969Z</time>
      </trkpt>
      <trkpt lat="33.332809964194894" lon="126.6090149525553">
        <ele>490.49</ele>
        <time>2026-10-31T04:58:08.969Z</time>
      </trkpt>
      <trkpt lat="33.33278791978955" lon="126.6089869569987">
        <ele>490.46</ele>
        <time>2026-10-31T04:58:08.969Z</time>
      </trkpt>
      <trkpt lat="33.33278096280992" lon="126.60896298475564">
        <ele>490.45</ele>
        <time>2026-10-31T04:58:09.969Z</time>
      </trkpt>
      <trkpt lat="33.33276193588972" lon="126.60893096588552">
        <ele>490.43</ele>
        <time>2026-10-31T04:58:09.969Z</time>
      </trkpt>
      <trkpt lat="33.332749949768186" lon="126.60890598781407">
        <ele>490.43</ele>
        <time>2026-10-31T04:58:10.969Z</time>
      </trkpt>
      <trkpt lat="33.33273192867637" lon="126.60886592231691">
        <ele>490.44</ele>
        <time>2026-10-31T04:58:11.969Z</time>
      </trkpt>
      <trkpt lat="33.33271591924131" lon="126.6088439617306">
        <ele>490.45</ele>
        <time>2026-10-31T04:58:11.969Z</time>
      </trkpt>
      <trkpt lat="33.3326989877969" lon="126.60880892537534">
        <ele>490.46</ele>
        <time>2026-10-31T04:58:12.969Z</time>
      </trkpt>
      <trkpt lat="33.33267794921994" lon="126.60878193564713">
        <ele>490.47</ele>
        <time>2026-10-31T04:58:13.969Z</time>
      </trkpt>
      <trkpt lat="33.332662945613265" lon="126.60874497145414">
        <ele>490.49</ele>
        <time>2026-10-31T04:58:13.969Z</time>
      </trkpt>
      <trkpt lat="33.332641990855336" lon="126.60871295258403">
        <ele>490.49</ele>
        <time>2026-10-31T04:58:14.969Z</time>
      </trkpt>
      <trkpt lat="33.33262698724866" lon="126.6086869686842">
        <ele>490.5</ele>
        <time>2026-10-31T04:58:15.969Z</time>
      </trkpt>
      <trkpt lat="33.33260695450008" lon="126.60865796729922">
        <ele>490.5</ele>
        <time>2026-10-31T04:58:15.969Z</time>
      </trkpt>
      <trkpt lat="33.332594968378544" lon="126.60862997174263">
        <ele>490.5</ele>
        <time>2026-10-31T04:58:16.969Z</time>
      </trkpt>
      <trkpt lat="33.33257392980158" lon="126.60859493538737">
        <ele>490.48</ele>
        <time>2026-10-31T04:58:17.969Z</time>
      </trkpt>
      <trkpt lat="33.33256294950843" lon="126.60857196897268">
        <ele>490.46</ele>
        <time>2026-10-31T04:58:17.969Z</time>
      </trkpt>
      <trkpt lat="33.33254392258823" lon="126.60853592678905">
        <ele>490.43</ele>
        <time>2026-10-31T04:58:18.969Z</time>
      </trkpt>
      <trkpt lat="33.3325279969722" lon="126.60851396620274">
        <ele>490.39</ele>
        <time>2026-10-31T04:58:19.969Z</time>
      </trkpt>
      <trkpt lat="33.332512993365526" lon="126.60847892984748">
        <ele>490.34</ele>
        <time>2026-10-31T04:58:19.969Z</time>
      </trkpt>
      <trkpt lat="33.33249497227371" lon="126.60845696926117">
        <ele>490.27</ele>
        <time>2026-10-31T04:58:20.969Z</time>
      </trkpt>
      <trkpt lat="33.33248097449541" lon="126.6084279678762">
        <ele>490.2</ele>
        <time>2026-10-31T04:58:21.969Z</time>
      </trkpt>
      <trkpt lat="33.33246194757521" lon="126.6083949431777">
        <ele>490.11</ele>
        <time>2026-10-31T04:58:21.969Z</time>
      </trkpt>
      <trkpt lat="33.3324539847672" lon="126.6083669476211">
        <ele>490.02</ele>
        <time>2026-10-31T04:58:22.969Z</time>
      </trkpt>
      <trkpt lat="33.33243395201862" lon="126.60832897759974">
        <ele>489.91</ele>
        <time>2026-10-31T04:58:23.969Z</time>
      </trkpt>
      <trkpt lat="33.33241894841194" lon="126.60830098204315">
        <ele>489.78</ele>
        <time>2026-10-31T04:58:23.969Z</time>
      </trkpt>
      <trkpt lat="33.33240092732012" lon="126.60826192237437">
        <ele>489.64</ele>
        <time>2026-10-31T04:58:24.969Z</time>
      </trkpt>
      <trkpt lat="33.33238793537021" lon="126.60823593847454">
        <ele>489.5</ele>
        <time>2026-10-31T04:58:25.969Z</time>
      </trkpt>
      <trkpt lat="33.33237393759191" lon="126.60820299759507">
        <ele>489.34</ele>
        <time>2026-10-31T04:58:25.969Z</time>
      </trkpt>
      <trkpt lat="33.33235097117722" lon="126.60817592404783">
        <ele>489.16</ele>
        <time>2026-10-31T04:58:26.969Z</time>
      </trkpt>
      <trkpt lat="33.332336973398924" lon="126.60815295763314">
        <ele>488.98</ele>
        <time>2026-10-31T04:58:27.969Z</time>
      </trkpt>
      <trkpt lat="33.33231098949909" lon="126.6081219445914">
        <ele>488.78</ele>
        <time>2026-10-31T04:58:28.969Z</time>
      </trkpt>
      <trkpt lat="33.332296991720796" lon="126.60810098983347">
        <ele>488.59</ele>
        <time>2026-10-31T04:58:28.969Z</time>
      </trkpt>
      <trkpt lat="33.33227293565869" lon="126.60806796513498">
        <ele>488.39</ele>
        <time>2026-10-31T04:58:29.969Z</time>
      </trkpt>
      <trkpt lat="33.332251980900764" lon="126.60805195569992">
        <ele>488.18</ele>
        <time>2026-10-31T04:58:30.969Z</time>
      </trkpt>
      <trkpt lat="33.33222893066704" lon="126.60801792517304">
        <ele>487.97</ele>
        <time>2026-10-31T04:58:30.969Z</time>
      </trkpt>
      <trkpt lat="33.332207975909114" lon="126.60799697041512">
        <ele>487.75</ele>
        <time>2026-10-31T04:58:31.969Z</time>
      </trkpt>
      <trkpt lat="33.33218299783766" lon="126.60796696320176">
        <ele>487.54</ele>
        <time>2026-10-31T04:58:32.969Z</time>
      </trkpt>
      <trkpt lat="33.33215491846204" lon="126.60794097930193">
        <ele>487.34</ele>
        <time>2026-10-31T04:58:32.969Z</time>
      </trkpt>
      <trkpt lat="33.33213195204735" lon="126.60792698152363">
        <ele>487.14</ele>
        <time>2026-10-31T04:58:33.969Z</time>
      </trkpt>
      <trkpt lat="33.33209892734885" lon="126.60790896043181">
        <ele>486.95</ele>
        <time>2026-10-31T04:58:34.969Z</time>
      </trkpt>
      <trkpt lat="33.332079984247684" lon="126.60789395682514">
        <ele>486.76</ele>
        <time>2026-10-31T04:58:34.969Z</time>
      </trkpt>
      <trkpt lat="33.332041930407286" lon="126.6078769415617">
        <ele>486.58</ele>
        <time>2026-10-31T04:58:35.969Z</time>
      </trkpt>
      <trkpt lat="33.332018963992596" lon="126.60786998458207">
        <ele>486.41</ele>
        <time>2026-10-31T04:58:36.969Z</time>
      </trkpt>
      <trkpt lat="33.3319859392941" lon="126.60784592851996">
        <ele>486.26</ele>
        <time>2026-10-31T04:58:36.969Z</time>
      </trkpt>
      <trkpt lat="33.33196992985904" lon="126.60783897154033">
        <ele>486.11</ele>
        <time>2026-10-31T04:58:37.969Z</time>
      </trkpt>
      <trkpt lat="33.33193992264569" lon="126.60781793296337">
        <ele>485.98</ele>
        <time>2026-10-31T04:58:38.969Z</time>
      </trkpt>
      <trkpt lat="33.33192894235253" lon="126.6078129876405">
        <ele>485.87</ele>
        <time>2026-10-31T04:58:39.969Z</time>
      </trkpt>
      <trkpt lat="33.33192097954452" lon="126.60780896432698">
        <ele>485.78</ele>
        <time>2026-10-31T04:58:39.969Z</time>
      </trkpt>
      <trkpt lat="33.331911927089095" lon="126.6078029293567">
        <ele>485.7</ele>
        <time>2026-10-31T04:58:40.969Z</time>
      </trkpt>
      <trkpt lat="33.33189893513918" lon="126.60779597237706">
        <ele>485.63</ele>
        <time>2026-10-31T04:58:41.969Z</time>
      </trkpt>
      <trkpt lat="33.331888960674405" lon="126.60779597237706">
        <ele>485.58</ele>
        <time>2026-10-31T04:58:41.969Z</time>
      </trkpt>
      <trkpt lat="33.33187999203801" lon="126.60779496654868">
        <ele>485.55</ele>
        <time>2026-10-31T04:58:42.969Z</time>
      </trkpt>
      <trkpt lat="33.33185099065304" lon="126.60778792575002">
        <ele>485.53</ele>
        <time>2026-10-31T04:58:43.969Z</time>
      </trkpt>
      <trkpt lat="33.3318289462477" lon="126.60778096877038">
        <ele>485.53</ele>
        <time>2026-10-31T04:58:43.969Z</time>
      </trkpt>
      <trkpt lat="33.33179994486272" lon="126.60774894990027">
        <ele>485.55</ele>
        <time>2026-10-31T04:58:44.969Z</time>
      </trkpt>
      <trkpt lat="33.331782929599285" lon="126.60772095434368">
        <ele>485.6</ele>
        <time>2026-10-31T04:58:45.969Z</time>
      </trkpt>
      <trkpt lat="33.331777984276414" lon="126.60768591798842">
        <ele>485.67</ele>
        <time>2026-10-31T04:58:46.969Z</time>
      </trkpt>
      <trkpt lat="33.33176792599261" lon="126.60764995962381">
        <ele>485.75</ele>
        <time>2026-10-31T04:58:46.969Z</time>
      </trkpt>
      <trkpt lat="33.33176398649812" lon="126.60761894658208">
        <ele>485.84</ele>
        <time>2026-10-31T04:58:47.969Z</time>
      </trkpt>
      <trkpt lat="33.33175191655755" lon="126.60758592188358">
        <ele>485.94</ele>
        <time>2026-10-31T04:58:48.969Z</time>
      </trkpt>
      <trkpt lat="33.33174294792116" lon="126.60755993798375">
        <ele>486.06</ele>
        <time>2026-10-31T04:58:48.969Z</time>
      </trkpt>
      <trkpt lat="33.33173297345638" lon="126.60752498544753">
        <ele>486.19</ele>
        <time>2026-10-31T04:58:49.969Z</time>
      </trkpt>
      <trkpt lat="33.33172392100096" lon="126.60749698989093">
        <ele>486.34</ele>
        <time>2026-10-31T04:58:50.969Z</time>
      </trkpt>
      <trkpt lat="33.331716964021325" lon="126.60746396519244">
        <ele>486.49</ele>
        <time>2026-10-31T04:58:50.969Z</time>
      </trkpt>
      <trkpt lat="33.33170497789979" lon="126.60743395797908">
        <ele>486.66</ele>
        <time>2026-10-31T04:58:51.969Z</time>
      </trkpt>
      <trkpt lat="33.331697937101126" lon="126.60740897990763">
        <ele>486.83</ele>
        <time>2026-10-31T04:58:52.969Z</time>
      </trkpt>
      <trkpt lat="33.33168595097959" lon="126.60738098435104">
        <ele>487</ele>
        <time>2026-10-31T04:58:53.969Z</time>
      </trkpt>
      <trkpt lat="33.33168092183769" lon="126.60735793411732">
        <ele>487.17</ele>
        <time>2026-10-31T04:58:53.969Z</time>
      </trkpt>
      <trkpt lat="33.331674970686436" lon="126.60732398740947">
        <ele>487.35</ele>
        <time>2026-10-31T04:58:54.969Z</time>
      </trkpt>
      <trkpt lat="33.331671953201294" lon="126.60730194300413">
        <ele>487.53</ele>
        <time>2026-10-31T04:58:55.969Z</time>
      </trkpt>
      <trkpt lat="33.33166399039328" lon="126.6072809882462">
        <ele>487.71</ele>
        <time>2026-10-31T04:58:55.969Z</time>
      </trkpt>
      <trkpt lat="33.331657955423" lon="126.60727193579078">
        <ele>487.88</ele>
        <time>2026-10-31T04:58:56.969Z</time>
      </trkpt>
      <trkpt lat="33.331648986786604" lon="126.60724896937609">
        <ele>488.05</ele>
        <time>2026-10-31T04:58:57.969Z</time>
      </trkpt>
      <trkpt lat="33.3316439576447" lon="126.60722893662751">
        <ele>488.22</ele>
        <time>2026-10-31T04:58:58.969Z</time>
      </trkpt>
      <trkpt lat="33.3316389285028" lon="126.60721594467759">
        <ele>488.38</ele>
        <time>2026-10-31T04:58:58.969Z</time>
      </trkpt>
      <trkpt lat="33.33163498900831" lon="126.60721292719245">
        <ele>488.53</ele>
        <time>2026-10-31T04:58:59.969Z</time>
      </trkpt>
      <trkpt lat="33.33162593655288" lon="126.60720094107091">
        <ele>488.69</ele>
        <time>2026-10-31T04:59:00.969Z</time>
      </trkpt>
      <trkpt lat="33.33161897957325" lon="126.60718895494938">
        <ele>488.84</ele>
        <time>2026-10-31T04:59:01.969Z</time>
      </trkpt>
      <trkpt lat="33.33161395043135" lon="126.60718099214137">
        <ele>488.98</ele>
        <time>2026-10-31T04:59:01.969Z</time>
      </trkpt>
      <trkpt lat="33.33160297013819" lon="126.6071689222008">
        <ele>489.11</ele>
        <time>2026-10-31T04:59:02.969Z</time>
      </trkpt>
      <trkpt lat="33.33159198984504" lon="126.60716196522117">
        <ele>489.24</ele>
        <time>2026-10-31T04:59:03.969Z</time>
      </trkpt>
      <trkpt lat="33.33158394321799" lon="126.60715299658477">
        <ele>489.36</ele>
        <time>2026-10-31T04:59:03.969Z</time>
      </trkpt>
      <trkpt lat="33.33157991990447" lon="126.60714595578611">
        <ele>489.47</ele>
        <time>2026-10-31T04:59:04.969Z</time>
      </trkpt>
      <trkpt lat="33.33157598040998" lon="126.60713899880648">
        <ele>489.57</ele>
        <time>2026-10-31T04:59:05.969Z</time>
      </trkpt>
      <trkpt lat="33.33156491629779" lon="126.60712692886591">
        <ele>489.67</ele>
        <time>2026-10-31T04:59:06.969Z</time>
      </trkpt>
      <trkpt lat="33.33155494183302" lon="126.60711796022952">
        <ele>489.75</ele>
        <time>2026-10-31T04:59:06.969Z</time>
      </trkpt>
      <trkpt lat="33.331542955711484" lon="126.60710798576474">
        <ele>489.83</ele>
        <time>2026-10-31T04:59:07.969Z</time>
      </trkpt>
      <trkpt lat="33.33153298124671" lon="126.60710396245122">
        <ele>489.9</ele>
        <time>2026-10-31T04:59:08.969Z</time>
      </trkpt>
      <trkpt lat="33.331524934619665" lon="126.60710295662284">
        <ele>489.96</ele>
        <time>2026-10-31T04:59:08.969Z</time>
      </trkpt>
      <trkpt lat="33.33151797764003" lon="126.60710094496608">
        <ele>490</ele>
        <time>2026-10-31T04:59:09.969Z</time>
      </trkpt>
      <trkpt lat="33.33151093684137" lon="126.60710094496608">
        <ele>490.04</ele>
        <time>2026-10-31T04:59:10.969Z</time>
      </trkpt>
      <trkpt lat="33.331503979861736" lon="126.60709893330932">
        <ele>490.07</ele>
        <time>2026-10-31T04:59:11.969Z</time>
      </trkpt>
      <trkpt lat="33.33149693906307" lon="126.60709692165256">
        <ele>490.1</ele>
        <time>2026-10-31T04:59:11.969Z</time>
      </trkpt>
      <trkpt lat="33.33149392157793" lon="126.60709792748094">
        <ele>490.12</ele>
        <time>2026-10-31T04:59:12.969Z</time>
      </trkpt>
      <trkpt lat="33.33148495294154" lon="126.60709692165256">
        <ele>490.14</ele>
        <time>2026-10-31T04:59:13.969Z</time>
      </trkpt>
      <trkpt lat="33.331477995961905" lon="126.60709692165256">
        <ele>490.15</ele>
        <time>2026-10-31T04:59:13.969Z</time>
      </trkpt>
      <trkpt lat="33.33147095516324" lon="126.6070959996432">
        <ele>490.16</ele>
        <time>2026-10-31T04:59:14.969Z</time>
      </trkpt>
      <trkpt lat="33.3314679376781" lon="126.6070959996432">
        <ele>490.16</ele>
        <time>2026-10-31T04:59:15.969Z</time>
      </trkpt>
      <trkpt lat="33.33146693184972" lon="126.60709893330932">
        <ele>490.16</ele>
        <time>2026-10-31T04:59:16.969Z</time>
      </trkpt>
      <trkpt lat="33.33147296682" lon="126.60710094496608">
        <ele>490.17</ele>
        <time>2026-10-31T04:59:16.969Z</time>
      </trkpt>
      <trkpt lat="33.33147296682" lon="126.60710798576474">
        <ele>490.17</ele>
        <time>2026-10-31T04:59:17.969Z</time>
      </trkpt>
      <trkpt lat="33.3314679376781" lon="126.60710798576474">
        <ele>490.18</ele>
        <time>2026-10-31T04:59:18.969Z</time>
      </trkpt>
      <trkpt lat="33.331459974870086" lon="126.60710697993636">
        <ele>490.19</ele>
        <time>2026-10-31T04:59:19.969Z</time>
      </trkpt>
      <trkpt lat="33.33144899457693" lon="126.6071049682796">
        <ele>490.22</ele>
        <time>2026-10-31T04:59:19.969Z</time>
      </trkpt>
      <trkpt lat="33.331437930464745" lon="126.60710697993636">
        <ele>490.24</ele>
        <time>2026-10-31T04:59:20.969Z</time>
      </trkpt>
      <trkpt lat="33.33143097348511" lon="126.6070999391377">
        <ele>490.28</ele>
        <time>2026-10-31T04:59:21.969Z</time>
      </trkpt>
      <trkpt lat="33.33142795599997" lon="126.60709893330932">
        <ele>490.32</ele>
        <time>2026-10-31T04:59:21.969Z</time>
      </trkpt>
      <trkpt lat="33.33142192102969" lon="126.60710094496608">
        <ele>490.37</ele>
        <time>2026-10-31T04:59:22.969Z</time>
      </trkpt>
      <trkpt lat="33.331417981535196" lon="126.60709298215806">
        <ele>490.43</ele>
        <time>2026-10-31T04:59:23.969Z</time>
      </trkpt>
      <trkpt lat="33.33140892907977" lon="126.6070859413594">
        <ele>490.5</ele>
        <time>2026-10-31T04:59:24.969Z</time>
      </trkpt>
      <trkpt lat="33.33139996044338" lon="126.60707999020815">
        <ele>490.57</ele>
        <time>2026-10-31T04:59:24.969Z</time>
      </trkpt>
      <trkpt lat="33.331397948786616" lon="126.60707294940948">
        <ele>490.66</ele>
        <time>2026-10-31T04:59:25.969Z</time>
      </trkpt>
      <trkpt lat="33.331395937129855" lon="126.60705794580281">
        <ele>490.76</ele>
        <time>2026-10-31T04:59:26.969Z</time>
      </trkpt>
      <trkpt lat="33.331393925473094" lon="126.60704797133803">
        <ele>490.85</ele>
        <time>2026-10-31T04:59:27.969Z</time>
      </trkpt>
      <trkpt lat="33.331393925473094" lon="126.60703799687326">
        <ele>490.96</ele>
        <time>2026-10-31T04:59:27.969Z</time>
      </trkpt>
      <trkpt lat="33.331395937129855" lon="126.60702592693269">
        <ele>491.07</ele>
        <time>2026-10-31T04:59:28.969Z</time>
      </trkpt>
      <trkpt lat="33.331398954615" lon="126.60701394081116">
        <ele>491.18</ele>
        <time>2026-10-31T04:59:29.969Z</time>
      </trkpt>
      <trkpt lat="33.33140197210014" lon="126.60699994303286">
        <ele>491.3</ele>
        <time>2026-10-31T04:59:29.969Z</time>
      </trkpt>
      <trkpt lat="33.331394931301475" lon="126.60699097439647">
        <ele>491.41</ele>
        <time>2026-10-31T04:59:30.969Z</time>
      </trkpt>
      <trkpt lat="33.33138395100832" lon="126.60698594525456">
        <ele>491.54</ele>
        <time>2026-10-31T04:59:31.969Z</time>
      </trkpt>
      <trkpt lat="33.33137598820031" lon="126.60697597078979">
        <ele>491.66</ele>
        <time>2026-10-31T04:59:32.969Z</time>
      </trkpt>
      <trkpt lat="33.331374982371926" lon="126.60696892999113">
        <ele>491.78</ele>
        <time>2026-10-31T04:59:32.969Z</time>
      </trkpt>
      <trkpt lat="33.331371964886785" lon="126.60695694386959">
        <ele>491.9</ele>
        <time>2026-10-31T04:59:33.969Z</time>
      </trkpt>
      <trkpt lat="33.33136492408812" lon="126.60693699494004">
        <ele>492.02</ele>
        <time>2026-10-31T04:59:34.969Z</time>
      </trkpt>
      <trkpt lat="33.33135897293687" lon="126.60692199133337">
        <ele>492.15</ele>
        <time>2026-10-31T04:59:35.969Z</time>
      </trkpt>
      <trkpt lat="33.331354949623346" lon="126.60690899938345">
        <ele>492.26</ele>
        <time>2026-10-31T04:59:35.969Z</time>
      </trkpt>
      <trkpt lat="33.331351932138205" lon="126.6068959236145">
        <ele>492.38</ele>
        <time>2026-10-31T04:59:36.969Z</time>
      </trkpt>
      <trkpt lat="33.331350926309824" lon="126.60688796080649">
        <ele>492.49</ele>
        <time>2026-10-31T04:59:37.969Z</time>
      </trkpt>
      <trkpt lat="33.33134992048144" lon="126.60688092000782">
        <ele>492.6</ele>
        <time>2026-10-31T04:59:38.969Z</time>
      </trkpt>
      <trkpt lat="33.331351932138205" lon="126.60687094554305">
        <ele>492.7</ele>
        <time>2026-10-31T04:59:38.969Z</time>
      </trkpt>
      <trkpt lat="33.33136391825974" lon="126.6068459674716">
        <ele>492.81</ele>
        <time>2026-10-31T04:59:39.969Z</time>
      </trkpt>
      <trkpt lat="33.33136492408812" lon="126.6068409383297">
        <ele>492.91</ele>
        <time>2026-10-31T04:59:40.969Z</time>
      </trkpt>
      <trkpt lat="33.33136894740164" lon="126.60682895220816">
        <ele>493.01</ele>
        <time>2026-10-31T04:59:40.969Z</time>
      </trkpt>
      <trkpt lat="33.331370959058404" lon="126.60681696608663">
        <ele>493.11</ele>
        <time>2026-10-31T04:59:41.969Z</time>
      </trkpt>
      <trkpt lat="33.33136995323002" lon="126.60680196247995">
        <ele>493.21</ele>
        <time>2026-10-31T04:59:42.969Z</time>
      </trkpt>
      <trkpt lat="33.3313659299165" lon="126.60679299384356">
        <ele>493.3</ele>
        <time>2026-10-31T04:59:43.969Z</time>
      </trkpt>
      <trkpt lat="33.33136391825974" lon="126.60678394138813">
        <ele>493.39</ele>
        <time>2026-10-31T04:59:43.969Z</time>
      </trkpt>
      <trkpt lat="33.33135997876525" lon="126.6067719552666">
        <ele>493.48</ele>
        <time>2026-10-31T04:59:44.969Z</time>
      </trkpt>
      <trkpt lat="33.331353943794966" lon="126.60675594583154">
        <ele>493.57</ele>
        <time>2026-10-31T04:59:45.969Z</time>
      </trkpt>
      <trkpt lat="33.33134598098695" lon="126.60673297941685">
        <ele>493.66</ele>
        <time>2026-10-31T04:59:46.969Z</time>
      </trkpt>
      <trkpt lat="33.33133894018829" lon="126.60671696998179">
        <ele>493.74</ele>
        <time>2026-10-31T04:59:46.969Z</time>
      </trkpt>
      <trkpt lat="33.331334916874766" lon="126.60670791752636">
        <ele>493.82</ele>
        <time>2026-10-31T04:59:47.969Z</time>
      </trkpt>
      <trkpt lat="33.33132393658161" lon="126.6066839452833">
        <ele>493.89</ele>
        <time>2026-10-31T04:59:48.969Z</time>
      </trkpt>
      <trkpt lat="33.33131295628846" lon="126.6066649183631">
        <ele>493.96</ele>
        <time>2026-10-31T04:59:49.969Z</time>
      </trkpt>
      <trkpt lat="33.331304993480444" lon="126.60664798691869">
        <ele>494.03</ele>
        <time>2026-10-31T04:59:49.969Z</time>
      </trkpt>
      <trkpt lat="33.33129795268178" lon="126.60663197748363">
        <ele>494.1</ele>
        <time>2026-10-31T04:59:50.969Z</time>
      </trkpt>
      <trkpt lat="33.33129292353988" lon="126.6066199913621">
        <ele>494.17</ele>
        <time>2026-10-31T04:59:51.969Z</time>
      </trkpt>
      <trkpt lat="33.331287978217006" lon="126.6066059935838">
        <ele>494.24</ele>
        <time>2026-10-31T04:59:52.969Z</time>
      </trkpt>
      <trkpt lat="33.33128395490348" lon="126.60659593529999">
        <ele>494.3</ele>
        <time>2026-10-31T04:59:52.969Z</time>
      </trkpt>
      <trkpt lat="33.3312829490751" lon="126.60658596083522">
        <ele>494.38</ele>
        <time>2026-10-31T04:59:53.969Z</time>
      </trkpt>
      <trkpt lat="33.33128395490348" lon="126.6065779980272">
        <ele>494.44</ele>
        <time>2026-10-31T04:59:54.969Z</time>
      </trkpt>
      <trkpt lat="33.331286972388625" lon="126.60656492225826">
        <ele>494.52</ele>
        <time>2026-10-31T04:59:55.969Z</time>
      </trkpt>
      <trkpt lat="33.331287978217006" lon="126.6065539419651">
        <ele>494.59</ele>
        <time>2026-10-31T04:59:55.969Z</time>
      </trkpt>
      <trkpt lat="33.331284960731864" lon="126.6065399441868">
        <ele>494.66</ele>
        <time>2026-10-31T04:59:56.969Z</time>
      </trkpt>
      <trkpt lat="33.331285966560245" lon="126.60652292892337">
        <ele>494.74</ele>
        <time>2026-10-31T04:59:57.969Z</time>
      </trkpt>
      <trkpt lat="33.331287978217006" lon="126.60650197416544">
        <ele>494.81</ele>
        <time>2026-10-31T04:59:57.969Z</time>
      </trkpt>
      <trkpt lat="33.331287978217006" lon="126.60648697055876">
        <ele>494.88</ele>
        <time>2026-10-31T04:59:58.969Z</time>
      </trkpt>
      <trkpt lat="33.331286972388625" lon="126.60647297278047">
        <ele>494.95</ele>
        <time>2026-10-31T04:59:59.969Z</time>
      </trkpt>
      <trkpt lat="33.331286972388625" lon="126.60645796917379">
        <ele>495.02</ele>
        <time>2026-10-31T05:00:00.969Z</time>
      </trkpt>
      <trkpt lat="33.331288984045386" lon="126.60644799470901">
        <ele>495.09</ele>
        <time>2026-10-31T05:00:00.969Z</time>
      </trkpt>
      <trkpt lat="33.33128998987377" lon="126.60643793642521">
        <ele>495.15</ele>
        <time>2026-10-31T05:00:01.969Z</time>
      </trkpt>
      <trkpt lat="33.33129099570215" lon="126.60642695613205">
        <ele>495.22</ele>
        <time>2026-10-31T05:00:02.969Z</time>
      </trkpt>
      <trkpt lat="33.33129099570215" lon="126.60641396418214">
        <ele>495.28</ele>
        <time>2026-10-31T05:00:03.969Z</time>
      </trkpt>
      <trkpt lat="33.331288984045386" lon="126.6063969489187">
        <ele>495.33</ele>
        <time>2026-10-31T05:00:03.969Z</time>
      </trkpt>
      <trkpt lat="33.331285966560245" lon="126.60637197084725">
        <ele>495.39</ele>
        <time>2026-10-31T05:00:04.969Z</time>
      </trkpt>
      <trkpt lat="33.33128395490348" lon="126.60634095780551">
        <ele>495.44</ele>
        <time>2026-10-31T05:00:05.969Z</time>
      </trkpt>
      <trkpt lat="33.3312779199332" lon="126.6063139680773">
        <ele>495.5</ele>
        <time>2026-10-31T05:00:06.969Z</time>
      </trkpt>
      <trkpt lat="33.33127297461033" lon="126.60628496669233">
        <ele>495.55</ele>
        <time>2026-10-31T05:00:06.969Z</time>
      </trkpt>
      <trkpt lat="33.331266939640045" lon="126.6062589827925">
        <ele>495.61</ele>
        <time>2026-10-31T05:00:07.969Z</time>
      </trkpt>
      <trkpt lat="33.331261994317174" lon="126.60622796975076">
        <ele>495.66</ele>
        <time>2026-10-31T05:00:08.969Z</time>
      </trkpt>
      <trkpt lat="33.33125495351851" lon="126.60620098002255">
        <ele>495.72</ele>
        <time>2026-10-31T05:00:09.969Z</time>
      </trkpt>
      <trkpt lat="33.3312469907105" lon="126.60616996698081">
        <ele>495.77</ele>
        <time>2026-10-31T05:00:09.969Z</time>
      </trkpt>
      <trkpt lat="33.331241961568594" lon="126.60614096559584">
        <ele>495.83</ele>
        <time>2026-10-31T05:00:10.969Z</time>
      </trkpt>
      <trkpt lat="33.33124095574021" lon="126.60611297003925">
        <ele>495.9</ele>
        <time>2026-10-31T05:00:11.969Z</time>
      </trkpt>
      <trkpt lat="33.33123793825507" lon="126.60607893951237">
        <ele>495.97</ele>
        <time>2026-10-31T05:00:12.969Z</time>
      </trkpt>
      <trkpt lat="33.33122997544706" lon="126.60605697892606">
        <ele>496.03</ele>
        <time>2026-10-31T05:00:12.969Z</time>
      </trkpt>
      <trkpt lat="33.331225952133536" lon="126.60602496005595">
        <ele>496.1</ele>
        <time>2026-10-31T05:00:13.969Z</time>
      </trkpt>
      <trkpt lat="33.331225952133536" lon="126.60599797032773">
        <ele>496.17</ele>
        <time>2026-10-31T05:00:14.969Z</time>
      </trkpt>
      <trkpt lat="33.331221928820014" lon="126.60597399808466">
        <ele>496.23</ele>
        <time>2026-10-31T05:00:15.969Z</time>
      </trkpt>
      <trkpt lat="33.33122092299163" lon="126.60595698282123">
        <ele>496.29</ele>
        <time>2026-10-31T05:00:16.969Z</time>
      </trkpt>
      <trkpt lat="33.331222934648395" lon="126.60594994202256">
        <ele>496.35</ele>
        <time>2026-10-31T05:00:16.969Z</time>
      </trkpt>
      <trkpt lat="33.331218995153904" lon="126.60593996755779">
        <ele>496.4</ele>
        <time>2026-10-31T05:00:17.969Z</time>
      </trkpt>
      <trkpt lat="33.331213966012" lon="126.60591691732407">
        <ele>496.46</ele>
        <time>2026-10-31T05:00:18.969Z</time>
      </trkpt>
      <trkpt lat="33.3312089368701" lon="126.6058979742229">
        <ele>496.51</ele>
        <time>2026-10-31T05:00:19.969Z</time>
      </trkpt>
      <trkpt lat="33.33120692521334" lon="126.60587199032307">
        <ele>496.57</ele>
        <time>2026-10-31T05:00:19.969Z</time>
      </trkpt>
      <trkpt lat="33.33120499737561" lon="126.60584994591773">
        <ele>496.62</ele>
        <time>2026-10-31T05:00:20.969Z</time>
      </trkpt>
      <trkpt lat="33.33119795657694" lon="126.60581298172474">
        <ele>496.68</ele>
        <time>2026-10-31T05:00:21.969Z</time>
      </trkpt>
      <trkpt lat="33.33119192160666" lon="126.60578498616815">
        <ele>496.73</ele>
        <time>2026-10-31T05:00:22.969Z</time>
      </trkpt>
      <trkpt lat="33.33118697628379" lon="126.60575095564127">
        <ele>496.78</ele>
        <time>2026-10-31T05:00:22.969Z</time>
      </trkpt>
      <trkpt lat="33.33118395879865" lon="126.6057169251144">
        <ele>496.83</ele>
        <time>2026-10-31T05:00:23.969Z</time>
      </trkpt>
      <trkpt lat="33.331175995990634" lon="126.60568297840655">
        <ele>496.88</ele>
        <time>2026-10-31T05:00:24.969Z</time>
      </trkpt>
      <trkpt lat="33.33116996102035" lon="126.60565699450672">
        <ele>496.92</ele>
        <time>2026-10-31T05:00:25.969Z</time>
      </trkpt>
      <trkpt lat="33.331158980727196" lon="126.60562195815146">
        <ele>496.96</ele>
        <time>2026-10-31T05:00:25.969Z</time>
      </trkpt>
      <trkpt lat="33.33115093410015" lon="126.60559094510972">
        <ele>497</ele>
        <time>2026-10-31T05:00:26.969Z</time>
      </trkpt>
      <trkpt lat="33.33114095963538" lon="126.60556294955313">
        <ele>497.04</ele>
        <time>2026-10-31T05:00:27.969Z</time>
      </trkpt>
      <trkpt lat="33.33114297129214" lon="126.60552699118853">
        <ele>497.09</ele>
        <time>2026-10-31T05:00:28.969Z</time>
      </trkpt>
      <trkpt lat="33.33114297129214" lon="126.6055039409548">
        <ele>497.12</ele>
        <time>2026-10-31T05:00:29.969Z</time>
      </trkpt>
      <trkpt lat="33.33114196546376" lon="126.6054819803685">
        <ele>497.16</ele>
        <time>2026-10-31T05:00:29.969Z</time>
      </trkpt>
      <trkpt lat="33.331137942150235" lon="126.60547493956983">
        <ele>497.19</ele>
        <time>2026-10-31T05:00:30.969Z</time>
      </trkpt>
      <trkpt lat="33.331136936321855" lon="126.60546194761992">
        <ele>497.22</ele>
        <time>2026-10-31T05:00:31.969Z</time>
      </trkpt>
      <trkpt lat="33.331135930493474" lon="126.60544593818486">
        <ele>497.25</ele>
        <time>2026-10-31T05:00:32.969Z</time>
      </trkpt>
      <trkpt lat="33.33113391883671" lon="126.6054349578917">
        <ele>497.28</ele>
        <time>2026-10-31T05:00:32.969Z</time>
      </trkpt>
      <trkpt lat="33.3311309851706" lon="126.60542397759855">
        <ele>497.3</ele>
        <time>2026-10-31T05:00:33.969Z</time>
      </trkpt>
      <trkpt lat="33.33112293854356" lon="126.60541492514312">
        <ele>497.32</ele>
        <time>2026-10-31T05:00:34.969Z</time>
      </trkpt>
      <trkpt lat="33.331119921058416" lon="126.60540796816349">
        <ele>497.34</ele>
        <time>2026-10-31T05:00:35.969Z</time>
      </trkpt>
      <trkpt lat="33.331113969907165" lon="126.60540092736483">
        <ele>497.36</ele>
        <time>2026-10-31T05:00:36.969Z</time>
      </trkpt>
      <trkpt lat="33.331116987392306" lon="126.60538994707167">
        <ele>497.38</ele>
        <time>2026-10-31T05:00:36.969Z</time>
      </trkpt>
      <trkpt lat="33.331115981563926" lon="126.60537192597985">
        <ele>497.4</ele>
        <time>2026-10-31T05:00:37.969Z</time>
      </trkpt>
      <trkpt lat="33.33110894076526" lon="126.60535298287868">
        <ele>497.42</ele>
        <time>2026-10-31T05:00:38.969Z</time>
      </trkpt>
      <trkpt lat="33.33110198378563" lon="126.60533596761525">
        <ele>497.43</ele>
        <time>2026-10-31T05:00:39.969Z</time>
      </trkpt>
      <trkpt lat="33.33110592328012" lon="126.60532398149371">
        <ele>497.46</ele>
        <time>2026-10-31T05:00:39.969Z</time>
      </trkpt>
      <trkpt lat="33.33109796047211" lon="126.60530495457351">
        <ele>497.48</ele>
        <time>2026-10-31T05:00:40.969Z</time>
      </trkpt>
      <trkpt lat="33.331092931330204" lon="126.60529095679522">
        <ele>497.49</ele>
        <time>2026-10-31T05:00:41.969Z</time>
      </trkpt>
      <trkpt lat="33.33109091967344" lon="126.60528098233044">
        <ele>497.51</ele>
        <time>2026-10-31T05:00:42.969Z</time>
      </trkpt>
      <trkpt lat="33.33108798600733" lon="126.60526698455215">
        <ele>497.52</ele>
        <time>2026-10-31T05:00:43.969Z</time>
      </trkpt>
      <trkpt lat="33.33108698017895" lon="126.60525592043996">
        <ele>497.53</ele>
        <time>2026-10-31T05:00:43.969Z</time>
      </trkpt>
      <trkpt lat="33.33108396269381" lon="126.60524393431842">
        <ele>497.55</ele>
        <time>2026-10-31T05:00:44.969Z</time>
      </trkpt>
      <trkpt lat="33.33107993938029" lon="126.60523194819689">
        <ele>497.56</ele>
        <time>2026-10-31T05:00:45.969Z</time>
      </trkpt>
      <trkpt lat="33.33107499405742" lon="126.60521895624697">
        <ele>497.57</ele>
        <time>2026-10-31T05:00:46.969Z</time>
      </trkpt>
      <trkpt lat="33.33106694743037" lon="126.60520797595382">
        <ele>497.57</ele>
        <time>2026-10-31T05:00:46.969Z</time>
      </trkpt>
      <trkpt lat="33.33106493577361" lon="126.60519892349839">
        <ele>497.58</ele>
        <time>2026-10-31T05:00:47.969Z</time>
      </trkpt>
      <trkpt lat="33.33106191828847" lon="126.605189954862">
        <ele>497.59</ele>
        <time>2026-10-31T05:00:48.969Z</time>
      </trkpt>
      <trkpt lat="33.3310569729656" lon="126.6051759570837">
        <ele>497.6</ele>
        <time>2026-10-31T05:00:49.969Z</time>
      </trkpt>
      <trkpt lat="33.331051943823695" lon="126.60516095347703">
        <ele>497.6</ele>
        <time>2026-10-31T05:00:50.969Z</time>
      </trkpt>
      <trkpt lat="33.331049932166934" lon="126.60514796152711">
        <ele>497.62</ele>
        <time>2026-10-31T05:00:50.969Z</time>
      </trkpt>
      <trkpt lat="33.331050937995315" lon="126.6051399987191">
        <ele>497.62</ele>
        <time>2026-10-31T05:00:51.969Z</time>
      </trkpt>
      <trkpt lat="33.331050937995315" lon="126.60513094626367">
        <ele>497.63</ele>
        <time>2026-10-31T05:00:52.969Z</time>
      </trkpt>
      <trkpt lat="33.33104892633855" lon="126.605115942657">
        <ele>497.63</ele>
        <time>2026-10-31T05:00:53.969Z</time>
      </trkpt>
      <trkpt lat="33.33104892633855" lon="126.60510496236384">
        <ele>497.63</ele>
        <time>2026-10-31T05:00:54.969Z</time>
      </trkpt>
      <trkpt lat="33.331049932166934" lon="126.60509398207068">
        <ele>497.62</ele>
        <time>2026-10-31T05:00:54.969Z</time>
      </trkpt>
      <trkpt lat="33.331051943823695" lon="126.60507596097887">
        <ele>497.61</ele>
        <time>2026-10-31T05:00:55.969Z</time>
      </trkpt>
      <trkpt lat="33.331049932166934" lon="126.60505793988705">
        <ele>497.6</ele>
        <time>2026-10-31T05:00:56.969Z</time>
      </trkpt>
      <trkpt lat="33.33104792051017" lon="126.60503899678588">
        <ele>497.57</ele>
        <time>2026-10-31T05:00:57.969Z</time>
      </trkpt>
      <trkpt lat="33.33104892633855" lon="126.60502994433045">
        <ele>497.54</ele>
        <time>2026-10-31T05:00:57.969Z</time>
      </trkpt>
      <trkpt lat="33.33104792051017" lon="126.60502097569406">
        <ele>497.48</ele>
        <time>2026-10-31T05:00:58.969Z</time>
      </trkpt>
      <trkpt lat="33.33104892633855" lon="126.60500295460224">
        <ele>497.43</ele>
        <time>2026-10-31T05:00:59.969Z</time>
      </trkpt>
      <trkpt lat="33.33104792051017" lon="126.60498392768204">
        <ele>497.36</ele>
        <time>2026-10-31T05:01:00.969Z</time>
      </trkpt>
      <trkpt lat="33.33104398101568" lon="126.60497093573213">
        <ele>497.29</ele>
        <time>2026-10-31T05:01:01.969Z</time>
      </trkpt>
      <trkpt lat="33.33103593438864" lon="126.60495098680258">
        <ele>497.2</ele>
        <time>2026-10-31T05:01:01.969Z</time>
      </trkpt>
      <trkpt lat="33.33103593438864" lon="126.60493992269039">
        <ele>497.12</ele>
        <time>2026-10-31T05:01:02.969Z</time>
      </trkpt>
      <trkpt lat="33.331027971580625" lon="126.60493992269039">
        <ele>497.04</ele>
        <time>2026-10-31T05:01:03.969Z</time>
      </trkpt>
      <trkpt lat="33.33102294243872" lon="126.604930954054">
        <ele>496.95</ele>
        <time>2026-10-31T05:01:04.969Z</time>
      </trkpt>
      <trkpt lat="33.331026965752244" lon="126.60491796210408">
        <ele>496.86</ele>
        <time>2026-10-31T05:01:05.969Z</time>
      </trkpt>
      <trkpt lat="33.331029983237386" lon="126.60490497015417">
        <ele>496.77</ele>
        <time>2026-10-31T05:01:05.969Z</time>
      </trkpt>
      <trkpt lat="33.33103199489415" lon="126.60489097237587">
        <ele>496.67</ele>
        <time>2026-10-31T05:01:06.969Z</time>
      </trkpt>
      <trkpt lat="33.33103694021702" lon="126.60487898625433">
        <ele>496.57</ele>
        <time>2026-10-31T05:01:07.969Z</time>
      </trkpt>
      <trkpt lat="33.331029983237386" lon="126.60486498847604">
        <ele>496.46</ele>
        <time>2026-10-31T05:01:08.969Z</time>
      </trkpt>
      <trkpt lat="33.331027971580625" lon="126.60484998486936">
        <ele>496.34</ele>
        <time>2026-10-31T05:01:09.969Z</time>
      </trkpt>
      <trkpt lat="33.331030989065766" lon="126.60483598709106">
        <ele>496.23</ele>
        <time>2026-10-31T05:01:09.969Z</time>
      </trkpt>
      <trkpt lat="33.33103593438864" lon="126.60482693463564">
        <ele>496.12</ele>
        <time>2026-10-31T05:01:10.969Z</time>
      </trkpt>
      <trkpt lat="33.33103895187378" lon="126.60481193102896">
        <ele>496</ele>
        <time>2026-10-31T05:01:11.969Z</time>
      </trkpt>
      <trkpt lat="33.331046998500824" lon="126.6047929879278">
        <ele>495.88</ele>
        <time>2026-10-31T05:01:12.969Z</time>
      </trkpt>
      <trkpt lat="33.33104498684406" lon="126.60478192381561">
        <ele>495.74</ele>
        <time>2026-10-31T05:01:13.969Z</time>
      </trkpt>
      <trkpt lat="33.33104096353054" lon="126.60477194935083">
        <ele>495.6</ele>
        <time>2026-10-31T05:01:13.969Z</time>
      </trkpt>
      <trkpt lat="33.33103593438864" lon="126.60476197488606">
        <ele>495.46</ele>
        <time>2026-10-31T05:01:14.969Z</time>
      </trkpt>
      <trkpt lat="33.331029983237386" lon="126.60474998876452">
        <ele>495.31</ele>
        <time>2026-10-31T05:01:15.969Z</time>
      </trkpt>
      <trkpt lat="33.33102193661034" lon="126.6047409363091">
        <ele>495.16</ele>
        <time>2026-10-31T05:01:16.969Z</time>
      </trkpt>
      <trkpt lat="33.33101598545909" lon="126.60473297350109">
        <ele>495.02</ele>
        <time>2026-10-31T05:01:16.969Z</time>
      </trkpt>
      <trkpt lat="33.331008944660425" lon="126.60471897572279">
        <ele>494.87</ele>
        <time>2026-10-31T05:01:17.969Z</time>
      </trkpt>
      <trkpt lat="33.33099897019565" lon="126.60470598377287">
        <ele>494.72</ele>
        <time>2026-10-31T05:01:18.969Z</time>
      </trkpt>
      <trkpt lat="33.33099192939699" lon="126.60468796268106">
        <ele>494.58</ele>
        <time>2026-10-31T05:01:19.969Z</time>
      </trkpt>
      <trkpt lat="33.330983966588974" lon="126.60467094741762">
        <ele>494.44</ele>
        <time>2026-10-31T05:01:20.969Z</time>
      </trkpt>
      <trkpt lat="33.33097793161869" lon="126.6046529263258">
        <ele>494.31</ele>
        <time>2026-10-31T05:01:20.969Z</time>
      </trkpt>
      <trkpt lat="33.33097591996193" lon="126.60462593659759">
        <ele>494.19</ele>
        <time>2026-10-31T05:01:21.969Z</time>
      </trkpt>
      <trkpt lat="33.33097692579031" lon="126.60460397601128">
        <ele>494.08</ele>
        <time>2026-10-31T05:01:22.969Z</time>
      </trkpt>
      <trkpt lat="33.33097692579031" lon="126.60458696074784">
        <ele>493.97</ele>
        <time>2026-10-31T05:01:23.969Z</time>
      </trkpt>
      <trkpt lat="33.3309739921242" lon="126.60457698628306">
        <ele>493.87</ele>
        <time>2026-10-31T05:01:24.969Z</time>
      </trkpt>
      <trkpt lat="33.3309739921242" lon="126.60456793382764">
        <ele>493.78</ele>
        <time>2026-10-31T05:01:24.969Z</time>
      </trkpt>
      <trkpt lat="33.33097298629582" lon="126.60455293022096">
        <ele>493.68</ele>
        <time>2026-10-31T05:01:25.969Z</time>
      </trkpt>
      <trkpt lat="33.33097499795258" lon="126.6045369207859">
        <ele>493.59</ele>
        <time>2026-10-31T05:01:26.969Z</time>
      </trkpt>
      <trkpt lat="33.33097591996193" lon="126.60452493466437">
        <ele>493.5</ele>
        <time>2026-10-31T05:01:27.969Z</time>
      </trkpt>
      <trkpt lat="33.33097692579031" lon="126.60451596602798">
        <ele>493.41</ele>
        <time>2026-10-31T05:01:28.969Z</time>
      </trkpt>
      <trkpt lat="33.33097591996193" lon="126.60449895076454">
        <ele>493.32</ele>
        <time>2026-10-31T05:01:29.969Z</time>
      </trkpt>
      <trkpt lat="33.33097499795258" lon="126.60449098795652">
        <ele>493.22</ele>
        <time>2026-10-31T05:01:29.969Z</time>
      </trkpt>
      <trkpt lat="33.33097298629582" lon="126.60447992384434">
        <ele>493.13</ele>
        <time>2026-10-31T05:01:30.969Z</time>
      </trkpt>
      <trkpt lat="33.33097097463906" lon="126.60447196103632">
        <ele>493.02</ele>
        <time>2026-10-31T05:01:31.969Z</time>
      </trkpt>
      <trkpt lat="33.3309689629823" lon="126.60446299239993">
        <ele>492.92</ele>
        <time>2026-10-31T05:01:32.969Z</time>
      </trkpt>
      <trkpt lat="33.330965945497155" lon="126.60445192828774">
        <ele>492.82</ele>
        <time>2026-10-31T05:01:33.969Z</time>
      </trkpt>
      <trkpt lat="33.33096292801201" lon="126.60443994216621">
        <ele>492.71</ele>
        <time>2026-10-31T05:01:33.969Z</time>
      </trkpt>
      <trkpt lat="33.3309599943459" lon="126.60444295965135">
        <ele>492.62</ele>
        <time>2026-10-31T05:01:34.969Z</time>
      </trkpt>
      <trkpt lat="33.33095094189048" lon="126.60443499684334">
        <ele>492.52</ele>
        <time>2026-10-31T05:01:35.969Z</time>
      </trkpt>
      <trkpt lat="33.33094893023372" lon="126.60442292690277">
        <ele>492.43</ele>
        <time>2026-10-31T05:01:36.969Z</time>
      </trkpt>
      <trkpt lat="33.33094599656761" lon="126.60440892912447">
        <ele>492.37</ele>
        <time>2026-10-31T05:01:37.969Z</time>
      </trkpt>
      <trkpt lat="33.3309499360621" lon="126.60439593717456">
        <ele>492.32</ele>
        <time>2026-10-31T05:01:37.969Z</time>
      </trkpt>
      <trkpt lat="33.33095194771886" lon="126.60438596270978">
        <ele>492.29</ele>
        <time>2026-10-31T05:01:38.969Z</time>
      </trkpt>
      <trkpt lat="33.330954965204" lon="126.60437892191112">
        <ele>492.28</ele>
        <time>2026-10-31T05:01:39.969Z</time>
      </trkpt>
      <trkpt lat="33.33095898851752" lon="126.60436199046671">
        <ele>492.29</ele>
        <time>2026-10-31T05:01:40.969Z</time>
      </trkpt>
      <trkpt lat="33.330964939668775" lon="126.6043439693749">
        <ele>492.32</ele>
        <time>2026-10-31T05:01:41.969Z</time>
      </trkpt>
      <trkpt lat="33.3309689629823" lon="126.60431798547506">
        <ele>492.39</ele>
        <time>2026-10-31T05:01:41.969Z</time>
      </trkpt>
      <trkpt lat="33.33097591996193" lon="126.60429594106972">
        <ele>492.47</ele>
        <time>2026-10-31T05:01:42.969Z</time>
      </trkpt>
      <trkpt lat="33.33099192939699" lon="126.60428194329143">
        <ele>492.61</ele>
        <time>2026-10-31T05:01:43.969Z</time>
      </trkpt>
      <trkpt lat="33.33100592717528" lon="126.6042779199779">
        <ele>492.74</ele>
        <time>2026-10-31T05:01:44.969Z</time>
      </trkpt>
      <trkpt lat="33.33101598545909" lon="126.60427196882665">
        <ele>492.87</ele>
        <time>2026-10-31T05:01:45.969Z</time>
      </trkpt>
      <trkpt lat="33.33102595992386" lon="126.60426593385637">
        <ele>492.99</ele>
        <time>2026-10-31T05:01:45.969Z</time>
      </trkpt>
      <trkpt lat="33.33103199489415" lon="126.60427096299827">
        <ele>493.11</ele>
        <time>2026-10-31T05:01:46.969Z</time>
      </trkpt>
      <trkpt lat="33.33103694021702" lon="126.60427599214017">
        <ele>493.2</ele>
        <time>2026-10-31T05:01:47.969Z</time>
      </trkpt>
      <trkpt lat="33.3309599943459" lon="126.60427004098892">
        <ele>488.1</ele>
        <time>2025-10-16T13:38:10.969Z</time>
      </trkpt>
      <trkpt lat="33.33096143859454" lon="126.60425345932249">
        <ele>488.19372270742684</ele>
        <time>2025-10-16T13:38:15.737Z</time>
      </trkpt>
      <trkpt lat="33.330951" lon="126.60424">
        <ele>491.59</ele>
        <time>2025-10-16T13:38:20.989Z</time>
      </trkpt>
      <trkpt lat="33.331046" lon="126.604131">
        <ele>492.94</ele>
        <time>2025-10-16T13:39:06.036Z</time>
      </trkpt>
      <trkpt lat="33.331043" lon="126.603885">
        <ele>491.46</ele>
        <time>2025-10-16T13:40:16.399Z</time>
      </trkpt>
      <trkpt lat="33.331062" lon="126.603669">
        <ele>491.26</ele>
        <time>2025-10-16T13:41:18.516Z</time>
      </trkpt>
      <trkpt lat="33.331058" lon="126.603453">
        <ele>491.18</ele>
        <time>2025-10-16T13:42:20.306Z</time>
      </trkpt>
      <trkpt lat="33.331195" lon="126.603254">
        <ele>494.1</ele>
        <time>2025-10-16T13:43:34.051Z</time>
      </trkpt>
      <trkpt lat="33.331521" lon="126.603331">
        <ele>499.68</ele>
        <time>2025-10-16T13:45:27.794Z</time>
      </trkpt>
      <trkpt lat="33.331763" lon="126.603314">
        <ele>503.23</ele>
        <time>2025-10-16T13:46:50.774Z</time>
      </trkpt>
      <trkpt lat="33.331958" lon="126.603221">
        <ele>506.4</ele>
        <time>2025-10-16T13:48:02.627Z</time>
      </trkpt>
      <trkpt lat="33.332156" lon="126.603054">
        <ele>509.17</ele>
        <time>2025-10-16T13:49:25.541Z</time>
      </trkpt>
      <trkpt lat="33.332311" lon="126.602841">
        <ele>512.44</ele>
        <time>2025-10-16T13:50:46.324Z</time>
      </trkpt>
      <trkpt lat="33.332432" lon="126.602493">
        <ele>517.35</ele>
        <time>2025-10-16T13:52:34.124Z</time>
      </trkpt>
      <trkpt lat="33.332693" lon="126.602346">
        <ele>524.8</ele>
        <time>2025-10-16T13:54:12.862Z</time>
      </trkpt>
      <trkpt lat="33.332836" lon="126.602228">
        <ele>529.31</ele>
        <time>2025-10-16T13:55:12.317Z</time>
      </trkpt>
      <trkpt lat="33.333074" lon="126.602234">
        <ele>534.35</ele>
        <time>2025-10-16T13:56:33.803Z</time>
      </trkpt>
      <trkpt lat="33.333221" lon="126.602131">
        <ele>538.27</ele>
        <time>2025-10-16T13:57:32.109Z</time>
      </trkpt>
      <trkpt lat="33.333315" lon="126.602031">
        <ele>539.49</ele>
        <time>2025-10-16T13:58:15.158Z</time>
      </trkpt>
      <trkpt lat="33.333439" lon="126.602">
        <ele>541.68</ele>
        <time>2025-10-16T13:58:58.519Z</time>
      </trkpt>
      <trkpt lat="33.333512" lon="126.602009">
        <ele>543.21</ele>
        <time>2025-10-16T13:59:23.639Z</time>
      </trkpt>
      <trkpt lat="33.333743" lon="126.602183">
        <ele>550.49</ele>
        <time>2025-10-16T14:00:57.066Z</time>
      </trkpt>
      <trkpt lat="33.333923" lon="126.602389">
        <ele>555.91</ele>
        <time>2025-10-16T14:02:22.313Z</time>
      </trkpt>
      <trkpt lat="33.334075" lon="126.602459">
        <ele>560.17</ele>
        <time>2025-10-16T14:03:18.061Z</time>
      </trkpt>
      <trkpt lat="33.334192" lon="126.602434">
        <ele>562.61</ele>
        <time>2025-10-16T14:03:58.743Z</time>
      </trkpt>
      <trkpt lat="33.334336" lon="126.602389">
        <ele>565.54</ele>
        <time>2025-10-16T14:04:49.687Z</time>
      </trkpt>
      <trkpt lat="33.334477" lon="126.602401">
        <ele>567.7</ele>
        <time>2025-10-16T14:05:38.073Z</time>
      </trkpt>
      <trkpt lat="33.334529" lon="126.602346">
        <ele>568.65</ele>
        <time>2025-10-16T14:06:01.826Z</time>
      </trkpt>
      <trkpt lat="33.334694" lon="126.602307">
        <ele>571.72</ele>
        <time>2025-10-16T14:06:59.396Z</time>
      </trkpt>
      <trkpt lat="33.334924" lon="126.602423">
        <ele>574.93</ele>
        <time>2025-10-16T14:08:24.829Z</time>
      </trkpt>
      <trkpt lat="33.335015" lon="126.602345">
        <ele>575.8</ele>
        <time>2025-10-16T14:09:03.142Z</time>
      </trkpt>
      <trkpt lat="33.335137" lon="126.602164">
        <ele>577.9</ele>
        <time>2025-10-16T14:10:09.650Z</time>
      </trkpt>
      <trkpt lat="33.335358" lon="126.602082">
        <ele>580.97</ele>
        <time>2025-10-16T14:11:28.850Z</time>
      </trkpt>
      <trkpt lat="33.335569" lon="126.602048">
        <ele>584.42</ele>
        <time>2025-10-16T14:12:41.727Z</time>
      </trkpt>
      <trkpt lat="33.33574" lon="126.602043">
        <ele>587.38</ele>
        <time>2025-10-16T14:13:40.278Z</time>
      </trkpt>
      <trkpt lat="33.335859" lon="126.602022">
        <ele>589.64</ele>
        <time>2025-10-16T14:14:21.452Z</time>
      </trkpt>
      <trkpt lat="33.336027" lon="126.601891">
        <ele>593.26</ele>
        <time>2025-10-16T14:15:30.085Z</time>
      </trkpt>
      <trkpt lat="33.336176" lon="126.601864">
        <ele>594.77</ele>
        <time>2025-10-16T14:16:21.669Z</time>
      </trkpt>
      <trkpt lat="33.336315" lon="126.601865">
        <ele>596.43</ele>
        <time>2025-10-16T14:17:09.250Z</time>
      </trkpt>
      <trkpt lat="33.336369" lon="126.601878">
        <ele>597.13</ele>
        <time>2025-10-16T14:17:28.104Z</time>
      </trkpt>
      <trkpt lat="33.336369" lon="126.601878">
        <ele>597.13</ele>
        <time>2025-10-16T14:17:28.104Z</time>
      </trkpt>
      <trkpt lat="33.336499" lon="126.60191">
        <ele>598.85</ele>
        <time>2025-10-16T14:18:13.534Z</time>
      </trkpt>
      <trkpt lat="33.336612" lon="126.602025">
        <ele>600.42</ele>
        <time>2025-10-16T14:19:04.305Z</time>
      </trkpt>
      <trkpt lat="33.336728" lon="126.602184">
        <ele>601.9</ele>
        <time>2025-10-16T14:20:04.672Z</time>
      </trkpt>
      <trkpt lat="33.336783" lon="126.602309">
        <ele>603.25</ele>
        <time>2025-10-16T14:20:45.074Z</time>
      </trkpt>
      <trkpt lat="33.336877" lon="126.602332">
        <ele>604.14</ele>
        <time>2025-10-16T14:21:17.916Z</time>
      </trkpt>
      <trkpt lat="33.337277" lon="126.602119">
        <ele>606.57</ele>
        <time>2025-10-16T14:23:47.775Z</time>
      </trkpt>
      <trkpt lat="33.337493" lon="126.602037">
        <ele>606.27</ele>
        <time>2025-10-16T14:25:05.342Z</time>
      </trkpt>
      <trkpt lat="33.337558" lon="126.602033">
        <ele>606.15</ele>
        <time>2025-10-16T14:25:27.621Z</time>
      </trkpt>
      <trkpt lat="33.33763" lon="126.602092">
        <ele>606.04</ele>
        <time>2025-10-16T14:25:57.489Z</time>
      </trkpt>
      <trkpt lat="33.337767" lon="126.602233">
        <ele>605.26</ele>
        <time>2025-10-16T14:26:59.336Z</time>
      </trkpt>
      <trkpt lat="33.33782" lon="126.602347">
        <ele>605.79</ele>
        <time>2025-10-16T14:27:36.645Z</time>
      </trkpt>
      <trkpt lat="33.337802" lon="126.602531">
        <ele>606.74</ele>
        <time>2025-10-16T14:28:29.624Z</time>
      </trkpt>
      <trkpt lat="33.337849" lon="126.602653">
        <ele>608.08</ele>
        <time>2025-10-16T14:29:08.043Z</time>
      </trkpt>
      <trkpt lat="33.337938" lon="126.602726">
        <ele>608.87</ele>
        <time>2025-10-16T14:29:44.974Z</time>
      </trkpt>
      <trkpt lat="33.338007" lon="126.602808">
        <ele>609.78</ele>
        <time>2025-10-16T14:30:18.257Z</time>
      </trkpt>
      <trkpt lat="33.338305" lon="126.602844">
        <ele>610.28</ele>
        <time>2025-10-16T14:32:00.781Z</time>
      </trkpt>
      <trkpt lat="33.338346" lon="126.60282">
        <ele>610.09</ele>
        <time>2025-10-16T14:32:16.403Z</time>
      </trkpt>
      <trkpt lat="33.338375" lon="126.602723">
        <ele>610</ele>
        <time>2025-10-16T14:32:45.865Z</time>
      </trkpt>
      <trkpt lat="33.338418" lon="126.602492">
        <ele>610</ele>
        <time>2025-10-16T14:33:53.545Z</time>
      </trkpt>
      <trkpt lat="33.338565" lon="126.602331">
        <ele>610.72</ele>
        <time>2025-10-16T14:35:01.749Z</time>
      </trkpt>
      <trkpt lat="33.338742" lon="126.602207">
        <ele>612.68</ele>
        <time>2025-10-16T14:36:11.951Z</time>
      </trkpt>
      <trkpt lat="33.339034" lon="126.602374">
        <ele>613.74</ele>
        <time>2025-10-16T14:38:02.727Z</time>
      </trkpt>
      <trkpt lat="33.33927" lon="126.602438">
        <ele>614.8</ele>
        <time>2025-10-16T14:39:25.558Z</time>
      </trkpt>
      <trkpt lat="33.339447" lon="126.602504">
        <ele>614.41</ele>
        <time>2025-10-16T14:40:29.017Z</time>
      </trkpt>
      <trkpt lat="33.339721" lon="126.602556">
        <ele>615.46</ele>
        <time>2025-10-16T14:42:03.979Z</time>
      </trkpt>
      <trkpt lat="33.339742" lon="126.602547">
        <ele>615.66</ele>
        <time>2025-10-16T14:42:11.882Z</time>
      </trkpt>
      <trkpt lat="33.339742" lon="126.602547">
        <ele>615.66</ele>
        <time>2025-10-16T14:42:11.882Z</time>
      </trkpt>
      <trkpt lat="33.339855" lon="126.602502">
        <ele>616.71</ele>
        <time>2025-10-16T14:42:54.080Z</time>
      </trkpt>
      <trkpt lat="33.339884" lon="126.602363">
        <ele>617.72</ele>
        <time>2025-10-16T14:43:36.491Z</time>
      </trkpt>
      <trkpt lat="33.339779" lon="126.601919">
        <ele>620.39</ele>
        <time>2025-10-16T14:45:53.091Z</time>
      </trkpt>
      <trkpt lat="33.339756" lon="126.60177">
        <ele>622.65</ele>
        <time>2025-10-16T14:46:37.945Z</time>
      </trkpt>
      <trkpt lat="33.339826" lon="126.601639">
        <ele>624.89</ele>
        <time>2025-10-16T14:47:23.978Z</time>
      </trkpt>
      <trkpt lat="33.339878" lon="126.60139">
        <ele>627.79</ele>
        <time>2025-10-16T14:48:39.956Z</time>
      </trkpt>
      <trkpt lat="33.339909" lon="126.601286">
        <ele>628.82</ele>
        <time>2025-10-16T14:49:12.643Z</time>
      </trkpt>
      <trkpt lat="33.339961" lon="126.601147">
        <ele>630.31</ele>
        <time>2025-10-16T14:49:57.727Z</time>
      </trkpt>
      <trkpt lat="33.339983" lon="126.600936">
        <ele>632.23</ele>
        <time>2025-10-16T14:51:00.673Z</time>
      </trkpt>
      <trkpt lat="33.340022" lon="126.600818">
        <ele>633.63</ele>
        <time>2025-10-16T14:51:38.238Z</time>
      </trkpt>
      <trkpt lat="33.340188" lon="126.600622">
        <ele>637.17</ele>
        <time>2025-10-16T14:53:00.859Z</time>
      </trkpt>
      <trkpt lat="33.340286" lon="126.600459">
        <ele>639.08</ele>
        <time>2025-10-16T14:54:00.307Z</time>
      </trkpt>
      <trkpt lat="33.340438" lon="126.600259">
        <ele>640.81</ele>
        <time>2025-10-16T14:55:20.345Z</time>
      </trkpt>
      <trkpt lat="33.340775" lon="126.600071">
        <ele>643.25</ele>
        <time>2025-10-16T14:57:32.090Z</time>
      </trkpt>
      <trkpt lat="33.340892" lon="126.599971">
        <ele>644.22</ele>
        <time>2025-10-16T14:58:23.031Z</time>
      </trkpt>
      <trkpt lat="33.341062" lon="126.599631">
        <ele>647.12</ele>
        <time>2025-10-16T15:00:20.328Z</time>
      </trkpt>
      <trkpt lat="33.34116" lon="126.59923">
        <ele>649.36</ele>
        <time>2025-10-16T15:02:24.008Z</time>
      </trkpt>
      <trkpt lat="33.341246" lon="126.599059">
        <ele>649.96</ele>
        <time>2025-10-16T15:03:23.092Z</time>
      </trkpt>
      <trkpt lat="33.341311" lon="126.598958">
        <ele>650.43</ele>
        <time>2025-10-16T15:04:00.833Z</time>
      </trkpt>
      <trkpt lat="33.341399" lon="126.598848">
        <ele>651.7</ele>
        <time>2025-10-16T15:04:45.917Z</time>
      </trkpt>
      <trkpt lat="33.341457" lon="126.598663">
        <ele>652.75</ele>
        <time>2025-10-16T15:05:44.410Z</time>
      </trkpt>
      <trkpt lat="33.341575" lon="126.598461">
        <ele>654.5</ele>
        <time>2025-10-16T15:06:57.375Z</time>
      </trkpt>
      <trkpt lat="33.34166" lon="126.598235">
        <ele>656.92</ele>
        <time>2025-10-16T15:08:10.743Z</time>
      </trkpt>
      <trkpt lat="33.341681" lon="126.597934">
        <ele>658.97</ele>
        <time>2025-10-16T15:09:40.155Z</time>
      </trkpt>
      <trkpt lat="33.341642" lon="126.59756">
        <ele>661.6</ele>
        <time>2025-10-16T15:11:31.726Z</time>
      </trkpt>
      <trkpt lat="33.34166" lon="126.597437">
        <ele>662.56</ele>
        <time>2025-10-16T15:12:08.691Z</time>
      </trkpt>
      <trkpt lat="33.341753" lon="126.597262">
        <ele>665.82</ele>
        <time>2025-10-16T15:13:10.087Z</time>
      </trkpt>
      <trkpt lat="33.341924" lon="126.596869">
        <ele>672.03</ele>
        <time>2025-10-16T15:15:21.257Z</time>
      </trkpt>
      <trkpt lat="33.342028" lon="126.596742">
        <ele>674.6</ele>
        <time>2025-10-16T15:16:13.901Z</time>
      </trkpt>
      <trkpt lat="33.342172" lon="126.596596">
        <ele>677.46</ele>
        <time>2025-10-16T15:17:20.770Z</time>
      </trkpt>
      <trkpt lat="33.342352" lon="126.596478">
        <ele>680.52</ele>
        <time>2025-10-16T15:18:33.490Z</time>
      </trkpt>
      <trkpt lat="33.342545" lon="126.596317">
        <ele>682.61</ele>
        <time>2025-10-16T15:19:56.846Z</time>
      </trkpt>
      <trkpt lat="33.342826" lon="126.595974">
        <ele>685.92</ele>
        <time>2025-10-16T15:22:19.055Z</time>
      </trkpt>
      <trkpt lat="33.342948" lon="126.59581">
        <ele>687.61</ele>
        <time>2025-10-16T15:23:24.059Z</time>
      </trkpt>
      <trkpt lat="33.342972" lon="126.595715">
        <ele>687.95</ele>
        <time>2025-10-16T15:23:53.288Z</time>
      </trkpt>
      <trkpt lat="33.342972" lon="126.595715">
        <ele>687.95</ele>
        <time>2025-10-16T15:23:53.288Z</time>
      </trkpt>
      <trkpt lat="33.343004" lon="126.595595">
        <ele>688.39</ele>
        <time>2025-10-16T15:24:30.386Z</time>
      </trkpt>
      <trkpt lat="33.343001" lon="126.595422">
        <ele>688.94</ele>
        <time>2025-10-16T15:25:21.347Z</time>
      </trkpt>
      <trkpt lat="33.343067" lon="126.595255">
        <ele>690.47</ele>
        <time>2025-10-16T15:26:15.756Z</time>
      </trkpt>
      <trkpt lat="33.343179" lon="126.594833">
        <ele>694.84</ele>
        <time>2025-10-16T15:28:26.160Z</time>
      </trkpt>
      <trkpt lat="33.343212" lon="126.594597">
        <ele>698.2</ele>
        <time>2025-10-16T15:29:36.631Z</time>
      </trkpt>
      <trkpt lat="33.343204" lon="126.594427">
        <ele>700.34</ele>
        <time>2025-10-16T15:30:26.777Z</time>
      </trkpt>
      <trkpt lat="33.343265" lon="126.594034">
        <ele>704.67</ele>
        <time>2025-10-16T15:32:24.500Z</time>
      </trkpt>
      <trkpt lat="33.343262" lon="126.593838">
        <ele>705.8</ele>
        <time>2025-10-16T15:33:22.233Z</time>
      </trkpt>
      <trkpt lat="33.343315" lon="126.593415">
        <ele>709.61</ele>
        <time>2025-10-16T15:35:28.204Z</time>
      </trkpt>
      <trkpt lat="33.343274" lon="126.593076">
        <ele>711.23</ele>
        <time>2025-10-16T15:37:09.083Z</time>
      </trkpt>
      <trkpt lat="33.343224" lon="126.592894">
        <ele>712.29</ele>
        <time>2025-10-16T15:38:05.507Z</time>
      </trkpt>
      <trkpt lat="33.34313" lon="126.592703">
        <ele>713.77</ele>
        <time>2025-10-16T15:39:10.794Z</time>
      </trkpt>
      <trkpt lat="33.34306" lon="126.592442">
        <ele>715.92</ele>
        <time>2025-10-16T15:40:31.525Z</time>
      </trkpt>
      <trkpt lat="33.343016" lon="126.592249">
        <ele>716.32</ele>
        <time>2025-10-16T15:41:30.444Z</time>
      </trkpt>
      <trkpt lat="33.343011" lon="126.592037">
        <ele>717.31</ele>
        <time>2025-10-16T15:42:32.905Z</time>
      </trkpt>
      <trkpt lat="33.342992" lon="126.591862">
        <ele>717.23</ele>
        <time>2025-10-16T15:43:24.877Z</time>
      </trkpt>
      <trkpt lat="33.342986" lon="126.591669">
        <ele>717.15</ele>
        <time>2025-10-16T15:44:21.757Z</time>
      </trkpt>
      <trkpt lat="33.342994" lon="126.591535">
        <ele>717.22</ele>
        <time>2025-10-16T15:45:01.322Z</time>
      </trkpt>
      <trkpt lat="33.343057" lon="126.591277">
        <ele>716.87</ele>
        <time>2025-10-16T15:46:20.485Z</time>
      </trkpt>
      <trkpt lat="33.343166" lon="126.591003">
        <ele>716.65</ele>
        <time>2025-10-16T15:47:49.863Z</time>
      </trkpt>
      <trkpt lat="33.343184" lon="126.590804">
        <ele>716.89</ele>
        <time>2025-10-16T15:48:48.813Z</time>
      </trkpt>
      <trkpt lat="33.343235" lon="126.59063">
        <ele>717.61</ele>
        <time>2025-10-16T15:49:43.120Z</time>
      </trkpt>
      <trkpt lat="33.343259" lon="126.590442">
        <ele>717.94</ele>
        <time>2025-10-16T15:50:39.130Z</time>
      </trkpt>
      <trkpt lat="33.343247" lon="126.590233">
        <ele>717.77</ele>
        <time>2025-10-16T15:51:40.827Z</time>
      </trkpt>
      <trkpt lat="33.34325" lon="126.590052">
        <ele>717.81</ele>
        <time>2025-10-16T15:52:34.143Z</time>
      </trkpt>
      <trkpt lat="33.3433" lon="126.589821">
        <ele>717.51</ele>
        <time>2025-10-16T15:53:44.421Z</time>
      </trkpt>
      <trkpt lat="33.343385" lon="126.589519">
        <ele>718.7</ele>
        <time>2025-10-16T15:55:18.275Z</time>
      </trkpt>
      <trkpt lat="33.343377" lon="126.589401">
        <ele>718.7</ele>
        <time>2025-10-16T15:55:53.141Z</time>
      </trkpt>
      <trkpt lat="33.343344" lon="126.589257">
        <ele>718.56</ele>
        <time>2025-10-16T15:56:37.117Z</time>
      </trkpt>
      <trkpt lat="33.343349" lon="126.588999">
        <ele>718.6</ele>
        <time>2025-10-16T15:57:53.121Z</time>
      </trkpt>
      <trkpt lat="33.343374" lon="126.588787">
        <ele>717.77</ele>
        <time>2025-10-16T15:58:56.176Z</time>
      </trkpt>
      <trkpt lat="33.343415" lon="126.588712">
        <ele>718.08</ele>
        <time>2025-10-16T15:59:22.573Z</time>
      </trkpt>
      <trkpt lat="33.343382" lon="126.588449">
        <ele>718.13</ele>
        <time>2025-10-16T16:00:40.897Z</time>
      </trkpt>
      <trkpt lat="33.34335" lon="126.588313">
        <ele>718.92</ele>
        <time>2025-10-16T16:01:22.508Z</time>
      </trkpt>
      <trkpt lat="33.34328" lon="126.588248">
        <ele>719.04</ele>
        <time>2025-10-16T16:01:53.740Z</time>
      </trkpt>
      <trkpt lat="33.343206" lon="126.58803">
        <ele>719.34</ele>
        <time>2025-10-16T16:03:03.041Z</time>
      </trkpt>
      <trkpt lat="33.34313" lon="126.587953">
        <ele>719.07</ele>
        <time>2025-10-16T16:03:38.142Z</time>
      </trkpt>
      <trkpt lat="33.34308" lon="126.587924">
        <ele>718.72</ele>
        <time>2025-10-16T16:03:57.729Z</time>
      </trkpt>
      <trkpt lat="33.34292" lon="126.587733">
        <ele>717.22</ele>
        <time>2025-10-16T16:05:17.390Z</time>
      </trkpt>
      <trkpt lat="33.342808" lon="126.587572">
        <ele>716.03</ele>
        <time>2025-10-16T16:06:19.093Z</time>
      </trkpt>
      <trkpt lat="33.342639" lon="126.587432">
        <ele>714.72</ele>
        <time>2025-10-16T16:07:31.548Z</time>
      </trkpt>
      <trkpt lat="33.342535" lon="126.587329">
        <ele>714.55</ele>
        <time>2025-10-16T16:08:19.134Z</time>
      </trkpt>
      <trkpt lat="33.342208" lon="126.586856">
        <ele>715.44</ele>
        <time>2025-10-16T16:11:19.953Z</time>
      </trkpt>
      <trkpt lat="33.342086" lon="126.586563">
        <ele>719.19</ele>
        <time>2025-10-16T16:12:56.370Z</time>
      </trkpt>
      <trkpt lat="33.341955" lon="126.586406">
        <ele>721.93</ele>
        <time>2025-10-16T16:14:01.722Z</time>
      </trkpt>
      <trkpt lat="33.341854" lon="126.586269">
        <ele>724.43</ele>
        <time>2025-10-16T16:14:55.535Z</time>
      </trkpt>
      <trkpt lat="33.341757" lon="126.586175">
        <ele>725.46</ele>
        <time>2025-10-16T16:15:39.533Z</time>
      </trkpt>
      <trkpt lat="33.341635" lon="126.585871">
        <ele>731.22</ele>
        <time>2025-10-16T16:17:18.860Z</time>
      </trkpt>
      <trkpt lat="33.341411" lon="126.585795">
        <ele>731.36</ele>
        <time>2025-10-16T16:18:40.940Z</time>
      </trkpt>
      <trkpt lat="33.341091" lon="126.585498">
        <ele>733.87</ele>
        <time>2025-10-16T16:21:03.691Z</time>
      </trkpt>
      <trkpt lat="33.340887" lon="126.585265">
        <ele>735.5</ele>
        <time>2025-10-16T16:22:43.095Z</time>
      </trkpt>
      <trkpt lat="33.340756" lon="126.585153">
        <ele>735.65</ele>
        <time>2025-10-16T16:23:39.848Z</time>
      </trkpt>
      <trkpt lat="33.340692" lon="126.585014">
        <ele>737.52</ele>
        <time>2025-10-16T16:24:26.592Z</time>
      </trkpt>
      <trkpt lat="33.340476" lon="126.584909">
        <ele>734.94</ele>
        <time>2025-10-16T16:25:48.780Z</time>
      </trkpt>
      <trkpt lat="33.340287" lon="126.58469">
        <ele>734.82</ele>
        <time>2025-10-16T16:27:21.515Z</time>
      </trkpt>
      <trkpt lat="33.340147" lon="126.584599">
        <ele>734.33</ele>
        <time>2025-10-16T16:28:17.678Z</time>
      </trkpt>
      <trkpt lat="33.339806" lon="126.584299">
        <ele>735.16</ele>
        <time>2025-10-16T16:30:46.872Z</time>
      </trkpt>
      <trkpt lat="33.339626" lon="126.584159">
        <ele>735.73</ele>
        <time>2025-10-16T16:32:02.549Z</time>
      </trkpt>
      <trkpt lat="33.339227" lon="126.583975">
        <ele>734.25</ele>
        <time>2025-10-16T16:34:33.291Z</time>
      </trkpt>
      <trkpt lat="33.339084" lon="126.583871">
        <ele>734.08</ele>
        <time>2025-10-16T16:35:32.280Z</time>
      </trkpt>
      <trkpt lat="33.338915" lon="126.583724">
        <ele>734.03</ele>
        <time>2025-10-16T16:36:45.929Z</time>
      </trkpt>
      <trkpt lat="33.338764" lon="126.583295">
        <ele>739.44</ele>
        <time>2025-10-16T16:39:03.036Z</time>
      </trkpt>
      <trkpt lat="33.338661" lon="126.583129">
        <ele>741.12</ele>
        <time>2025-10-16T16:40:03.936Z</time>
      </trkpt>
      <trkpt lat="33.338551" lon="126.583051">
        <ele>739.88</ele>
        <time>2025-10-16T16:40:49.009Z</time>
      </trkpt>
      <trkpt lat="33.338436" lon="126.582807">
        <ele>739.28</ele>
        <time>2025-10-16T16:42:11.520Z</time>
      </trkpt>
      <trkpt lat="33.338406" lon="126.582598">
        <ele>740.5</ele>
        <time>2025-10-16T16:43:13.978Z</time>
      </trkpt>
      <trkpt lat="33.338473" lon="126.58225">
        <ele>746.31</ele>
        <time>2025-10-16T16:44:59.159Z</time>
      </trkpt>
      <trkpt lat="33.33849" lon="126.581985">
        <ele>749.56</ele>
        <time>2025-10-16T16:46:17.438Z</time>
      </trkpt>
      <trkpt lat="33.3384" lon="126.581699">
        <ele>751.21</ele>
        <time>2025-10-16T16:47:47.450Z</time>
      </trkpt>
      <trkpt lat="33.338302" lon="126.581563">
        <ele>753.41</ele>
        <time>2025-10-16T16:48:40.347Z</time>
      </trkpt>
      <trkpt lat="33.338176" lon="126.581556">
        <ele>753.33</ele>
        <time>2025-10-16T16:49:24.815Z</time>
      </trkpt>
      <trkpt lat="33.337949" lon="126.581678">
        <ele>750.96</ele>
        <time>2025-10-16T16:50:52.538Z</time>
      </trkpt>
      <trkpt lat="33.337555" lon="126.581741">
        <ele>752.42</ele>
        <time>2025-10-16T16:53:12.673Z</time>
      </trkpt>
      <trkpt lat="33.337392" lon="126.581647">
        <ele>754.82</ele>
        <time>2025-10-16T16:54:16.458Z</time>
      </trkpt>
      <trkpt lat="33.336957" lon="126.581356">
        <ele>754.5</ele>
        <time>2025-10-16T16:57:12.139Z</time>
      </trkpt>
      <trkpt lat="33.336731" lon="126.581218">
        <ele>753.31</ele>
        <time>2025-10-16T16:58:41.581Z</time>
      </trkpt>
      <trkpt lat="33.336568" lon="126.581103">
        <ele>753.18</ele>
        <time>2025-10-16T16:59:48.284Z</time>
      </trkpt>
      <trkpt lat="33.336367" lon="126.581033">
        <ele>752.25</ele>
        <time>2025-10-16T17:01:02.083Z</time>
      </trkpt>
      <trkpt lat="33.336213" lon="126.580957">
        <ele>752.64</ele>
        <time>2025-10-16T17:02:00.807Z</time>
      </trkpt>
      <trkpt lat="33.335989" lon="126.580797">
        <ele>753.24</ele>
        <time>2025-10-16T17:03:32.768Z</time>
      </trkpt>
      <trkpt lat="33.335939" lon="126.580695">
        <ele>754.7</ele>
        <time>2025-10-16T17:04:07.600Z</time>
      </trkpt>
      <trkpt lat="33.335921" lon="126.580598">
        <ele>756.11</ele>
        <time>2025-10-16T17:04:36.866Z</time>
      </trkpt>
      <trkpt lat="33.335816" lon="126.580624">
        <ele>753.92</ele>
        <time>2025-10-16T17:05:14.666Z</time>
      </trkpt>
      <trkpt lat="33.335687" lon="126.580578">
        <ele>752.47</ele>
        <time>2025-10-16T17:06:02.119Z</time>
      </trkpt>
      <trkpt lat="33.335616" lon="126.580533">
        <ele>751.81</ele>
        <time>2025-10-16T17:06:30.442Z</time>
      </trkpt>
      <trkpt lat="33.335514" lon="126.580444">
        <ele>751.24</ele>
        <time>2025-10-16T17:07:14.941Z</time>
      </trkpt>
      <trkpt lat="33.335413" lon="126.5804">
        <ele>749.25</ele>
        <time>2025-10-16T17:07:52.832Z</time>
      </trkpt>
      <trkpt lat="33.335339" lon="126.580285">
        <ele>748.55</ele>
        <time>2025-10-16T17:08:35.585Z</time>
      </trkpt>
      <trkpt lat="33.335229" lon="126.580061">
        <ele>748.14</ele>
        <time>2025-10-16T17:09:52.114Z</time>
      </trkpt>
      <trkpt lat="33.335145" lon="126.57994">
        <ele>748.32</ele>
        <time>2025-10-16T17:10:38.450Z</time>
      </trkpt>
      <trkpt lat="33.334865" lon="126.579829">
        <ele>744.75</ele>
        <time>2025-10-16T17:12:22.434Z</time>
      </trkpt>
      <trkpt lat="33.334646" lon="126.579615">
        <ele>744.05</ele>
        <time>2025-10-16T17:14:02.102Z</time>
      </trkpt>
      <trkpt lat="33.334509" lon="126.579393">
        <ele>744.52</ele>
        <time>2025-10-16T17:15:23.393Z</time>
      </trkpt>
      <trkpt lat="33.33441" lon="126.57925">
        <ele>745.23</ele>
        <time>2025-10-16T17:16:18.093Z</time>
      </trkpt>
      <trkpt lat="33.334313" lon="126.579149">
        <ele>745.45</ele>
        <time>2025-10-16T17:17:03.418Z</time>
      </trkpt>
      <trkpt lat="33.334177" lon="126.579028">
        <ele>746.46</ele>
        <time>2025-10-16T17:18:03.158Z</time>
      </trkpt>
      <trkpt lat="33.334024" lon="126.578947">
        <ele>746.65</ele>
        <time>2025-10-16T17:19:02.137Z</time>
      </trkpt>
      <trkpt lat="33.333921" lon="126.578871">
        <ele>747.26</ele>
        <time>2025-10-16T17:19:44.794Z</time>
      </trkpt>
      <trkpt lat="33.333802" lon="126.578851">
        <ele>746.89</ele>
        <time>2025-10-16T17:20:27.157Z</time>
      </trkpt>
      <trkpt lat="33.333598" lon="126.578697">
        <ele>747.84</ele>
        <time>2025-10-16T17:21:52.184Z</time>
      </trkpt>
      <trkpt lat="33.333481" lon="126.578586">
        <ele>747.71</ele>
        <time>2025-10-16T17:22:44.817Z</time>
      </trkpt>
      <trkpt lat="33.333289" lon="126.578384">
        <ele>745.14</ele>
        <time>2025-10-16T17:24:14.937Z</time>
      </trkpt>
      <trkpt lat="33.333244" lon="126.578108">
        <ele>744.83</ele>
        <time>2025-10-16T17:25:37.764Z</time>
      </trkpt>
      <trkpt lat="33.333242" lon="126.577886">
        <ele>744.93</ele>
        <time>2025-10-16T17:26:43.156Z</time>
      </trkpt>
      <trkpt lat="33.333187" lon="126.577715">
        <ele>744.05</ele>
        <time>2025-10-16T17:27:37.126Z</time>
      </trkpt>
      <trkpt lat="33.333013" lon="126.5776">
        <ele>739.59</ele>
        <time>2025-10-16T17:28:47.198Z</time>
      </trkpt>
      <trkpt lat="33.332908" lon="126.577408">
        <ele>738.44</ele>
        <time>2025-10-16T17:29:54.788Z</time>
      </trkpt>
      <trkpt lat="33.33276" lon="126.577189">
        <ele>738.53</ele>
        <time>2025-10-16T17:31:17.753Z</time>
      </trkpt>
      <trkpt lat="33.332546" lon="126.576905">
        <ele>738.74</ele>
        <time>2025-10-16T17:33:10.399Z</time>
      </trkpt>
      <trkpt lat="33.332424" lon="126.576644">
        <ele>738.8</ele>
        <time>2025-10-16T17:34:38.489Z</time>
      </trkpt>
      <trkpt lat="33.332158" lon="126.576423">
        <ele>733.96</ele>
        <time>2025-10-16T17:36:32.643Z</time>
      </trkpt>
      <trkpt lat="33.331473" lon="126.575878">
        <ele>723.02</ele>
        <time>2025-10-16T17:41:22.621Z</time>
      </trkpt>
      <trkpt lat="33.331427" lon="126.57571">
        <ele>722.21</ele>
        <time>2025-10-16T17:42:14.694Z</time>
      </trkpt>
      <trkpt lat="33.331413" lon="126.575501">
        <ele>722.54</ele>
        <time>2025-10-16T17:43:16.452Z</time>
      </trkpt>
      <trkpt lat="33.331416" lon="126.575361">
        <ele>723.53</ele>
        <time>2025-10-16T17:43:57.702Z</time>
      </trkpt>
      <trkpt lat="33.331378" lon="126.575292">
        <ele>723.22</ele>
        <time>2025-10-16T17:44:22.043Z</time>
      </trkpt>
      <trkpt lat="33.331245" lon="126.5752">
        <ele>723.01</ele>
        <time>2025-10-16T17:45:16.198Z</time>
      </trkpt>
      <trkpt lat="33.331093" lon="126.575237">
        <ele>720.44</ele>
        <time>2025-10-16T17:46:10.881Z</time>
      </trkpt>
      <trkpt lat="33.330908" lon="126.575005">
        <ele>722.93</ele>
        <time>2025-10-16T17:47:45.345Z</time>
      </trkpt>
      <trkpt lat="33.330825" lon="126.574878">
        <ele>723.99</ele>
        <time>2025-10-16T17:48:32.837Z</time>
      </trkpt>
      <trkpt lat="33.330756" lon="126.574644">
        <ele>727.47</ele>
        <time>2025-10-16T17:49:45.928Z</time>
      </trkpt>
      <trkpt lat="33.330595" lon="126.574476">
        <ele>728.1</ele>
        <time>2025-10-16T17:51:01.229Z</time>
      </trkpt>
      <trkpt lat="33.330532" lon="126.574226">
        <ele>731.19</ele>
        <time>2025-10-16T17:52:18.143Z</time>
      </trkpt>
      <trkpt lat="33.330459" lon="126.574013">
        <ele>732.85</ele>
        <time>2025-10-16T17:53:25.956Z</time>
      </trkpt>
      <trkpt lat="33.330385" lon="126.573771">
        <ele>735.55</ele>
        <time>2025-10-16T17:54:41.861Z</time>
      </trkpt>
      <trkpt lat="33.330241" lon="126.573604">
        <ele>736.18</ele>
        <time>2025-10-16T17:55:52.549Z</time>
      </trkpt>
      <trkpt lat="33.330051" lon="126.57349">
        <ele>736.6</ele>
        <time>2025-10-16T17:57:07.477Z</time>
      </trkpt>
      <trkpt lat="33.329808" lon="126.573407">
        <ele>735.93</ele>
        <time>2025-10-16T17:58:36.564Z</time>
      </trkpt>
      <trkpt lat="33.329621" lon="126.573323">
        <ele>735.5</ele>
        <time>2025-10-16T17:59:46.979Z</time>
      </trkpt>
      <trkpt lat="33.329286" lon="126.573057">
        <ele>736.4</ele>
        <time>2025-10-16T18:02:08.707Z</time>
      </trkpt>
      <trkpt lat="33.329139" lon="126.572824">
        <ele>737.71</ele>
        <time>2025-10-16T18:03:34.707Z</time>
      </trkpt>
      <trkpt lat="33.328967" lon="126.572637">
        <ele>735.77</ele>
        <time>2025-10-16T18:04:56.627Z</time>
      </trkpt>
      <trkpt lat="33.328857" lon="126.572358">
        <ele>736.6</ele>
        <time>2025-10-16T18:06:27.499Z</time>
      </trkpt>
      <trkpt lat="33.32865" lon="126.572014">
        <ele>731.5</ele>
        <time>2025-10-16T18:08:32.370Z</time>
      </trkpt>
      <trkpt lat="33.328484" lon="126.571706">
        <ele>724.05</ele>
        <time>2025-10-16T18:10:20.331Z</time>
      </trkpt>
      <trkpt lat="33.32837" lon="126.571294">
        <ele>721.91</ele>
        <time>2025-10-16T18:12:28.171Z</time>
      </trkpt>
      <trkpt lat="33.328314" lon="126.571249">
        <ele>721.23</ele>
        <time>2025-10-16T18:12:51.950Z</time>
      </trkpt>
      <trkpt lat="33.328229" lon="126.571276">
        <ele>720.31</ele>
        <time>2025-10-16T18:13:22.953Z</time>
      </trkpt>
      <trkpt lat="33.328076" lon="126.571385">
        <ele>718.03</ele>
        <time>2025-10-16T18:14:25.724Z</time>
      </trkpt>
      <trkpt lat="33.327962" lon="126.571384">
        <ele>717.74</ele>
        <time>2025-10-16T18:15:05.914Z</time>
      </trkpt>
      <trkpt lat="33.327881" lon="126.57134">
        <ele>718.39</ele>
        <time>2025-10-16T18:15:37.273Z</time>
      </trkpt>
      <trkpt lat="33.327886" lon="126.571201">
        <ele>721.22</ele>
        <time>2025-10-16T18:16:18.255Z</time>
      </trkpt>
      <trkpt lat="33.327945" lon="126.571058">
        <ele>723.59</ele>
        <time>2025-10-16T18:17:05.233Z</time>
      </trkpt>
      <trkpt lat="33.328047" lon="126.57093">
        <ele>725.96</ele>
        <time>2025-10-16T18:17:57.335Z</time>
      </trkpt>
      <trkpt lat="33.328114" lon="126.57074">
        <ele>728.76</ele>
        <time>2025-10-16T18:18:58.081Z</time>
      </trkpt>
      <trkpt lat="33.328126" lon="126.570528">
        <ele>731.64</ele>
        <time>2025-10-16T18:20:00.671Z</time>
      </trkpt>
      <trkpt lat="33.328088" lon="126.570381">
        <ele>733.75</ele>
        <time>2025-10-16T18:20:45.996Z</time>
      </trkpt>
      <trkpt lat="33.327902" lon="126.570019">
        <ele>737.6</ele>
        <time>2025-10-16T18:22:51.176Z</time>
      </trkpt>
      <trkpt lat="33.327743" lon="126.569742">
        <ele>739.77</ele>
        <time>2025-10-16T18:24:30.168Z</time>
      </trkpt>
      <trkpt lat="33.327545" lon="126.569469">
        <ele>738.63</ele>
        <time>2025-10-16T18:26:16.653Z</time>
      </trkpt>
      <trkpt lat="33.327393" lon="126.569375">
        <ele>735.72</ele>
        <time>2025-10-16T18:27:16.970Z</time>
      </trkpt>
      <trkpt lat="33.327229" lon="126.569306">
        <ele>732.11</ele>
        <time>2025-10-16T18:28:18.255Z</time>
      </trkpt>
      <trkpt lat="33.326944" lon="126.569281">
        <ele>725.3</ele>
        <time>2025-10-16T18:29:58.998Z</time>
      </trkpt>
      <trkpt lat="33.326864" lon="126.569153">
        <ele>723.76</ele>
        <time>2025-10-16T18:30:46.083Z</time>
      </trkpt>
      <trkpt lat="33.32687" lon="126.568981">
        <ele>723.86</ele>
        <time>2025-10-16T18:31:36.792Z</time>
      </trkpt>
      <trkpt lat="33.326902" lon="126.568839">
        <ele>724.69</ele>
        <time>2025-10-16T18:32:20.114Z</time>
      </trkpt>
      <trkpt lat="33.326899" lon="126.568782">
        <ele>725.26</ele>
        <time>2025-10-16T18:32:36.937Z</time>
      </trkpt>
      <trkpt lat="33.326809" lon="126.568768">
        <ele>724.61</ele>
        <time>2025-10-16T18:33:08.932Z</time>
      </trkpt>
      <trkpt lat="33.326655" lon="126.568788">
        <ele>723.3</ele>
        <time>2025-10-16T18:34:03.542Z</time>
      </trkpt>
      <trkpt lat="33.326364" lon="126.568856">
        <ele>719.81</ele>
        <time>2025-10-16T18:35:48.068Z</time>
      </trkpt>
      <trkpt lat="33.326029" lon="126.568883">
        <ele>714.2</ele>
        <time>2025-10-16T18:37:46.436Z</time>
      </trkpt>
      <trkpt lat="33.325927" lon="126.568823">
        <ele>712.08</ele>
        <time>2025-10-16T18:38:26.503Z</time>
      </trkpt>
      <trkpt lat="33.325825" lon="126.568788">
        <ele>710.29</ele>
        <time>2025-10-16T18:39:03.911Z</time>
      </trkpt>
      <trkpt lat="33.325685" lon="126.568763">
        <ele>708.54</ele>
        <time>2025-10-16T18:39:53.813Z</time>
      </trkpt>
      <trkpt lat="33.325638" lon="126.568729">
        <ele>708.21</ele>
        <time>2025-10-16T18:40:13.174Z</time>
      </trkpt>
      <trkpt lat="33.325592" lon="126.568668">
        <ele>708.17</ele>
        <time>2025-10-16T18:40:37.378Z</time>
      </trkpt>
      <trkpt lat="33.32562" lon="126.568555">
        <ele>709.02</ele>
        <time>2025-10-16T18:41:12.097Z</time>
      </trkpt>
      <trkpt lat="33.325668" lon="126.568429">
        <ele>710.37</ele>
        <time>2025-10-16T18:41:52.888Z</time>
      </trkpt>
      <trkpt lat="33.325642" lon="126.568318">
        <ele>711.1</ele>
        <time>2025-10-16T18:42:26.845Z</time>
      </trkpt>
      <trkpt lat="33.325551" lon="126.568206">
        <ele>711.13</ele>
        <time>2025-10-16T18:43:12.863Z</time>
      </trkpt>
      <trkpt lat="33.325438" lon="126.568111">
        <ele>711.04</ele>
        <time>2025-10-16T18:44:01.546Z</time>
      </trkpt>
      <trkpt lat="33.325254" lon="126.567778">
        <ele>713.31</ele>
        <time>2025-10-16T18:45:59.146Z</time>
      </trkpt>
      <trkpt lat="33.32519" lon="126.567569">
        <ele>715.28</ele>
        <time>2025-10-16T18:47:04.715Z</time>
      </trkpt>
      <trkpt lat="33.32518" lon="126.56756">
        <ele>715.38</ele>
        <time>2025-10-16T18:47:09.126Z</time>
      </trkpt>
      <trkpt lat="33.32518000155687" lon="126.5675599873066">
        <ele>710.2</ele>
        <time>2025-10-16T18:47:09.130Z</time>
      </trkpt>
      <trkpt lat="33.32518" lon="126.56756">
        <ele>715.38</ele>
        <time>2025-10-16T18:47:09.134Z</time>
      </trkpt>
      <trkpt lat="33.325126" lon="126.56751">
        <ele>715.93</ele>
        <time>2025-10-16T18:47:37.139Z</time>
      </trkpt>
      <trkpt lat="33.325041" lon="126.567579">
        <ele>715.32</ele>
        <time>2025-10-16T18:48:19.268Z</time>
      </trkpt>
      <trkpt lat="33.324922" lon="126.567695">
        <ele>713.38</ele>
        <time>2025-10-16T18:49:22.222Z</time>
      </trkpt>
      <trkpt lat="33.324616" lon="126.56782">
        <ele>709.61</ele>
        <time>2025-10-16T18:51:34.848Z</time>
      </trkpt>
      <trkpt lat="33.324533" lon="126.567839">
        <ele>708.28</ele>
        <time>2025-10-16T18:52:09.510Z</time>
      </trkpt>
      <trkpt lat="33.324447" lon="126.567763">
        <ele>707.55</ele>
        <time>2025-10-16T18:52:53.360Z</time>
      </trkpt>
      <trkpt lat="33.324388" lon="126.56761">
        <ele>707.17</ele>
        <time>2025-10-16T18:53:51.113Z</time>
      </trkpt>
      <trkpt lat="33.324331" lon="126.567504">
        <ele>706.82</ele>
        <time>2025-10-16T18:54:34.316Z</time>
      </trkpt>
      <trkpt lat="33.324235" lon="126.567437">
        <ele>705.24</ele>
        <time>2025-10-16T18:55:19.900Z</time>
      </trkpt>
      <trkpt lat="33.324095" lon="126.56736">
        <ele>703.17</ele>
        <time>2025-10-16T18:56:23.099Z</time>
      </trkpt>
      <trkpt lat="33.323778" lon="126.567325">
        <ele>699.68</ele>
        <time>2025-10-16T18:58:33.679Z</time>
      </trkpt>
      <trkpt lat="33.32346" lon="126.567237">
        <ele>698.57</ele>
        <time>2025-10-16T19:00:47.558Z</time>
      </trkpt>
      <trkpt lat="33.323316" lon="126.567231">
        <ele>697.27</ele>
        <time>2025-10-16T19:01:46.660Z</time>
      </trkpt>
      <trkpt lat="33.323239" lon="126.567213">
        <ele>696.64</ele>
        <time>2025-10-16T19:02:18.840Z</time>
      </trkpt>
      <trkpt lat="33.323133" lon="126.567174">
        <ele>695.74</ele>
        <time>2025-10-16T19:03:04.327Z</time>
      </trkpt>
      <trkpt lat="33.323014" lon="126.567045">
        <ele>695.14</ele>
        <time>2025-10-16T19:04:10.186Z</time>
      </trkpt>
      <trkpt lat="33.322887" lon="126.566967">
        <ele>693.44</ele>
        <time>2025-10-16T19:05:08.738Z</time>
      </trkpt>
      <trkpt lat="33.322799" lon="126.566877">
        <ele>692.91</ele>
        <time>2025-10-16T19:05:56.219Z</time>
      </trkpt>
      <trkpt lat="33.322517" lon="126.566841">
        <ele>690.27</ele>
        <time>2025-10-16T19:07:52.546Z</time>
      </trkpt>
      <trkpt lat="33.322417" lon="126.56684">
        <ele>688.94</ele>
        <time>2025-10-16T19:08:33.565Z</time>
      </trkpt>
      <trkpt lat="33.322265" lon="126.566867">
        <ele>687.8</ele>
        <time>2025-10-16T19:09:36.595Z</time>
      </trkpt>
      <trkpt lat="33.322151" lon="126.566837">
        <ele>686.36</ele>
        <time>2025-10-16T19:10:24.472Z</time>
      </trkpt>
      <trkpt lat="33.321958" lon="126.566758">
        <ele>683.68</ele>
        <time>2025-10-16T19:11:48.139Z</time>
      </trkpt>
      <trkpt lat="33.3217" lon="126.566719">
        <ele>681.48</ele>
        <time>2025-10-16T19:13:34.806Z</time>
      </trkpt>
      <trkpt lat="33.321548" lon="126.566682">
        <ele>680.2</ele>
        <time>2025-10-16T19:14:38.430Z</time>
      </trkpt>
      <trkpt lat="33.321284" lon="126.566687">
        <ele>678.39</ele>
        <time>2025-10-16T19:16:26.731Z</time>
      </trkpt>
      <trkpt lat="33.321145" lon="126.566699">
        <ele>676.96</ele>
        <time>2025-10-16T19:17:23.894Z</time>
      </trkpt>
      <trkpt lat="33.320652" lon="126.566774">
        <ele>671.21</ele>
        <time>2025-10-16T19:20:47.741Z</time>
      </trkpt>
      <trkpt lat="33.32046" lon="126.566788">
        <ele>669.32</ele>
        <time>2025-10-16T19:22:06.642Z</time>
      </trkpt>
      <trkpt lat="33.320294" lon="126.566896">
        <ele>667.32</ele>
        <time>2025-10-16T19:23:24.144Z</time>
      </trkpt>
      <trkpt lat="33.32017" lon="126.566952">
        <ele>666.3</ele>
        <time>2025-10-16T19:24:18.507Z</time>
      </trkpt>
      <trkpt lat="33.32006" lon="126.566936">
        <ele>665.53</ele>
        <time>2025-10-16T19:25:03.959Z</time>
      </trkpt>
      <trkpt lat="33.319979" lon="126.566914">
        <ele>664.98</ele>
        <time>2025-10-16T19:25:38.028Z</time>
      </trkpt>
      <trkpt lat="33.319807" lon="126.567151">
        <ele>663.73</ele>
        <time>2025-10-16T19:27:25.621Z</time>
      </trkpt>
      <trkpt lat="33.319677" lon="126.567285">
        <ele>662.16</ele>
        <time>2025-10-16T19:28:35.997Z</time>
      </trkpt>
      <trkpt lat="33.319621" lon="126.567384">
        <ele>661.58</ele>
        <time>2025-10-16T19:29:16.973Z</time>
      </trkpt>
      <trkpt lat="33.319419" lon="126.567671">
        <ele>658.15</ele>
        <time>2025-10-16T19:31:25.589Z</time>
      </trkpt>
      <trkpt lat="33.319262" lon="126.567663">
        <ele>656.96</ele>
        <time>2025-10-16T19:32:30.045Z</time>
      </trkpt>
      <trkpt lat="33.319177" lon="126.567685">
        <ele>656.16</ele>
        <time>2025-10-16T19:33:05.716Z</time>
      </trkpt>
      <trkpt lat="33.319038" lon="126.567754">
        <ele>654.06</ele>
        <time>2025-10-16T19:34:07.441Z</time>
      </trkpt>
      <trkpt lat="33.318876" lon="126.567881">
        <ele>651.32</ele>
        <time>2025-10-16T19:35:26.879Z</time>
      </trkpt>
      <trkpt lat="33.318771" lon="126.567915">
        <ele>649.87</ele>
        <time>2025-10-16T19:36:11.496Z</time>
      </trkpt>
      <trkpt lat="33.318571" lon="126.568042">
        <ele>646.96</ele>
        <time>2025-10-16T19:37:44.366Z</time>
      </trkpt>
      <trkpt lat="33.318403" lon="126.568256">
        <ele>644.01</ele>
        <time>2025-10-16T19:39:25.009Z</time>
      </trkpt>
      <trkpt lat="33.318282" lon="126.568315">
        <ele>642.49</ele>
        <time>2025-10-16T19:40:18.602Z</time>
      </trkpt>
      <trkpt lat="33.318152" lon="126.56832">
        <ele>640.68</ele>
        <time>2025-10-16T19:41:11.953Z</time>
      </trkpt>
      <trkpt lat="33.318056" lon="126.568269">
        <ele>640.05</ele>
        <time>2025-10-16T19:41:55.036Z</time>
      </trkpt>
      <trkpt lat="33.317888" lon="126.567948">
        <ele>639.84</ele>
        <time>2025-10-16T19:44:04.861Z</time>
      </trkpt>
      <trkpt lat="33.317747" lon="126.567808">
        <ele>638.02</ele>
        <time>2025-10-16T19:45:20.012Z</time>
      </trkpt>
      <trkpt lat="33.317534" lon="126.56758">
        <ele>636.36</ele>
        <time>2025-10-16T19:47:17.233Z</time>
      </trkpt>
      <trkpt lat="33.317386" lon="126.567529">
        <ele>634.31</ele>
        <time>2025-10-16T19:48:20.406Z</time>
      </trkpt>
      <trkpt lat="33.31726" lon="126.567551">
        <ele>631.44</ele>
        <time>2025-10-16T19:49:12.636Z</time>
      </trkpt>
      <trkpt lat="33.317234" lon="126.567565">
        <ele>630.81</ele>
        <time>2025-10-16T19:49:24.330Z</time>
      </trkpt>
      <trkpt lat="33.31723999232054" lon="126.56758002005517">
        <ele>631.9</ele>
        <time>2025-10-16T19:49:29.598Z</time>
      </trkpt>
      <trkpt lat="33.317234" lon="126.567565">
        <ele>630.81</ele>
        <time>2025-10-16T19:49:34.866Z</time>
      </trkpt>
      <trkpt lat="33.317074" lon="126.56765">
        <ele>626.94</ele>
        <time>2025-10-16T19:50:41.182Z</time>
      </trkpt>
      <trkpt lat="33.316785" lon="126.568047">
        <ele>618.44</ele>
        <time>2025-10-16T19:53:27.856Z</time>
      </trkpt>
      <trkpt lat="33.316454" lon="126.568422">
        <ele>610.33</ele>
        <time>2025-10-16T19:56:20.527Z</time>
      </trkpt>
      <trkpt lat="33.316339" lon="126.568562">
        <ele>607.16</ele>
        <time>2025-10-16T19:57:22.672Z</time>
      </trkpt>
      <trkpt lat="33.316185" lon="126.568674">
        <ele>604.82</ele>
        <time>2025-10-16T19:58:30.940Z</time>
      </trkpt>
      <trkpt lat="33.316155" lon="126.568755">
        <ele>603.64</ele>
        <time>2025-10-16T19:58:58.987Z</time>
      </trkpt>
      <trkpt lat="33.316126" lon="126.568897">
        <ele>601.78</ele>
        <time>2025-10-16T19:59:45.262Z</time>
      </trkpt>
      <trkpt lat="33.316093" lon="126.569018">
        <ele>600.14</ele>
        <time>2025-10-16T20:00:25.554Z</time>
      </trkpt>
      <trkpt lat="33.316028" lon="126.569093">
        <ele>598.64</ele>
        <time>2025-10-16T20:00:59.759Z</time>
      </trkpt>
      <trkpt lat="33.31594" lon="126.569173">
        <ele>596.47</ele>
        <time>2025-10-16T20:01:41.624Z</time>
      </trkpt>
      <trkpt lat="33.315842" lon="126.569224">
        <ele>594.99</ele>
        <time>2025-10-16T20:02:22.107Z</time>
      </trkpt>
      <trkpt lat="33.315647" lon="126.569434">
        <ele>590.89</ele>
        <time>2025-10-16T20:04:01.487Z</time>
      </trkpt>
      <trkpt lat="33.315528" lon="126.569618">
        <ele>586.84</ele>
        <time>2025-10-16T20:05:15.142Z</time>
      </trkpt>
      <trkpt lat="33.315191" lon="126.56997">
        <ele>576.75</ele>
        <time>2025-10-16T20:08:04.597Z</time>
      </trkpt>
      <trkpt lat="33.314999" lon="126.570124">
        <ele>571.56</ele>
        <time>2025-10-16T20:09:32.158Z</time>
      </trkpt>
      <trkpt lat="33.314823" lon="126.57035">
        <ele>566.81</ele>
        <time>2025-10-16T20:11:09.953Z</time>
      </trkpt>
      <trkpt lat="33.314508" lon="126.570855">
        <ele>560.71</ele>
        <time>2025-10-16T20:14:29.446Z</time>
      </trkpt>
      <trkpt lat="33.314389" lon="126.570922">
        <ele>559.12</ele>
        <time>2025-10-16T20:15:19.266Z</time>
      </trkpt>
      <trkpt lat="33.314295" lon="126.571124">
        <ele>556.14</ele>
        <time>2025-10-16T20:16:32.459Z</time>
      </trkpt>
      <trkpt lat="33.31423" lon="126.571173">
        <ele>555.13</ele>
        <time>2025-10-16T20:17:01.561Z</time>
      </trkpt>
      <trkpt lat="33.314145" lon="126.571193">
        <ele>554.3</ele>
        <time>2025-10-16T20:17:34.377Z</time>
      </trkpt>
      <trkpt lat="33.314049" lon="126.571263">
        <ele>552.23</ele>
        <time>2025-10-16T20:18:16.963Z</time>
      </trkpt>
      <trkpt lat="33.313975" lon="126.571504">
        <ele>549.39</ele>
        <time>2025-10-16T20:19:38.244Z</time>
      </trkpt>
      <trkpt lat="33.313741" lon="126.57148">
        <ele>544.29</ele>
        <time>2025-10-16T20:21:07.214Z</time>
      </trkpt>
      <trkpt lat="33.313603" lon="126.571427">
        <ele>540.52</ele>
        <time>2025-10-16T20:22:02.118Z</time>
      </trkpt>
      <trkpt lat="33.313468" lon="126.571257">
        <ele>537.05</ele>
        <time>2025-10-16T20:23:16.359Z</time>
      </trkpt>
      <trkpt lat="33.313363" lon="126.57102">
        <ele>533.63</ele>
        <time>2025-10-16T20:24:41.279Z</time>
      </trkpt>
      <trkpt lat="33.313313" lon="126.57082">
        <ele>531.19</ele>
        <time>2025-10-16T20:25:47.366Z</time>
      </trkpt>
      <trkpt lat="33.313301" lon="126.570705">
        <ele>530.1</ele>
        <time>2025-10-16T20:26:24.055Z</time>
      </trkpt>
      <trkpt lat="33.313353" lon="126.570343">
        <ele>529.47</ele>
        <time>2025-10-16T20:28:20.336Z</time>
      </trkpt>
      <trkpt lat="33.313394" lon="126.569458">
        <ele>528.54</ele>
        <time>2025-10-16T20:33:00.936Z</time>
      </trkpt>
      <trkpt lat="33.313376" lon="126.569142">
        <ele>528.48</ele>
        <time>2025-10-16T20:34:41.206Z</time>
      </trkpt>
      <trkpt lat="33.313204" lon="126.568057">
        <ele>530.52</ele>
        <time>2025-10-16T20:40:30.817Z</time>
      </trkpt>
      <trkpt lat="33.313197" lon="126.567852">
        <ele>531.67</ele>
        <time>2025-10-16T20:41:35.769Z</time>
      </trkpt>
      <trkpt lat="33.31323" lon="126.56772">
        <ele>533.33</ele>
        <time>2025-10-16T20:42:19.387Z</time>
      </trkpt>
      <trkpt lat="33.313289" lon="126.567608">
        <ele>534.85</ele>
        <time>2025-10-16T20:43:01.300Z</time>
      </trkpt>
      <trkpt lat="33.313358" lon="126.567532">
        <ele>536.33</ele>
        <time>2025-10-16T20:43:36.826Z</time>
      </trkpt>
      <trkpt lat="33.313394" lon="126.567444">
        <ele>537.86</ele>
        <time>2025-10-16T20:44:07.843Z</time>
      </trkpt>
      <trkpt lat="33.313316" lon="126.566939">
        <ele>541.02</ele>
        <time>2025-10-16T20:46:50.421Z</time>
      </trkpt>
      <trkpt lat="33.313208" lon="126.566488">
        <ele>543.35</ele>
        <time>2025-10-16T20:49:18.943Z</time>
      </trkpt>
      <trkpt lat="33.31315" lon="126.566417">
        <ele>543.14</ele>
        <time>2025-10-16T20:49:50.375Z</time>
      </trkpt>
      <trkpt lat="33.313179" lon="126.566299">
        <ele>544.23</ele>
        <time>2025-10-16T20:50:29.313Z</time>
      </trkpt>
      <trkpt lat="33.313212" lon="126.566078">
        <ele>547.16</ele>
        <time>2025-10-16T20:51:40.384Z</time>
      </trkpt>
      <trkpt lat="33.313195" lon="126.565993">
        <ele>547.76</ele>
        <time>2025-10-16T20:52:08.052Z</time>
      </trkpt>
      <trkpt lat="33.313154" lon="126.565858">
        <ele>547.88</ele>
        <time>2025-10-16T20:52:53.524Z</time>
      </trkpt>
      <trkpt lat="33.31314995884895" lon="126.56585996970534">
        <ele>540.6</ele>
        <time>2025-10-16T20:52:55.177Z</time>
      </trkpt>
      <trkpt lat="33.313020039349794" lon="126.56559996306896">
        <ele>540.6</ele>
        <time>2025-10-17T08:42:17.969Z</time>
      </trkpt>
      <trkpt lat="33.31286002881825" lon="126.56535001471639">
        <ele>540.5</ele>
        <time>2025-10-17T08:43:32.969Z</time>
      </trkpt>
      <trkpt lat="33.312700018286705" lon="126.56511004082859">
        <ele>540.2</ele>
        <time>2025-10-17T08:44:47.969Z</time>
      </trkpt>
      <trkpt lat="33.312549982219934" lon="126.56488004140556">
        <ele>540</ele>
        <time>2025-10-17T08:46:03.969Z</time>
      </trkpt>
      <trkpt lat="33.312400029972196" lon="126.56460997648537">
        <ele>539.5</ele>
        <time>2025-10-17T08:47:18.969Z</time>
      </trkpt>
      <trkpt lat="33.31228000111878" lon="126.56434996984899">
        <ele>539</ele>
        <time>2025-10-17T08:48:33.969Z</time>
      </trkpt>
      <trkpt lat="33.31218000501394" lon="126.56408996321261">
        <ele>538.5</ele>
        <time>2025-10-17T08:49:49.969Z</time>
      </trkpt>
      <trkpt lat="33.312119990587234" lon="126.56387999653816">
        <ele>537.8</ele>
        <time>2025-10-17T08:51:04.969Z</time>
      </trkpt>
      <trkpt lat="33.312059976160526" lon="126.56365997157991">
        <ele>537.1</ele>
        <time>2025-10-17T08:52:20.969Z</time>
      </trkpt>
      <trkpt lat="33.31195998005569" lon="126.56345000490546">
        <ele>536.4</ele>
        <time>2025-10-17T08:53:35.969Z</time>
      </trkpt>
      <trkpt lat="33.31185998395085" lon="126.56325998716056">
        <ele>535.5</ele>
        <time>2025-10-17T08:54:51.969Z</time>
      </trkpt>
      <trkpt lat="33.31172998063266" lon="126.56302998773754">
        <ele>534.7</ele>
        <time>2025-10-17T08:56:06.969Z</time>
      </trkpt>
      <trkpt lat="33.311580028384924" lon="126.56279998831451">
        <ele>533.7</ele>
        <time>2025-10-17T08:57:22.969Z</time>
      </trkpt>
      <trkpt lat="33.31140995956957" lon="126.56256998889148">
        <ele>532.8</ele>
        <time>2025-10-17T08:58:37.969Z</time>
      </trkpt>
      <trkpt lat="33.311239974573255" lon="126.56233001500368">
        <ele>531.9</ele>
        <time>2025-10-17T08:59:53.969Z</time>
      </trkpt>
      <trkpt lat="33.31112002953887" lon="126.56214997172356">
        <ele>531.3</ele>
        <time>2025-10-17T09:00:44.969Z</time>
      </trkpt>
      <trkpt lat="33.31094996072352" lon="126.56188996508718">
        <ele>530.3</ele>
        <time>2025-10-17T09:01:59.969Z</time>
      </trkpt>
      <trkpt lat="33.310790034011006" lon="126.56164999119937">
        <ele>529.4</ele>
        <time>2025-10-17T09:03:15.969Z</time>
      </trkpt>
      <trkpt lat="33.310660030692816" lon="126.56142996624112">
        <ele>528.4</ele>
        <time>2025-10-17T09:04:31.969Z</time>
      </trkpt>
      <trkpt lat="33.31054997630417" lon="126.56118999235332">
        <ele>527.1</ele>
        <time>2025-10-17T09:06:12.969Z</time>
      </trkpt>
      <trkpt lat="33.31047001294792" lon="126.56096996739507">
        <ele>525.4</ele>
        <time>2025-10-17T09:08:18.969Z</time>
      </trkpt>
      <trkpt lat="33.3103499840945" lon="126.5607800334692">
        <ele>522.5</ele>
        <time>2025-10-17T09:11:40.969Z</time>
      </trkpt>
      <trkpt lat="33.31025996245444" lon="126.56056998297572">
        <ele>520.2</ele>
        <time>2025-10-17T09:14:11.969Z</time>
      </trkpt>
      <trkpt lat="33.3101599663496" lon="126.56037996523082">
        <ele>517.5</ele>
        <time>2025-10-17T09:17:08.969Z</time>
      </trkpt>
      <trkpt lat="33.309970032423735" lon="126.56043000519276">
        <ele>514.3</ele>
        <time>2025-10-17T09:20:31.969Z</time>
      </trkpt>
      <trkpt lat="33.30978998914361" lon="126.56046998687088">
        <ele>511.6</ele>
        <time>2025-10-17T09:23:28.969Z</time>
      </trkpt>
      <trkpt lat="33.30959997139871" lon="126.56052002683282">
        <ele>508</ele>
        <time>2025-10-17T09:27:15.969Z</time>
      </trkpt>
      <trkpt lat="33.309410037472844" lon="126.56056998297572">
        <ele>504.7</ele>
        <time>2025-10-17T09:31:03.969Z</time>
      </trkpt>
      <trkpt lat="33.309220019727945" lon="126.56062999740243">
        <ele>502.2</ele>
        <time>2025-10-17T09:34:00.969Z</time>
      </trkpt>
      <trkpt lat="33.30903997644782" lon="126.56066000461578">
        <ele>500.3</ele>
        <time>2025-10-17T09:36:32.969Z</time>
      </trkpt>
      <trkpt lat="33.30886001698673" lon="126.56069998629391">
        <ele>498.1</ele>
        <time>2025-10-17T09:39:54.969Z</time>
      </trkpt>
      <trkpt lat="33.30873001366854" lon="126.56053997576237">
        <ele>495.9</ele>
        <time>2025-10-17T09:40:59.577Z</time>
      </trkpt>
      <trkpt lat="33.308748" lon="126.560535">
        <ele>494.73</ele>
        <time>2025-10-17T09:41:05.972Z</time>
      </trkpt>
      <trkpt lat="33.308671" lon="126.560099">
        <ele>495.26</ele>
        <time>2025-10-17T09:43:14.987Z</time>
      </trkpt>
      <trkpt lat="33.308626" lon="126.559753">
        <ele>497.96</ele>
        <time>2025-10-17T09:44:56.364Z</time>
      </trkpt>
      <trkpt lat="33.308537" lon="126.559061">
        <ele>498.72</ele>
        <time>2025-10-17T09:48:19.065Z</time>
      </trkpt>
      <trkpt lat="33.308253" lon="126.559038">
        <ele>494.34</ele>
        <time>2025-10-17T09:49:57.673Z</time>
      </trkpt>
      <trkpt lat="33.308179" lon="126.559033">
        <ele>492.78</ele>
        <time>2025-10-17T09:50:23.348Z</time>
      </trkpt>
      <trkpt lat="33.308194" lon="126.558817">
        <ele>494.76</ele>
        <time>2025-10-17T09:51:26.098Z</time>
      </trkpt>
      <trkpt lat="33.308154" lon="126.558716">
        <ele>495.12</ele>
        <time>2025-10-17T09:51:58.456Z</time>
      </trkpt>
      <trkpt lat="33.308053" lon="126.558621">
        <ele>495.2</ele>
        <time>2025-10-17T09:52:42.960Z</time>
      </trkpt>
      <trkpt lat="33.307774" lon="126.558512">
        <ele>495.58</ele>
        <time>2025-10-17T09:54:24.632Z</time>
      </trkpt>
      <trkpt lat="33.307925" lon="126.558255">
        <ele>500.39</ele>
        <time>2025-10-17T09:55:55.585Z</time>
      </trkpt>
      <trkpt lat="33.308082" lon="126.55817">
        <ele>501.37</ele>
        <time>2025-10-17T09:56:55.281Z</time>
      </trkpt>
      <trkpt lat="33.308229" lon="126.55814">
        <ele>502.72</ele>
        <time>2025-10-17T09:57:46.940Z</time>
      </trkpt>
      <trkpt lat="33.30832" lon="126.557995">
        <ele>503.86</ele>
        <time>2025-10-17T09:58:39.438Z</time>
      </trkpt>
      <trkpt lat="33.308347" lon="126.557862">
        <ele>504.04</ele>
        <time>2025-10-17T09:59:19.063Z</time>
      </trkpt>
      <trkpt lat="33.308071" lon="126.557387">
        <ele>502.89</ele>
        <time>2025-10-17T10:02:06.553Z</time>
      </trkpt>
      <trkpt lat="33.308091" lon="126.557185">
        <ele>503.26</ele>
        <time>2025-10-17T10:03:05.443Z</time>
      </trkpt>
      <trkpt lat="33.308189" lon="126.557096">
        <ele>503.97</ele>
        <time>2025-10-17T10:03:48.063Z</time>
      </trkpt>
      <trkpt lat="33.308364" lon="126.556931">
        <ele>501.36</ele>
        <time>2025-10-17T10:05:05.245Z</time>
      </trkpt>
      <trkpt lat="33.308533" lon="126.556974">
        <ele>499.66</ele>
        <time>2025-10-17T10:06:05.099Z</time>
      </trkpt>
      <trkpt lat="33.308762" lon="126.556815">
        <ele>499.05</ele>
        <time>2025-10-17T10:07:36.817Z</time>
      </trkpt>
      <trkpt lat="33.30899" lon="126.556655">
        <ele>501.51</ele>
        <time>2025-10-17T10:09:08.382Z</time>
      </trkpt>
      <trkpt lat="33.309365" lon="126.556428">
        <ele>505.52</ele>
        <time>2025-10-17T10:11:33.967Z</time>
      </trkpt>
      <trkpt lat="33.310085" lon="126.555906">
        <ele>516.47</ele>
        <time>2025-10-17T10:16:25.600Z</time>
      </trkpt>
      <trkpt lat="33.310131" lon="126.555896">
        <ele>516.85</ele>
        <time>2025-10-17T10:16:41.796Z</time>
      </trkpt>
      <trkpt lat="33.310255" lon="126.555902">
        <ele>517.99</ele>
        <time>2025-10-17T10:17:24.787Z</time>
      </trkpt>
      <trkpt lat="33.310571" lon="126.555984">
        <ele>521.92</ele>
        <time>2025-10-17T10:19:16.800Z</time>
      </trkpt>
      <trkpt lat="33.310719" lon="126.556043">
        <ele>523.63</ele>
        <time>2025-10-17T10:20:10.840Z</time>
      </trkpt>
      <trkpt lat="33.310818" lon="126.556096">
        <ele>524.71</ele>
        <time>2025-10-17T10:20:48.411Z</time>
      </trkpt>
      <trkpt lat="33.310958" lon="126.556296">
        <ele>525.69</ele>
        <time>2025-10-17T10:22:03.940Z</time>
      </trkpt>
      <trkpt lat="33.311302" lon="126.55655">
        <ele>528.2</ele>
        <time>2025-10-17T10:24:23.970Z</time>
      </trkpt>
      <trkpt lat="33.311536" lon="126.556738">
        <ele>530.68</ele>
        <time>2025-10-17T10:26:01.609Z</time>
      </trkpt>
      <trkpt lat="33.311652" lon="126.557072">
        <ele>533.08</ele>
        <time>2025-10-17T10:27:46.320Z</time>
      </trkpt>
      <trkpt lat="33.312134" lon="126.556817">
        <ele>542.8</ele>
        <time>2025-10-17T10:30:48.886Z</time>
      </trkpt>
      <trkpt lat="33.312351" lon="126.556633">
        <ele>546.81</ele>
        <time>2025-10-17T10:32:21.019Z</time>
      </trkpt>
      <trkpt lat="33.312401" lon="126.556548">
        <ele>547.4</ele>
        <time>2025-10-17T10:32:51.111Z</time>
      </trkpt>
      <trkpt lat="33.312469" lon="126.556328">
        <ele>549.33</ele>
        <time>2025-10-17T10:33:59.017Z</time>
      </trkpt>
      <trkpt lat="33.312576" lon="126.556167">
        <ele>552.56</ele>
        <time>2025-10-17T10:34:58.568Z</time>
      </trkpt>
      <trkpt lat="33.312657" lon="126.555882">
        <ele>557.05</ele>
        <time>2025-10-17T10:36:25.716Z</time>
      </trkpt>
      <trkpt lat="33.312844" lon="126.555718">
        <ele>564.33</ele>
        <time>2025-10-17T10:37:46.032Z</time>
      </trkpt>
      <trkpt lat="33.312981" lon="126.555299">
        <ele>573.87</ele>
        <time>2025-10-17T10:39:56.285Z</time>
      </trkpt>
      <trkpt lat="33.313194" lon="126.555233">
        <ele>579.55</ele>
        <time>2025-10-17T10:41:12.506Z</time>
      </trkpt>
      <trkpt lat="33.313346" lon="126.555105">
        <ele>582.64</ele>
        <time>2025-10-17T10:42:16.893Z</time>
      </trkpt>
      <trkpt lat="33.313559" lon="126.554978">
        <ele>585.31</ele>
        <time>2025-10-17T10:43:39.333Z</time>
      </trkpt>
      <trkpt lat="33.313717" lon="126.554814">
        <ele>586.4</ele>
        <time>2025-10-17T10:44:51.789Z</time>
      </trkpt>
      <trkpt lat="33.313815" lon="126.554585">
        <ele>587.02</ele>
        <time>2025-10-17T10:46:06.270Z</time>
      </trkpt>
      <trkpt lat="33.313976" lon="126.554412">
        <ele>588.02</ele>
        <time>2025-10-17T10:47:21.229Z</time>
      </trkpt>
      <trkpt lat="33.314315" lon="126.553823">
        <ele>594.76</ele>
        <time>2025-10-17T10:50:48.269Z</time>
      </trkpt>
      <trkpt lat="33.314484" lon="126.553529">
        <ele>595.9</ele>
        <time>2025-10-17T10:52:31.571Z</time>
      </trkpt>
      <trkpt lat="33.314654" lon="126.553316">
        <ele>598.28</ele>
        <time>2025-10-17T10:53:56.837Z</time>
      </trkpt>
      <trkpt lat="33.314808" lon="126.553233">
        <ele>600.87</ele>
        <time>2025-10-17T10:54:55.347Z</time>
      </trkpt>
      <trkpt lat="33.314977" lon="126.553171">
        <ele>603.52</ele>
        <time>2025-10-17T10:55:56.304Z</time>
      </trkpt>
      <trkpt lat="33.314977" lon="126.553171">
        <ele>603.51</ele>
        <time>2025-10-17T10:55:56.304Z</time>
      </trkpt>
      <trkpt lat="33.31527" lon="126.553064">
        <ele>608.1</ele>
        <time>2025-10-17T10:57:41.945Z</time>
      </trkpt>
      <trkpt lat="33.315612" lon="126.552955">
        <ele>610.59</ele>
        <time>2025-10-17T10:59:43.995Z</time>
      </trkpt>
      <trkpt lat="33.315917" lon="126.552927">
        <ele>612.71</ele>
        <time>2025-10-17T11:01:29.483Z</time>
      </trkpt>
      <trkpt lat="33.316181" lon="126.552518">
        <ele>615.06</ele>
        <time>2025-10-17T11:03:58.414Z</time>
      </trkpt>
      <trkpt lat="33.316808" lon="126.552074">
        <ele>617.29</ele>
        <time>2025-10-17T11:08:09.657Z</time>
      </trkpt>
      <trkpt lat="33.317017" lon="126.551926">
        <ele>619.9</ele>
        <time>2025-10-17T11:09:33.404Z</time>
      </trkpt>
      <trkpt lat="33.31781" lon="126.551783">
        <ele>634.95</ele>
        <time>2025-10-17T11:14:09.959Z</time>
      </trkpt>
      <trkpt lat="33.318672" lon="126.551559">
        <ele>652.29</ele>
        <time>2025-10-17T11:19:14.149Z</time>
      </trkpt>
      <trkpt lat="33.319252" lon="126.551283">
        <ele>663.04</ele>
        <time>2025-10-17T11:22:49.396Z</time>
      </trkpt>
      <trkpt lat="33.319636" lon="126.550936">
        <ele>672.08</ele>
        <time>2025-10-17T11:25:35.331Z</time>
      </trkpt>
      <trkpt lat="33.319813" lon="126.550934">
        <ele>675.7</ele>
        <time>2025-10-17T11:26:36.372Z</time>
      </trkpt>
      <trkpt lat="33.319934" lon="126.550913">
        <ele>677.69</ele>
        <time>2025-10-17T11:27:18.535Z</time>
      </trkpt>
      <trkpt lat="33.320216" lon="126.550967">
        <ele>683.44</ele>
        <time>2025-10-17T11:28:57.020Z</time>
      </trkpt>
      <trkpt lat="33.3204" lon="126.55091">
        <ele>687.33</ele>
        <time>2025-10-17T11:30:02.564Z</time>
      </trkpt>
      <trkpt lat="33.320671" lon="126.550791">
        <ele>693.33</ele>
        <time>2025-10-17T11:31:42.111Z</time>
      </trkpt>
      <trkpt lat="33.320767" lon="126.550728">
        <ele>695.36</ele>
        <time>2025-10-17T11:32:19.867Z</time>
      </trkpt>
      <trkpt lat="33.32088" lon="126.550598">
        <ele>697.58</ele>
        <time>2025-10-17T11:33:13.921Z</time>
      </trkpt>
      <trkpt lat="33.320932" lon="126.550467">
        <ele>699.36</ele>
        <time>2025-10-17T11:33:55.712Z</time>
      </trkpt>
      <trkpt lat="33.320977" lon="126.55038">
        <ele>701.11</ele>
        <time>2025-10-17T11:34:25.196Z</time>
      </trkpt>
      <trkpt lat="33.321133" lon="126.550213">
        <ele>705.45</ele>
        <time>2025-10-17T11:35:37.375Z</time>
      </trkpt>
      <trkpt lat="33.321333" lon="126.550062">
        <ele>709.91</ele>
        <time>2025-10-17T11:36:58.923Z</time>
      </trkpt>
      <trkpt lat="33.321725" lon="126.550099">
        <ele>717.46</ele>
        <time>2025-10-17T11:39:14.524Z</time>
      </trkpt>
      <trkpt lat="33.321808" lon="126.549968">
        <ele>719.9</ele>
        <time>2025-10-17T11:40:01.837Z</time>
      </trkpt>
      <trkpt lat="33.321808" lon="126.549968">
        <ele>719.89</ele>
        <time>2025-10-17T11:40:01.837Z</time>
      </trkpt>
      <trkpt lat="33.321833" lon="126.549929">
        <ele>720.61</ele>
        <time>2025-10-17T11:40:15.983Z</time>
      </trkpt>
      <trkpt lat="33.321962" lon="126.549454">
        <ele>724.2</ele>
        <time>2025-10-17T11:42:39.724Z</time>
      </trkpt>
      <trkpt lat="33.321981" lon="126.549336">
        <ele>724.76</ele>
        <time>2025-10-17T11:43:14.308Z</time>
      </trkpt>
      <trkpt lat="33.32207" lon="126.549077">
        <ele>726.06</ele>
        <time>2025-10-17T11:44:34.903Z</time>
      </trkpt>
      <trkpt lat="33.322142" lon="126.548895">
        <ele>728.04</ele>
        <time>2025-10-17T11:45:32.855Z</time>
      </trkpt>
      <trkpt lat="33.322289" lon="126.548617">
        <ele>731.09</ele>
        <time>2025-10-17T11:47:07.535Z</time>
      </trkpt>
      <trkpt lat="33.322343" lon="126.548373">
        <ele>731.27</ele>
        <time>2025-10-17T11:48:20.177Z</time>
      </trkpt>
      <trkpt lat="33.322272" lon="126.548182">
        <ele>729.22</ele>
        <time>2025-10-17T11:49:20.339Z</time>
      </trkpt>
      <trkpt lat="33.322176" lon="126.54804">
        <ele>725.71</ele>
        <time>2025-10-17T11:50:12.906Z</time>
      </trkpt>
      <trkpt lat="33.322199" lon="126.547902">
        <ele>725.38</ele>
        <time>2025-10-17T11:50:53.403Z</time>
      </trkpt>
      <trkpt lat="33.322264" lon="126.547774">
        <ele>726.61</ele>
        <time>2025-10-17T11:51:36.509Z</time>
      </trkpt>
      <trkpt lat="33.322382" lon="126.547647">
        <ele>729.76</ele>
        <time>2025-10-17T11:52:31.167Z</time>
      </trkpt>
      <trkpt lat="33.322348" lon="126.547505">
        <ele>729</ele>
        <time>2025-10-17T11:53:13.678Z</time>
      </trkpt>
      <trkpt lat="33.322284" lon="126.547419">
        <ele>727.71</ele>
        <time>2025-10-17T11:53:46.820Z</time>
      </trkpt>
      <trkpt lat="33.322176" lon="126.547366">
        <ele>725.76</ele>
        <time>2025-10-17T11:54:27.022Z</time>
      </trkpt>
      <trkpt lat="33.322077" lon="126.547256">
        <ele>724.49</ele>
        <time>2025-10-17T11:55:13.549Z</time>
      </trkpt>
      <trkpt lat="33.322087" lon="126.547132">
        <ele>724.91</ele>
        <time>2025-10-17T11:55:49.401Z</time>
      </trkpt>
      <trkpt lat="33.321989" lon="126.546873">
        <ele>723.73</ele>
        <time>2025-10-17T11:57:11.225Z</time>
      </trkpt>
      <trkpt lat="33.32204" lon="126.546727">
        <ele>724.92</ele>
        <time>2025-10-17T11:57:56.766Z</time>
      </trkpt>
      <trkpt lat="33.322053" lon="126.546545">
        <ele>725.97</ele>
        <time>2025-10-17T11:58:49.335Z</time>
      </trkpt>
      <trkpt lat="33.322108" lon="126.546353">
        <ele>729.31</ele>
        <time>2025-10-17T11:59:47.748Z</time>
      </trkpt>
      <trkpt lat="33.322081" lon="126.546241">
        <ele>730.04</ele>
        <time>2025-10-17T12:00:21.295Z</time>
      </trkpt>
      <trkpt lat="33.322105" lon="126.546216">
        <ele>730.72</ele>
        <time>2025-10-17T12:00:32.253Z</time>
      </trkpt>
      <trkpt lat="33.32209" lon="126.546138">
        <ele>731.12</ele>
        <time>2025-10-17T12:00:55.287Z</time>
      </trkpt>
      <trkpt lat="33.322134" lon="126.546015">
        <ele>732.74</ele>
        <time>2025-10-17T12:01:33.793Z</time>
      </trkpt>
      <trkpt lat="33.322161" lon="126.545818">
        <ele>733.61</ele>
        <time>2025-10-17T12:02:31.245Z</time>
      </trkpt>
      <trkpt lat="33.322204" lon="126.545765">
        <ele>734.66</ele>
        <time>2025-10-17T12:02:52.505Z</time>
      </trkpt>
      <trkpt lat="33.322324" lon="126.545687">
        <ele>737.34</ele>
        <time>2025-10-17T12:03:39.537Z</time>
      </trkpt>
      <trkpt lat="33.322402" lon="126.545422">
        <ele>738.08</ele>
        <time>2025-10-17T12:05:00.395Z</time>
      </trkpt>
      <trkpt lat="33.322419" lon="126.545245">
        <ele>738</ele>
        <time>2025-10-17T12:05:51.408Z</time>
      </trkpt>
      <trkpt lat="33.322419" lon="126.545245">
        <ele>738</ele>
        <time>2025-10-17T12:05:51.408Z</time>
      </trkpt>
      <trkpt lat="33.322425" lon="126.545185">
        <ele>737.97</ele>
        <time>2025-10-17T12:06:08.710Z</time>
      </trkpt>
      <trkpt lat="33.322235" lon="126.545154">
        <ele>735.14</ele>
        <time>2025-10-17T12:07:14.418Z</time>
      </trkpt>
      <trkpt lat="33.322163" lon="126.545109">
        <ele>734.68</ele>
        <time>2025-10-17T12:07:42.251Z</time>
      </trkpt>
      <trkpt lat="33.322092" lon="126.545128">
        <ele>733.35</ele>
        <time>2025-10-17T12:08:07.180Z</time>
      </trkpt>
      <trkpt lat="33.321986" lon="126.545046">
        <ele>732.77</ele>
        <time>2025-10-17T12:08:50.429Z</time>
      </trkpt>
      <trkpt lat="33.321859" lon="126.545027">
        <ele>730.34</ele>
        <time>2025-10-17T12:09:34.285Z</time>
      </trkpt>
      <trkpt lat="33.321775" lon="126.544916">
        <ele>729.1</ele>
        <time>2025-10-17T12:10:17.164Z</time>
      </trkpt>
      <trkpt lat="33.321758" lon="126.544766">
        <ele>729.52</ele>
        <time>2025-10-17T12:11:00.483Z</time>
      </trkpt>
      <trkpt lat="33.321758" lon="126.544766">
        <ele>729.52</ele>
        <time>2025-10-17T12:11:00.483Z</time>
      </trkpt>
      <trkpt lat="33.321754" lon="126.544723">
        <ele>729.64</ele>
        <time>2025-10-17T12:11:12.864Z</time>
      </trkpt>
      <trkpt lat="33.321844" lon="126.544613">
        <ele>732.78</ele>
        <time>2025-10-17T12:11:56.921Z</time>
      </trkpt>
      <trkpt lat="33.321873" lon="126.544467">
        <ele>734.31</ele>
        <time>2025-10-17T12:12:39.867Z</time>
      </trkpt>
      <trkpt lat="33.321879" lon="126.544334">
        <ele>735.07</ele>
        <time>2025-10-17T12:13:17.984Z</time>
      </trkpt>
      <trkpt lat="33.321803" lon="126.544192">
        <ele>735.65</ele>
        <time>2025-10-17T12:14:06.242Z</time>
      </trkpt>
      <trkpt lat="33.321699" lon="126.544101">
        <ele>735.85</ele>
        <time>2025-10-17T12:14:50.365Z</time>
      </trkpt>
      <trkpt lat="33.321638" lon="126.544112">
        <ele>735.2</ele>
        <time>2025-10-17T12:15:11.492Z</time>
      </trkpt>
      <trkpt lat="33.321549" lon="126.544047">
        <ele>736.01</ele>
        <time>2025-10-17T12:15:47.200Z</time>
      </trkpt>
      <trkpt lat="33.321476" lon="126.544018">
        <ele>735.93</ele>
        <time>2025-10-17T12:16:13.542Z</time>
      </trkpt>
      <trkpt lat="33.32147" lon="126.543862">
        <ele>738.78</ele>
        <time>2025-10-17T12:16:58.233Z</time>
      </trkpt>
      <trkpt lat="33.321509" lon="126.543732">
        <ele>741.47</ele>
        <time>2025-10-17T12:17:37.761Z</time>
      </trkpt>
      <trkpt lat="33.321545" lon="126.543581">
        <ele>743.73</ele>
        <time>2025-10-17T12:18:22.698Z</time>
      </trkpt>
      <trkpt lat="33.321638" lon="126.5434">
        <ele>747.09</ele>
        <time>2025-10-17T12:19:23.505Z</time>
      </trkpt>
      <trkpt lat="33.321612" lon="126.543301">
        <ele>747.49</ele>
        <time>2025-10-17T12:19:53.203Z</time>
      </trkpt>
      <trkpt lat="33.321602" lon="126.543148">
        <ele>748.44</ele>
        <time>2025-10-17T12:20:37.122Z</time>
      </trkpt>
      <trkpt lat="33.321564" lon="126.543038">
        <ele>748.45</ele>
        <time>2025-10-17T12:21:11.185Z</time>
      </trkpt>
      <trkpt lat="33.321579" lon="126.542944">
        <ele>750.44</ele>
        <time>2025-10-17T12:21:38.571Z</time>
      </trkpt>
      <trkpt lat="33.321529" lon="126.54283">
        <ele>750.98</ele>
        <time>2025-10-17T12:22:15.416Z</time>
      </trkpt>
      <trkpt lat="33.321475" lon="126.542677">
        <ele>751.8</ele>
        <time>2025-10-17T12:23:02.946Z</time>
      </trkpt>
      <trkpt lat="33.321365" lon="126.542584">
        <ele>751.23</ele>
        <time>2025-10-17T12:23:49.071Z</time>
      </trkpt>
      <trkpt lat="33.321299" lon="126.542438">
        <ele>752.29</ele>
        <time>2025-10-17T12:24:36.575Z</time>
      </trkpt>
      <trkpt lat="33.321222" lon="126.542198">
        <ele>754.94</ele>
        <time>2025-10-17T12:25:50.146Z</time>
      </trkpt>
      <trkpt lat="33.321135" lon="126.542066">
        <ele>754.65</ele>
        <time>2025-10-17T12:26:38.258Z</time>
      </trkpt>
      <trkpt lat="33.321091" lon="126.541952">
        <ele>754.77</ele>
        <time>2025-10-17T12:27:14.194Z</time>
      </trkpt>
      <trkpt lat="33.321019" lon="126.541873">
        <ele>753.69</ele>
        <time>2025-10-17T12:27:47.648Z</time>
      </trkpt>
      <trkpt lat="33.320959" lon="126.541703">
        <ele>753.26</ele>
        <time>2025-10-17T12:28:40.460Z</time>
      </trkpt>
      <trkpt lat="33.320971" lon="126.541471">
        <ele>754.88</ele>
        <time>2025-10-17T12:29:46.981Z</time>
      </trkpt>
      <trkpt lat="33.320913" lon="126.541319">
        <ele>754.48</ele>
        <time>2025-10-17T12:30:34.801Z</time>
      </trkpt>
      <trkpt lat="33.320905" lon="126.540988">
        <ele>755.36</ele>
        <time>2025-10-17T12:32:09.515Z</time>
      </trkpt>
      <trkpt lat="33.320905" lon="126.540988">
        <ele>755.36</ele>
        <time>2025-10-17T12:32:09.515Z</time>
      </trkpt>
      <trkpt lat="33.320897" lon="126.54092">
        <ele>755.54</ele>
        <time>2025-10-17T12:32:29.156Z</time>
      </trkpt>
      <trkpt lat="33.320769" lon="126.540759">
        <ele>753.81</ele>
        <time>2025-10-17T12:33:32.719Z</time>
      </trkpt>
      <trkpt lat="33.320639" lon="126.54073">
        <ele>751.26</ele>
        <time>2025-10-17T12:34:17.984Z</time>
      </trkpt>
      <trkpt lat="33.320521" lon="126.540726">
        <ele>748.98</ele>
        <time>2025-10-17T12:34:58.391Z</time>
      </trkpt>
      <trkpt lat="33.320416" lon="126.540672">
        <ele>747.85</ele>
        <time>2025-10-17T12:35:37.510Z</time>
      </trkpt>
      <trkpt lat="33.320279" lon="126.540536">
        <ele>745.88</ele>
        <time>2025-10-17T12:36:38.439Z</time>
      </trkpt>
      <trkpt lat="33.320168" lon="126.540482">
        <ele>744.58</ele>
        <time>2025-10-17T12:37:19.453Z</time>
      </trkpt>
      <trkpt lat="33.319767" lon="126.540321">
        <ele>738.48</ele>
        <time>2025-10-17T12:39:44.234Z</time>
      </trkpt>
      <trkpt lat="33.319513" lon="126.539913">
        <ele>734.46</ele>
        <time>2025-10-17T12:42:09.762Z</time>
      </trkpt>
      <trkpt lat="33.319409" lon="126.539714">
        <ele>733.49</ele>
        <time>2025-10-17T12:43:16.897Z</time>
      </trkpt>
      <trkpt lat="33.319372" lon="126.539578">
        <ele>733.76</ele>
        <time>2025-10-17T12:43:57.807Z</time>
      </trkpt>
      <trkpt lat="33.319221" lon="126.53945">
        <ele>732.09</ele>
        <time>2025-10-17T12:45:01.147Z</time>
      </trkpt>
      <trkpt lat="33.319102" lon="126.539277">
        <ele>730.47</ele>
        <time>2025-10-17T12:46:05.239Z</time>
      </trkpt>
      <trkpt lat="33.319061" lon="126.539258">
        <ele>729.62</ele>
        <time>2025-10-17T12:46:20.287Z</time>
      </trkpt>
      <trkpt lat="33.319061" lon="126.539258">
        <ele>729.63</ele>
        <time>2025-10-17T12:46:20.287Z</time>
      </trkpt>
      <trkpt lat="33.318879" lon="126.539174">
        <ele>725.83</ele>
        <time>2025-10-17T12:47:27.051Z</time>
      </trkpt>
      <trkpt lat="33.318663" lon="126.539111">
        <ele>724.97</ele>
        <time>2025-10-17T12:48:43.143Z</time>
      </trkpt>
      <trkpt lat="33.318546" lon="126.539067">
        <ele>725.72</ele>
        <time>2025-10-17T12:49:25.118Z</time>
      </trkpt>
      <trkpt lat="33.318388" lon="126.539083">
        <ele>726.54</ele>
        <time>2025-10-17T12:50:19.388Z</time>
      </trkpt>
      <trkpt lat="33.318213" lon="126.539181">
        <ele>725.73</ele>
        <time>2025-10-17T12:51:25.517Z</time>
      </trkpt>
      <trkpt lat="33.31804" lon="126.539228">
        <ele>725.11</ele>
        <time>2025-10-17T12:52:26.235Z</time>
      </trkpt>
      <trkpt lat="33.317908" lon="126.539311">
        <ele>724.64</ele>
        <time>2025-10-17T12:53:17.270Z</time>
      </trkpt>
      <trkpt lat="33.317713" lon="126.539394">
        <ele>723.41</ele>
        <time>2025-10-17T12:54:28.107Z</time>
      </trkpt>
      <trkpt lat="33.317499" lon="126.539422">
        <ele>721.61</ele>
        <time>2025-10-17T12:55:41.787Z</time>
      </trkpt>
      <trkpt lat="33.317379" lon="126.539404">
        <ele>720.17</ele>
        <time>2025-10-17T12:56:23.179Z</time>
      </trkpt>
      <trkpt lat="33.317272" lon="126.539422">
        <ele>719.31</ele>
        <time>2025-10-17T12:57:00.161Z</time>
      </trkpt>
      <trkpt lat="33.317192" lon="126.539397">
        <ele>718.49</ele>
        <time>2025-10-17T12:57:28.460Z</time>
      </trkpt>
      <trkpt lat="33.317039" lon="126.539305">
        <ele>717.37</ele>
        <time>2025-10-17T12:58:27.065Z</time>
      </trkpt>
      <trkpt lat="33.316859" lon="126.539333">
        <ele>715.96</ele>
        <time>2025-10-17T12:59:29.190Z</time>
      </trkpt>
      <trkpt lat="33.316726" lon="126.539484">
        <ele>714.15</ele>
        <time>2025-10-17T13:00:31.938Z</time>
      </trkpt>
      <trkpt lat="33.316579" lon="126.539508">
        <ele>712.3</ele>
        <time>2025-10-17T13:01:22.716Z</time>
      </trkpt>
      <trkpt lat="33.316445" lon="126.53957">
        <ele>710.5</ele>
        <time>2025-10-17T13:02:11.888Z</time>
      </trkpt>
      <trkpt lat="33.316296" lon="126.539589">
        <ele>708.69</ele>
        <time>2025-10-17T13:03:03.173Z</time>
      </trkpt>
      <trkpt lat="33.316211" lon="126.53956">
        <ele>707.76</ele>
        <time>2025-10-17T13:03:33.424Z</time>
      </trkpt>
      <trkpt lat="33.316211" lon="126.539483">
        <ele>707.76</ele>
        <time>2025-10-17T13:03:55.446Z</time>
      </trkpt>
      <trkpt lat="33.316226" lon="126.539426">
        <ele>708.02</ele>
        <time>2025-10-17T13:04:12.537Z</time>
      </trkpt>
      <trkpt lat="33.316191" lon="126.539369">
        <ele>708.1</ele>
        <time>2025-10-17T13:04:32.767Z</time>
      </trkpt>
      <trkpt lat="33.316144" lon="126.539338">
        <ele>707.96</ele>
        <time>2025-10-17T13:04:51.135Z</time>
      </trkpt>
      <trkpt lat="33.316068" lon="126.539316">
        <ele>707.8</ele>
        <time>2025-10-17T13:05:17.897Z</time>
      </trkpt>
      <trkpt lat="33.315909" lon="126.539354">
        <ele>707.57</ele>
        <time>2025-10-17T13:06:13.391Z</time>
      </trkpt>
      <trkpt lat="33.315729" lon="126.539294">
        <ele>707.92</ele>
        <time>2025-10-17T13:07:17.343Z</time>
      </trkpt>
      <trkpt lat="33.315416" lon="126.539207">
        <ele>707.09</ele>
        <time>2025-10-17T13:09:07.323Z</time>
      </trkpt>
      <trkpt lat="33.315203" lon="126.539135">
        <ele>706.84</ele>
        <time>2025-10-17T13:10:23.077Z</time>
      </trkpt>
      <trkpt lat="33.315127" lon="126.539162">
        <ele>706.69</ele>
        <time>2025-10-17T13:10:50.211Z</time>
      </trkpt>
      <trkpt lat="33.314662" lon="126.539096">
        <ele>705.95</ele>
        <time>2025-10-17T13:13:30.478Z</time>
      </trkpt>
      <trkpt lat="33.314461" lon="126.539061">
        <ele>703.43</ele>
        <time>2025-10-17T13:14:39.997Z</time>
      </trkpt>
      <trkpt lat="33.314214" lon="126.539167">
        <ele>700.81</ele>
        <time>2025-10-17T13:16:09.808Z</time>
      </trkpt>
      <trkpt lat="33.31407" lon="126.539213">
        <ele>699.2</ele>
        <time>2025-10-17T13:17:00.819Z</time>
      </trkpt>
      <trkpt lat="33.314011" lon="126.539199">
        <ele>698.64</ele>
        <time>2025-10-17T13:17:21.404Z</time>
      </trkpt>
      <trkpt lat="33.314011" lon="126.539199">
        <ele>698.64</ele>
        <time>2025-10-17T13:17:21.404Z</time>
      </trkpt>
      <trkpt lat="33.313975" lon="126.539191">
        <ele>698.3</ele>
        <time>2025-10-17T13:17:33.935Z</time>
      </trkpt>
      <trkpt lat="33.313949" lon="126.539064">
        <ele>698.54</ele>
        <time>2025-10-17T13:18:11.331Z</time>
      </trkpt>
      <trkpt lat="33.313942" lon="126.538881">
        <ele>700.94</ele>
        <time>2025-10-17T13:19:03.723Z</time>
      </trkpt>
      <trkpt lat="33.313879" lon="126.538807">
        <ele>701.79</ele>
        <time>2025-10-17T13:19:33.935Z</time>
      </trkpt>
      <trkpt lat="33.313737" lon="126.53872">
        <ele>701.72</ele>
        <time>2025-10-17T13:20:28.532Z</time>
      </trkpt>
      <trkpt lat="33.313569" lon="126.538666">
        <ele>700.73</ele>
        <time>2025-10-17T13:21:28.066Z</time>
      </trkpt>
      <trkpt lat="33.313447" lon="126.538581">
        <ele>700.11</ele>
        <time>2025-10-17T13:22:16.380Z</time>
      </trkpt>
      <trkpt lat="33.31335" lon="126.538536">
        <ele>699.03</ele>
        <time>2025-10-17T13:22:51.984Z</time>
      </trkpt>
      <trkpt lat="33.31309" lon="126.538339">
        <ele>696.08</ele>
        <time>2025-10-17T13:24:37.304Z</time>
      </trkpt>
      <trkpt lat="33.313012" lon="126.538305">
        <ele>695.16</ele>
        <time>2025-10-17T13:25:05.714Z</time>
      </trkpt>
      <trkpt lat="33.312894" lon="126.538371">
        <ele>694.48</ele>
        <time>2025-10-17T13:25:50.292Z</time>
      </trkpt>
      <trkpt lat="33.312808" lon="126.538388">
        <ele>694.06</ele>
        <time>2025-10-17T13:26:20.123Z</time>
      </trkpt>
      <trkpt lat="33.312692" lon="126.538395">
        <ele>694</ele>
        <time>2025-10-17T13:26:59.873Z</time>
      </trkpt>
      <trkpt lat="33.312573" lon="126.538388">
        <ele>693.89</ele>
        <time>2025-10-17T13:27:40.648Z</time>
      </trkpt>
      <trkpt lat="33.312243" lon="126.538316">
        <ele>691.21</ele>
        <time>2025-10-17T13:29:35.448Z</time>
      </trkpt>
      <trkpt lat="33.312057" lon="126.538228">
        <ele>688.71</ele>
        <time>2025-10-17T13:30:43.899Z</time>
      </trkpt>
      <trkpt lat="33.311883" lon="126.538119">
        <ele>686.2</ele>
        <time>2025-10-17T13:31:51.115Z</time>
      </trkpt>
      <trkpt lat="33.311816" lon="126.538057">
        <ele>685.47</ele>
        <time>2025-10-17T13:32:20.101Z</time>
      </trkpt>
      <trkpt lat="33.311747" lon="126.538024">
        <ele>684.79</ele>
        <time>2025-10-17T13:32:45.531Z</time>
      </trkpt>
      <trkpt lat="33.311655" lon="126.537912">
        <ele>684.97</ele>
        <time>2025-10-17T13:33:30.447Z</time>
      </trkpt>
      <trkpt lat="33.311552" lon="126.53773">
        <ele>686.37</ele>
        <time>2025-10-17T13:34:33.313Z</time>
      </trkpt>
      <trkpt lat="33.311426" lon="126.537554">
        <ele>687.54</ele>
        <time>2025-10-17T13:35:39.595Z</time>
      </trkpt>
      <trkpt lat="33.31131" lon="126.537333">
        <ele>688.98</ele>
        <time>2025-10-17T13:36:54.236Z</time>
      </trkpt>
      <trkpt lat="33.311217" lon="126.537242">
        <ele>688.86</ele>
        <time>2025-10-17T13:37:35.350Z</time>
      </trkpt>
      <trkpt lat="33.311132" lon="126.537125">
        <ele>688.87</ele>
        <time>2025-10-17T13:38:21.328Z</time>
      </trkpt>
      <trkpt lat="33.311132" lon="126.537125">
        <ele>688.87</ele>
        <time>2025-10-17T13:38:21.328Z</time>
      </trkpt>
      <trkpt lat="33.311051" lon="126.537013">
        <ele>688.88</ele>
        <time>2025-10-17T13:39:05.256Z</time>
      </trkpt>
      <trkpt lat="33.311018" lon="126.536829">
        <ele>688.9</ele>
        <time>2025-10-17T13:40:01.069Z</time>
      </trkpt>
      <trkpt lat="33.311044" lon="126.536776">
        <ele>688.89</ele>
        <time>2025-10-17T13:40:19.295Z</time>
      </trkpt>
      <trkpt lat="33.311043" lon="126.5367">
        <ele>688.79</ele>
        <time>2025-10-17T13:40:41.837Z</time>
      </trkpt>
      <trkpt lat="33.311019" lon="126.536548">
        <ele>687.18</ele>
        <time>2025-10-17T13:41:27.714Z</time>
      </trkpt>
      <trkpt lat="33.311032" lon="126.536427">
        <ele>685.82</ele>
        <time>2025-10-17T13:42:03.895Z</time>
      </trkpt>
      <trkpt lat="33.311085" lon="126.536254">
        <ele>684.55</ele>
        <time>2025-10-17T13:42:58.542Z</time>
      </trkpt>
      <trkpt lat="33.311132" lon="126.536109">
        <ele>685.46</ele>
        <time>2025-10-17T13:43:44.667Z</time>
      </trkpt>
      <trkpt lat="33.311131" lon="126.536009">
        <ele>686.3</ele>
        <time>2025-10-17T13:44:14.327Z</time>
      </trkpt>
      <trkpt lat="33.311058" lon="126.535891">
        <ele>686.8</ele>
        <time>2025-10-17T13:44:57.869Z</time>
      </trkpt>
      <trkpt lat="33.311081" lon="126.535796">
        <ele>688.7</ele>
        <time>2025-10-17T13:45:27.202Z</time>
      </trkpt>
      <trkpt lat="33.311051" lon="126.535392">
        <ele>687.34</ele>
        <time>2025-10-17T13:47:27.492Z</time>
      </trkpt>
      <trkpt lat="33.311101" lon="126.534995">
        <ele>682.58</ele>
        <time>2025-10-17T13:49:26.563Z</time>
      </trkpt>
      <trkpt lat="33.311127" lon="126.534668">
        <ele>682.27</ele>
        <time>2025-10-17T13:51:03.982Z</time>
      </trkpt>
      <trkpt lat="33.311097" lon="126.534508">
        <ele>682.17</ele>
        <time>2025-10-17T13:51:52.614Z</time>
      </trkpt>
      <trkpt lat="33.311079" lon="126.53432">
        <ele>682.85</ele>
        <time>2025-10-17T13:52:48.735Z</time>
      </trkpt>
      <trkpt lat="33.31111" lon="126.534096">
        <ele>683.4</ele>
        <time>2025-10-17T13:53:56.073Z</time>
      </trkpt>
      <trkpt lat="33.311083" lon="126.53394">
        <ele>684.13</ele>
        <time>2025-10-17T13:54:43.321Z</time>
      </trkpt>
      <trkpt lat="33.311104" lon="126.533844">
        <ele>684.83</ele>
        <time>2025-10-17T13:55:12.751Z</time>
      </trkpt>
      <trkpt lat="33.311107" lon="126.533724">
        <ele>685.01</ele>
        <time>2025-10-17T13:55:48.356Z</time>
      </trkpt>
      <trkpt lat="33.311064" lon="126.533424">
        <ele>683.9</ele>
        <time>2025-10-17T13:57:17.619Z</time>
      </trkpt>
      <trkpt lat="33.311064" lon="126.533424">
        <ele>683.89</ele>
        <time>2025-10-17T13:57:17.619Z</time>
      </trkpt>
      <trkpt lat="33.311045" lon="126.533328">
        <ele>683.63</ele>
        <time>2025-10-17T13:57:46.550Z</time>
      </trkpt>
      <trkpt lat="33.310989" lon="126.533154">
        <ele>683.47</ele>
        <time>2025-10-17T13:58:41.230Z</time>
      </trkpt>
      <trkpt lat="33.310927" lon="126.53288">
        <ele>684.2</ele>
        <time>2025-10-17T14:00:04.477Z</time>
      </trkpt>
      <trkpt lat="33.310797" lon="126.532613">
        <ele>682.25</ele>
        <time>2025-10-17T14:01:35.098Z</time>
      </trkpt>
      <trkpt lat="33.310702" lon="126.532335">
        <ele>681.5</ele>
        <time>2025-10-17T14:03:03.177Z</time>
      </trkpt>
      <trkpt lat="33.310589" lon="126.532133">
        <ele>680.68</ele>
        <time>2025-10-17T14:04:14.463Z</time>
      </trkpt>
      <trkpt lat="33.310454" lon="126.532002">
        <ele>680.33</ele>
        <time>2025-10-17T14:05:15.456Z</time>
      </trkpt>
      <trkpt lat="33.310358" lon="126.531926">
        <ele>680.55</ele>
        <time>2025-10-17T14:05:55.849Z</time>
      </trkpt>
      <trkpt lat="33.310124" lon="126.531699">
        <ele>681.56</ele>
        <time>2025-10-17T14:07:41.558Z</time>
      </trkpt>
      <trkpt lat="33.310047" lon="126.531553">
        <ele>682.59</ele>
        <time>2025-10-17T14:08:32.187Z</time>
      </trkpt>
      <trkpt lat="33.30994" lon="126.531419">
        <ele>683.27</ele>
        <time>2025-10-17T14:09:26.539Z</time>
      </trkpt>
      <trkpt lat="33.309865" lon="126.531272">
        <ele>684.72</ele>
        <time>2025-10-17T14:10:17.048Z</time>
      </trkpt>
      <trkpt lat="33.309823" lon="126.531152">
        <ele>685.83</ele>
        <time>2025-10-17T14:10:55.201Z</time>
      </trkpt>
      <trkpt lat="33.30974" lon="126.530949">
        <ele>686.19</ele>
        <time>2025-10-17T14:12:01.477Z</time>
      </trkpt>
      <trkpt lat="33.30972" lon="126.530806">
        <ele>686.06</ele>
        <time>2025-10-17T14:12:43.997Z</time>
      </trkpt>
      <trkpt lat="33.30967" lon="126.530679">
        <ele>685.76</ele>
        <time>2025-10-17T14:13:25.167Z</time>
      </trkpt>
      <trkpt lat="33.30958" lon="126.530502">
        <ele>685.32</ele>
        <time>2025-10-17T14:14:25.928Z</time>
      </trkpt>
      <trkpt lat="33.309535" lon="126.530344">
        <ele>686.53</ele>
        <time>2025-10-17T14:15:14.881Z</time>
      </trkpt>
      <trkpt lat="33.309525" lon="126.530199">
        <ele>689.48</ele>
        <time>2025-10-17T14:15:57.549Z</time>
      </trkpt>
      <trkpt lat="33.309506" lon="126.530101">
        <ele>690.85</ele>
        <time>2025-10-17T14:16:27.052Z</time>
      </trkpt>
      <trkpt lat="33.309456" lon="126.529872">
        <ele>692.04</ele>
        <time>2025-10-17T14:17:36.464Z</time>
      </trkpt>
      <trkpt lat="33.3094" lon="126.529568">
        <ele>691.4</ele>
        <time>2025-10-17T14:19:07.757Z</time>
      </trkpt>
      <trkpt lat="33.309325" lon="126.529218">
        <ele>693.29</ele>
        <time>2025-10-17T14:20:53.721Z</time>
      </trkpt>
      <trkpt lat="33.309267" lon="126.529004">
        <ele>697.43</ele>
        <time>2025-10-17T14:21:59.698Z</time>
      </trkpt>
      <trkpt lat="33.309149" lon="126.528757">
        <ele>700.04</ele>
        <time>2025-10-17T14:23:23.135Z</time>
      </trkpt>
      <trkpt lat="33.309137" lon="126.528616">
        <ele>700.62</ele>
        <time>2025-10-17T14:24:04.699Z</time>
      </trkpt>
      <trkpt lat="33.309093" lon="126.528474">
        <ele>699.7</ele>
        <time>2025-10-17T14:24:49.113Z</time>
      </trkpt>
      <trkpt lat="33.309089" lon="126.528313">
        <ele>700.39</ele>
        <time>2025-10-17T14:25:36.350Z</time>
      </trkpt>
      <trkpt lat="33.309059" lon="126.528248">
        <ele>700.13</ele>
        <time>2025-10-17T14:25:58.126Z</time>
      </trkpt>
      <trkpt lat="33.309018" lon="126.528022">
        <ele>701.35</ele>
        <time>2025-10-17T14:27:05.948Z</time>
      </trkpt>
      <trkpt lat="33.308877" lon="126.528004">
        <ele>700.01</ele>
        <time>2025-10-17T14:27:55.708Z</time>
      </trkpt>
      <trkpt lat="33.30877" lon="126.527919">
        <ele>701.09</ele>
        <time>2025-10-17T14:28:40.777Z</time>
      </trkpt>
      <trkpt lat="33.30876" lon="126.527878">
        <ele>701.5</ele>
        <time>2025-10-17T14:28:53.302Z</time>
      </trkpt>
      <trkpt lat="33.30871" lon="126.527842">
        <ele>701.58</ele>
        <time>2025-10-17T14:29:13.779Z</time>
      </trkpt>
      <trkpt lat="33.308541" lon="126.52752">
        <ele>704.29</ele>
        <time>2025-10-17T14:31:05.289Z</time>
      </trkpt>
      <trkpt lat="33.308393" lon="126.527288">
        <ele>706.34</ele>
        <time>2025-10-17T14:32:30.884Z</time>
      </trkpt>
      <trkpt lat="33.308298" lon="126.527042">
        <ele>708.98</ele>
        <time>2025-10-17T14:33:50.358Z</time>
      </trkpt>
      <trkpt lat="33.308158" lon="126.526798">
        <ele>711.19</ele>
        <time>2025-10-17T14:35:17.157Z</time>
      </trkpt>
      <trkpt lat="33.308013" lon="126.526635">
        <ele>711.76</ele>
        <time>2025-10-17T14:36:26.972Z</time>
      </trkpt>
      <trkpt lat="33.307903" lon="126.526434">
        <ele>713.34</ele>
        <time>2025-10-17T14:37:37.433Z</time>
      </trkpt>
      <trkpt lat="33.30782" lon="126.526335">
        <ele>713.8</ele>
        <time>2025-10-17T14:38:18.558Z</time>
      </trkpt>
      <trkpt lat="33.30779" lon="126.526242">
        <ele>714.65</ele>
        <time>2025-10-17T14:38:47.793Z</time>
      </trkpt>
      <trkpt lat="33.307702" lon="126.52612">
        <ele>715.88</ele>
        <time>2025-10-17T14:39:35.055Z</time>
      </trkpt>
      <trkpt lat="33.307588" lon="126.525933">
        <ele>717.19</ele>
        <time>2025-10-17T14:40:42.937Z</time>
      </trkpt>
      <trkpt lat="33.307612" lon="126.525662">
        <ele>721.21</ele>
        <time>2025-10-17T14:42:02.859Z</time>
      </trkpt>
      <trkpt lat="33.307583" lon="126.525427">
        <ele>723</ele>
        <time>2025-10-17T14:43:12.525Z</time>
      </trkpt>
      <trkpt lat="33.307495" lon="126.525201">
        <ele>722.23</ele>
        <time>2025-10-17T14:44:25.645Z</time>
      </trkpt>
      <trkpt lat="33.307458" lon="126.525032">
        <ele>720.61</ele>
        <time>2025-10-17T14:45:16.880Z</time>
      </trkpt>
      <trkpt lat="33.307467" lon="126.524872">
        <ele>719.16</ele>
        <time>2025-10-17T14:46:03.910Z</time>
      </trkpt>
      <trkpt lat="33.307471" lon="126.524525">
        <ele>715.98</ele>
        <time>2025-10-17T14:47:45.685Z</time>
      </trkpt>
      <trkpt lat="33.307499" lon="126.524372">
        <ele>715.99</ele>
        <time>2025-10-17T14:48:31.619Z</time>
      </trkpt>
      <trkpt lat="33.307454" lon="126.524203">
        <ele>714.32</ele>
        <time>2025-10-17T14:49:23.637Z</time>
      </trkpt>
      <trkpt lat="33.307481" lon="126.523911">
        <ele>715.07</ele>
        <time>2025-10-17T14:50:49.795Z</time>
      </trkpt>
      <trkpt lat="33.307658" lon="126.523642">
        <ele>718.83</ele>
        <time>2025-10-17T14:52:30.202Z</time>
      </trkpt>
      <trkpt lat="33.307726" lon="126.523384">
        <ele>717.87</ele>
        <time>2025-10-17T14:53:49.540Z</time>
      </trkpt>
      <trkpt lat="33.307818" lon="126.523137">
        <ele>719.64</ele>
        <time>2025-10-17T14:55:08.847Z</time>
      </trkpt>
      <trkpt lat="33.307848" lon="126.523013">
        <ele>720.15</ele>
        <time>2025-10-17T14:55:46.706Z</time>
      </trkpt>
      <trkpt lat="33.307858" lon="126.522918">
        <ele>720.33</ele>
        <time>2025-10-17T14:56:14.787Z</time>
      </trkpt>
      <trkpt lat="33.307863" lon="126.52268">
        <ele>720.68</ele>
        <time>2025-10-17T14:57:24.608Z</time>
      </trkpt>
      <trkpt lat="33.307845" lon="126.52254">
        <ele>720.88</ele>
        <time>2025-10-17T14:58:06.149Z</time>
      </trkpt>
      <trkpt lat="33.307855" lon="126.52235">
        <ele>721.62</ele>
        <time>2025-10-17T14:59:01.981Z</time>
      </trkpt>
      <trkpt lat="33.307881" lon="126.522163">
        <ele>721.8</ele>
        <time>2025-10-17T14:59:57.576Z</time>
      </trkpt>
      <trkpt lat="33.307895" lon="126.522003">
        <ele>721.49</ele>
        <time>2025-10-17T15:00:44.756Z</time>
      </trkpt>
      <trkpt lat="33.308004" lon="126.521708">
        <ele>718.67</ele>
        <time>2025-10-17T15:02:19.349Z</time>
      </trkpt>
      <trkpt lat="33.30817" lon="126.521397">
        <ele>716.84</ele>
        <time>2025-10-17T15:04:07.571Z</time>
      </trkpt>
      <trkpt lat="33.308249" lon="126.521187">
        <ele>717.17</ele>
        <time>2025-10-17T15:05:15.109Z</time>
      </trkpt>
      <trkpt lat="33.308395" lon="126.520925">
        <ele>716.76</ele>
        <time>2025-10-17T15:06:47.460Z</time>
      </trkpt>
      <trkpt lat="33.308479" lon="126.520721">
        <ele>716.06</ele>
        <time>2025-10-17T15:07:54.154Z</time>
      </trkpt>
      <trkpt lat="33.30855" lon="126.520616">
        <ele>716.92</ele>
        <time>2025-10-17T15:08:33.764Z</time>
      </trkpt>
      <trkpt lat="33.308693" lon="126.52036">
        <ele>720.36</ele>
        <time>2025-10-17T15:10:04.067Z</time>
      </trkpt>
      <trkpt lat="33.3087" lon="126.520036">
        <ele>723.39</ele>
        <time>2025-10-17T15:11:39.118Z</time>
      </trkpt>
      <trkpt lat="33.308696" lon="126.519838">
        <ele>723.39</ele>
        <time>2025-10-17T15:12:37.202Z</time>
      </trkpt>
      <trkpt lat="33.308677" lon="126.519428">
        <ele>721.2</ele>
        <time>2025-10-17T15:14:37.627Z</time>
      </trkpt>
      <trkpt lat="33.308738" lon="126.519229">
        <ele>722.42</ele>
        <time>2025-10-17T15:15:39.789Z</time>
      </trkpt>
      <trkpt lat="33.308805" lon="126.51904">
        <ele>724.44</ele>
        <time>2025-10-17T15:16:39.997Z</time>
      </trkpt>
      <trkpt lat="33.308831" lon="126.518926">
        <ele>725.24</ele>
        <time>2025-10-17T15:17:14.652Z</time>
      </trkpt>
      <trkpt lat="33.308826" lon="126.518885">
        <ele>725.13</ele>
        <time>2025-10-17T15:17:26.803Z</time>
      </trkpt>
      <trkpt lat="33.308826" lon="126.518885">
        <ele>725.13</ele>
        <time>2025-10-17T15:17:26.803Z</time>
      </trkpt>
      <trkpt lat="33.308832" lon="126.518766">
        <ele>724.97</ele>
        <time>2025-10-18T02:47:27.673Z</time>
      </trkpt>
      <trkpt lat="33.308784" lon="126.518749">
        <ele>723.88</ele>
        <time>2025-10-18T02:47:45.213Z</time>
      </trkpt>
      <trkpt lat="33.308625" lon="126.518611">
        <ele>720.94</ele>
        <time>2025-10-18T02:48:54.039Z</time>
      </trkpt>
      <trkpt lat="33.308379" lon="126.518616">
        <ele>716.54</ele>
        <time>2025-10-18T02:50:20.249Z</time>
      </trkpt>
      <trkpt lat="33.308131" lon="126.518481">
        <ele>712.05</ele>
        <time>2025-10-18T02:51:55.718Z</time>
      </trkpt>
      <trkpt lat="33.308104" lon="126.518444">
        <ele>711.71</ele>
        <time>2025-10-18T02:52:10.102Z</time>
      </trkpt>
      <trkpt lat="33.308009" lon="126.518431">
        <ele>710.15</ele>
        <time>2025-10-18T02:52:43.606Z</time>
      </trkpt>
      <trkpt lat="33.307895" lon="126.518464">
        <ele>707.93</ele>
        <time>2025-10-18T02:53:24.703Z</time>
      </trkpt>
      <trkpt lat="33.307748" lon="126.518444">
        <ele>707.16</ele>
        <time>2025-10-18T02:54:16.543Z</time>
      </trkpt>
      <trkpt lat="33.307609" lon="126.518406">
        <ele>707.86</ele>
        <time>2025-10-18T02:55:06.503Z</time>
      </trkpt>
      <trkpt lat="33.307429" lon="126.518462">
        <ele>708.68</ele>
        <time>2025-10-18T02:56:11.672Z</time>
      </trkpt>
      <trkpt lat="33.307429" lon="126.518462">
        <ele>708.68</ele>
        <time>2025-10-18T02:56:11.672Z</time>
      </trkpt>
      <trkpt lat="33.307147" lon="126.518625">
        <ele>707.94</ele>
        <time>2025-10-18T03:16:16.847Z</time>
      </trkpt>
      <trkpt lat="33.306854" lon="126.518728">
        <ele>707.62</ele>
        <time>2025-10-18T03:18:05.666Z</time>
      </trkpt>
      <trkpt lat="33.306583" lon="126.518918">
        <ele>704.79</ele>
        <time>2025-10-18T03:19:57.589Z</time>
      </trkpt>
      <trkpt lat="33.306517" lon="126.519077">
        <ele>701.54</ele>
        <time>2025-10-18T03:20:50.459Z</time>
      </trkpt>
      <trkpt lat="33.306443" lon="126.519173">
        <ele>699.9</ele>
        <time>2025-10-18T03:21:29.352Z</time>
      </trkpt>
      <trkpt lat="33.30638" lon="126.519234">
        <ele>699</ele>
        <time>2025-10-18T03:21:58.230Z</time>
      </trkpt>
      <trkpt lat="33.306175" lon="126.519281">
        <ele>699.05</ele>
        <time>2025-10-18T03:23:12.608Z</time>
      </trkpt>
      <trkpt lat="33.306011" lon="126.519333">
        <ele>696.73</ele>
        <time>2025-10-18T03:24:13.064Z</time>
      </trkpt>
      <trkpt lat="33.305933" lon="126.51937">
        <ele>695.4</ele>
        <time>2025-10-18T03:24:42.962Z</time>
      </trkpt>
      <trkpt lat="33.305933" lon="126.51937">
        <ele>695.4</ele>
        <time>2025-10-18T03:24:42.962Z</time>
      </trkpt>
      <trkpt lat="33.305823" lon="126.519423">
        <ele>693.33</ele>
        <time>2025-10-18T03:44:11.778Z</time>
      </trkpt>
      <trkpt lat="33.305695" lon="126.519451">
        <ele>690.94</ele>
        <time>2025-10-18T03:44:59.109Z</time>
      </trkpt>
      <trkpt lat="33.305563" lon="126.519421">
        <ele>688.95</ele>
        <time>2025-10-18T03:45:47.982Z</time>
      </trkpt>
      <trkpt lat="33.30546" lon="126.51935">
        <ele>687.64</ele>
        <time>2025-10-18T03:46:31.221Z</time>
      </trkpt>
      <trkpt lat="33.305384" lon="126.519258">
        <ele>687.3</ele>
        <time>2025-10-18T03:47:10.546Z</time>
      </trkpt>
      <trkpt lat="33.305269" lon="126.519161">
        <ele>685.49</ele>
        <time>2025-10-18T03:48:01.726Z</time>
      </trkpt>
      <trkpt lat="33.305126" lon="126.519143">
        <ele>681.62</ele>
        <time>2025-10-18T03:48:54.029Z</time>
      </trkpt>
      <trkpt lat="33.304969" lon="126.519165">
        <ele>677.61</ele>
        <time>2025-10-18T03:49:51.528Z</time>
      </trkpt>
      <trkpt lat="33.304806" lon="126.519152">
        <ele>673.66</ele>
        <time>2025-10-18T03:50:50.951Z</time>
      </trkpt>
      <trkpt lat="33.304645" lon="126.519092">
        <ele>670.24</ele>
        <time>2025-10-18T03:51:52.290Z</time>
      </trkpt>
      <trkpt lat="33.304508" lon="126.51908">
        <ele>667.16</ele>
        <time>2025-10-18T03:52:42.257Z</time>
      </trkpt>
      <trkpt lat="33.304454" lon="126.519087">
        <ele>665.91</ele>
        <time>2025-10-18T03:53:02.014Z</time>
      </trkpt>
      <trkpt lat="33.304284" lon="126.519078">
        <ele>663.01</ele>
        <time>2025-10-18T03:54:03.912Z</time>
      </trkpt>
      <trkpt lat="33.304156" lon="126.519084">
        <ele>661.26</ele>
        <time>2025-10-18T03:54:50.507Z</time>
      </trkpt>
      <trkpt lat="33.30403" lon="126.519072">
        <ele>660.02</ele>
        <time>2025-10-18T03:55:36.484Z</time>
      </trkpt>
      <trkpt lat="33.303892" lon="126.519084">
        <ele>658.11</ele>
        <time>2025-10-18T03:56:26.814Z</time>
      </trkpt>
      <trkpt lat="33.303781" lon="126.519053">
        <ele>656.99</ele>
        <time>2025-10-18T03:57:08.275Z</time>
      </trkpt>
      <trkpt lat="33.303721" lon="126.518981">
        <ele>656.75</ele>
        <time>2025-10-18T03:57:39.185Z</time>
      </trkpt>
      <trkpt lat="33.303604" lon="126.518985">
        <ele>655.1</ele>
        <time>2025-10-18T03:58:21.761Z</time>
      </trkpt>
      <trkpt lat="33.303491" lon="126.518928">
        <ele>653.85</ele>
        <time>2025-10-18T03:59:06.368Z</time>
      </trkpt>
      <trkpt lat="33.303387" lon="126.518967">
        <ele>652.17</ele>
        <time>2025-10-18T03:59:46.012Z</time>
      </trkpt>
      <trkpt lat="33.303221" lon="126.518962">
        <ele>649.35</ele>
        <time>2025-10-18T04:00:46.413Z</time>
      </trkpt>
      <trkpt lat="33.303063" lon="126.518928">
        <ele>647.23</ele>
        <time>2025-10-18T04:01:44.807Z</time>
      </trkpt>
      <trkpt lat="33.303021" lon="126.518908">
        <ele>646.87</ele>
        <time>2025-10-18T04:02:01.250Z</time>
      </trkpt>
      <trkpt lat="33.302883" lon="126.518899">
        <ele>644.57</ele>
        <time>2025-10-18T04:02:51.522Z</time>
      </trkpt>
      <trkpt lat="33.302846" lon="126.51891">
        <ele>643.85</ele>
        <time>2025-10-18T04:03:05.390Z</time>
      </trkpt>
      <trkpt lat="33.302713" lon="126.518857">
        <ele>642.97</ele>
        <time>2025-10-18T04:03:56.381Z</time>
      </trkpt>
      <trkpt lat="33.302643" lon="126.518817">
        <ele>642.67</ele>
        <time>2025-10-18T04:04:24.598Z</time>
      </trkpt>
      <trkpt lat="33.30253" lon="126.518818">
        <ele>641.1</ele>
        <time>2025-10-18T04:05:05.703Z</time>
      </trkpt>
      <trkpt lat="33.30253" lon="126.518818">
        <ele>641.1</ele>
        <time>2025-10-18T04:05:05.703Z</time>
      </trkpt>
      <trkpt lat="33.302344" lon="126.5188">
        <ele>638.86</ele>
        <time>2025-10-18T04:27:24.833Z</time>
      </trkpt>
      <trkpt lat="33.302173" lon="126.518866">
        <ele>636.19</ele>
        <time>2025-10-18T04:28:31.751Z</time>
      </trkpt>
      <trkpt lat="33.302005" lon="126.518955">
        <ele>632.37</ele>
        <time>2025-10-18T04:29:40.179Z</time>
      </trkpt>
      <trkpt lat="33.301898" lon="126.519069">
        <ele>629.38</ele>
        <time>2025-10-18T04:30:33.539Z</time>
      </trkpt>
      <trkpt lat="33.301803" lon="126.519104">
        <ele>627.65</ele>
        <time>2025-10-18T04:31:10.559Z</time>
      </trkpt>
      <trkpt lat="33.301726" lon="126.51918">
        <ele>625.72</ele>
        <time>2025-10-18T04:31:47.735Z</time>
      </trkpt>
      <trkpt lat="33.301708" lon="126.519222">
        <ele>625.1</ele>
        <time>2025-10-18T04:32:02.427Z</time>
      </trkpt>
      <trkpt lat="33.301609" lon="126.519253">
        <ele>624.05</ele>
        <time>2025-10-18T04:32:40.540Z</time>
      </trkpt>
      <trkpt lat="33.3015" lon="126.519266">
        <ele>622.97</ele>
        <time>2025-10-18T04:33:21.336Z</time>
      </trkpt>
      <trkpt lat="33.3015" lon="126.519266">
        <ele>622.97</ele>
        <time>2025-10-18T04:33:21.336Z</time>
      </trkpt>
      <trkpt lat="33.301414" lon="126.519276">
        <ele>622.12</ele>
        <time>2025-10-18T05:19:35.143Z</time>
      </trkpt>
      <trkpt lat="33.301315" lon="126.519239">
        <ele>621.65</ele>
        <time>2025-10-18T05:20:21.079Z</time>
      </trkpt>
      <trkpt lat="33.301144" lon="126.519105">
        <ele>620.17</ele>
        <time>2025-10-18T05:21:51.613Z</time>
      </trkpt>
      <trkpt lat="33.301088" lon="126.519089">
        <ele>619.48</ele>
        <time>2025-10-18T05:22:17.112Z</time>
      </trkpt>
      <trkpt lat="33.300931" lon="126.519074">
        <ele>617.39</ele>
        <time>2025-10-18T05:23:26.868Z</time>
      </trkpt>
      <trkpt lat="33.300886" lon="126.519044">
        <ele>616.73</ele>
        <time>2025-10-18T05:23:49.683Z</time>
      </trkpt>
      <trkpt lat="33.300886" lon="126.519044">
        <ele>616.73</ele>
        <time>2025-10-18T05:23:49.683Z</time>
      </trkpt>
      <trkpt lat="33.300731" lon="126.518938">
        <ele>614.47</ele>
        <time>2025-10-18T05:39:35.135Z</time>
      </trkpt>
      <trkpt lat="33.300695" lon="126.519013">
        <ele>613.62</ele>
        <time>2025-10-18T05:40:15.953Z</time>
      </trkpt>
      <trkpt lat="33.300607" lon="126.519405">
        <ele>613.05</ele>
        <time>2025-10-18T05:43:27.517Z</time>
      </trkpt>
      <trkpt lat="33.300638" lon="126.519747">
        <ele>613.38</ele>
        <time>2025-10-18T05:46:09.872Z</time>
      </trkpt>
      <trkpt lat="33.300669" lon="126.52009">
        <ele>610.04</ele>
        <time>2025-10-18T05:48:52.696Z</time>
      </trkpt>
      <trkpt lat="33.300693" lon="126.520493">
        <ele>606.06</ele>
        <time>2025-10-18T05:52:03.376Z</time>
      </trkpt>
      <trkpt lat="33.300666" lon="126.520754">
        <ele>601.92</ele>
        <time>2025-10-18T05:54:07.496Z</time>
      </trkpt>
      <trkpt lat="33.300592" lon="126.521206">
        <ele>595.36</ele>
        <time>2025-10-18T05:57:44.874Z</time>
      </trkpt>
      <trkpt lat="33.300723" lon="126.522234">
        <ele>592.13</ele>
        <time>2025-10-18T06:05:55.652Z</time>
      </trkpt>
      <trkpt lat="33.300769" lon="126.522573">
        <ele>592.08</ele>
        <time>2025-10-18T06:08:37.740Z</time>
      </trkpt>
      <trkpt lat="33.300801" lon="126.523007">
        <ele>593.09</ele>
        <time>2025-10-18T06:12:03.364Z</time>
      </trkpt>
      <trkpt lat="33.300749" lon="126.523216">
        <ele>591.88</ele>
        <time>2025-10-18T06:13:46.280Z</time>
      </trkpt>
      <trkpt lat="33.300677" lon="126.5236">
        <ele>590.95</ele>
        <time>2025-10-18T06:16:52.015Z</time>
      </trkpt>
      <trkpt lat="33.300657" lon="126.523874">
        <ele>591.52</ele>
        <time>2025-10-18T06:19:01.823Z</time>
      </trkpt>
      <trkpt lat="33.300649" lon="126.523908">
        <ele>591.59</ele>
        <time>2025-10-18T06:19:18.493Z</time>
      </trkpt>
      <trkpt lat="33.300649" lon="126.523908">
        <ele>591.59</ele>
        <time>2025-10-18T06:19:18.493Z</time>
      </trkpt>
      <trkpt lat="33.300612" lon="126.524067">
        <ele>591.47</ele>
        <time>2025-10-18T06:32:12.623Z</time>
      </trkpt>
      <trkpt lat="33.300473" lon="126.524351">
        <ele>591.32</ele>
        <time>2025-10-18T06:34:50.619Z</time>
      </trkpt>
      <trkpt lat="33.300334" lon="126.524635">
        <ele>588.16</ele>
        <time>2025-10-18T06:37:28.615Z</time>
      </trkpt>
      <trkpt lat="33.300186" lon="126.524976">
        <ele>582.1</ele>
        <time>2025-10-18T06:40:33.075Z</time>
      </trkpt>
      <trkpt lat="33.29995" lon="126.525395">
        <ele>576.98</ele>
        <time>2025-10-18T06:44:35.637Z</time>
      </trkpt>
      <trkpt lat="33.29987" lon="126.525537">
        <ele>575.06</ele>
        <time>2025-10-18T06:45:57.848Z</time>
      </trkpt>
      <trkpt lat="33.299629" lon="126.525815">
        <ele>570.74</ele>
        <time>2025-10-18T06:49:10.133Z</time>
      </trkpt>
      <trkpt lat="33.299629" lon="126.525815">
        <ele>570.74</ele>
        <time>2025-10-18T06:49:10.133Z</time>
      </trkpt>
      <trkpt lat="33.299538" lon="126.525883">
        <ele>569.35</ele>
        <time>2025-10-18T07:01:04.319Z</time>
      </trkpt>
      <trkpt lat="33.299379" lon="126.525885">
        <ele>567.2</ele>
        <time>2025-10-18T07:02:33.208Z</time>
      </trkpt>
      <trkpt lat="33.299283" lon="126.525821">
        <ele>566.22</ele>
        <time>2025-10-18T07:03:34.642Z</time>
      </trkpt>
      <trkpt lat="33.299025" lon="126.525534">
        <ele>560.58</ele>
        <time>2025-10-18T07:06:51.577Z</time>
      </trkpt>
      <trkpt lat="33.298902" lon="126.525276">
        <ele>557.01</ele>
        <time>2025-10-18T07:09:10.356Z</time>
      </trkpt>
      <trkpt lat="33.298747" lon="126.524807">
        <ele>553.01</ele>
        <time>2025-10-18T07:13:06.000Z</time>
      </trkpt>
      <trkpt lat="33.298617" lon="126.524619">
        <ele>549.91</ele>
        <time>2025-10-18T07:15:00.006Z</time>
      </trkpt>
      <trkpt lat="33.29857" lon="126.524582">
        <ele>548.72</ele>
        <time>2025-10-18T07:15:31.457Z</time>
      </trkpt>
      <trkpt lat="33.29857" lon="126.524582">
        <ele>548.72</ele>
        <time>2025-10-18T07:15:31.457Z</time>
      </trkpt>
      <trkpt lat="33.298433" lon="126.524474">
        <ele>545.23</ele>
        <time>2025-10-18T07:18:22.167Z</time>
      </trkpt>
      <trkpt lat="33.29811" lon="126.524456">
        <ele>538.66</ele>
        <time>2025-10-18T07:21:18.444Z</time>
      </trkpt>
      <trkpt lat="33.297841" lon="126.524359">
        <ele>534.64</ele>
        <time>2025-10-18T07:23:51.607Z</time>
      </trkpt>
      <trkpt lat="33.297691" lon="126.524262">
        <ele>532.06</ele>
        <time>2025-10-18T07:25:24.561Z</time>
      </trkpt>
      <trkpt lat="33.297474" lon="126.52419">
        <ele>528.39</ele>
        <time>2025-10-18T07:27:27.325Z</time>
      </trkpt>
      <trkpt lat="33.297299" lon="126.524203">
        <ele>525.69</ele>
        <time>2025-10-18T07:29:02.911Z</time>
      </trkpt>
      <trkpt lat="33.297254" lon="126.524222">
        <ele>524.95</ele>
        <time>2025-10-18T07:29:28.926Z</time>
      </trkpt>
      <trkpt lat="33.297254" lon="126.524222">
        <ele>524.95</ele>
        <time>2025-10-18T07:29:28.926Z</time>
      </trkpt>
      <trkpt lat="33.297051" lon="126.524305">
        <ele>521.59</ele>
        <time>2025-10-18T07:30:46.736Z</time>
      </trkpt>
      <trkpt lat="33.296554" lon="126.524509">
        <ele>519.87</ele>
        <time>2025-10-18T07:34:54.180Z</time>
      </trkpt>
      <trkpt lat="33.296135" lon="126.524815">
        <ele>518.11</ele>
        <time>2025-10-18T07:38:45.358Z</time>
      </trkpt>
      <trkpt lat="33.295454" lon="126.525362">
        <ele>504.52</ele>
        <time>2025-10-18T07:45:11.637Z</time>
      </trkpt>
      <trkpt lat="33.295122" lon="126.525606">
        <ele>499.55</ele>
        <time>2025-10-18T07:48:15.130Z</time>
      </trkpt>
      <trkpt lat="33.295062" lon="126.525662">
        <ele>498.81</ele>
        <time>2025-10-18T07:48:50.967Z</time>
      </trkpt>
      <trkpt lat="33.295062" lon="126.525662">
        <ele>498.81</ele>
        <time>2025-10-18T07:48:50.967Z</time>
      </trkpt>
      <trkpt lat="33.294981" lon="126.525738">
        <ele>497.8</ele>
        <time>2025-10-18T07:54:32.632Z</time>
      </trkpt>
      <trkpt lat="33.294597" lon="126.525923">
        <ele>493.06</ele>
        <time>2025-10-18T07:57:30.619Z</time>
      </trkpt>
      <trkpt lat="33.294434" lon="126.525955">
        <ele>491.73</ele>
        <time>2025-10-18T07:58:41.639Z</time>
      </trkpt>
      <trkpt lat="33.294223" lon="126.52592">
        <ele>489.47</ele>
        <time>2025-10-18T08:00:13.228Z</time>
      </trkpt>
      <trkpt lat="33.294086" lon="126.525955">
        <ele>488.15</ele>
        <time>2025-10-18T08:01:13.460Z</time>
      </trkpt>
      <trkpt lat="33.293931" lon="126.526085">
        <ele>484.91</ele>
        <time>2025-10-18T08:02:34.848Z</time>
      </trkpt>
      <trkpt lat="33.293931" lon="126.526085">
        <ele>484.91</ele>
        <time>2025-10-18T08:02:34.848Z</time>
      </trkpt>
      <trkpt lat="33.293622" lon="126.526344">
        <ele>478.44</ele>
        <time>2025-10-18T08:29:30.165Z</time>
      </trkpt>
      <trkpt lat="33.293465" lon="126.526507">
        <ele>475.78</ele>
        <time>2025-10-18T08:31:04.709Z</time>
      </trkpt>
      <trkpt lat="33.293353" lon="126.526682">
        <ele>473.73</ele>
        <time>2025-10-18T08:32:28.499Z</time>
      </trkpt>
      <trkpt lat="33.293232" lon="126.526797">
        <ele>470.9</ele>
        <time>2025-10-18T08:33:38.783Z</time>
      </trkpt>
      <trkpt lat="33.292958" lon="126.526945">
        <ele>465.43</ele>
        <time>2025-10-18T08:35:55.514Z</time>
      </trkpt>
      <trkpt lat="33.292884" lon="126.527049">
        <ele>463.13</ele>
        <time>2025-10-18T08:36:47.436Z</time>
      </trkpt>
      <trkpt lat="33.292754" lon="126.527342">
        <ele>459.23</ele>
        <time>2025-10-18T08:38:53.544Z</time>
      </trkpt>
      <trkpt lat="33.292526" lon="126.527685">
        <ele>455.4</ele>
        <time>2025-10-18T08:41:40.146Z</time>
      </trkpt>
      <trkpt lat="33.29238" lon="126.527768">
        <ele>453.88</ele>
        <time>2025-10-18T08:42:53.664Z</time>
      </trkpt>
      <trkpt lat="33.292306" lon="126.527929">
        <ele>452.45</ele>
        <time>2025-10-18T08:44:03.514Z</time>
      </trkpt>
      <trkpt lat="33.292086" lon="126.528108">
        <ele>450.21</ele>
        <time>2025-10-18T08:46:04.520Z</time>
      </trkpt>
      <trkpt lat="33.292086" lon="126.528108">
        <ele>450.21</ele>
        <time>2025-10-18T08:46:04.520Z</time>
      </trkpt>
      <trkpt lat="33.291897" lon="126.528263">
        <ele>448.63</ele>
        <time>2025-10-18T08:52:02.717Z</time>
      </trkpt>
      <trkpt lat="33.291799" lon="126.528342">
        <ele>447.53</ele>
        <time>2025-10-18T08:52:54.872Z</time>
      </trkpt>
      <trkpt lat="33.29145" lon="126.52849">
        <ele>443.48</ele>
        <time>2025-10-18T08:55:38.294Z</time>
      </trkpt>
      <trkpt lat="33.291407" lon="126.528549">
        <ele>442.58</ele>
        <time>2025-10-18T08:56:07.172Z</time>
      </trkpt>
      <trkpt lat="33.291407" lon="126.528549">
        <ele>442.59</ele>
        <time>2025-10-18T08:56:07.172Z</time>
      </trkpt>
      <trkpt lat="33.291176" lon="126.528873">
        <ele>437.7</ele>
        <time>2025-10-18T09:17:17.922Z</time>
      </trkpt>
      <trkpt lat="33.290799" lon="126.52926">
        <ele>431.93</ele>
        <time>2025-10-18T09:20:39.556Z</time>
      </trkpt>
      <trkpt lat="33.290624" lon="126.5294">
        <ele>428.39</ele>
        <time>2025-10-18T09:22:05.006Z</time>
      </trkpt>
      <trkpt lat="33.290607" lon="126.529369">
        <ele>428.15</ele>
        <time>2025-10-18T09:22:17.585Z</time>
      </trkpt>
      <trkpt lat="33.290556" lon="126.52933">
        <ele>427.46</ele>
        <time>2025-10-18T09:22:42.153Z</time>
      </trkpt>
      <trkpt lat="33.290525" lon="126.529325">
        <ele>427.03</ele>
        <time>2025-10-18T09:22:54.849Z</time>
      </trkpt>
      <trkpt lat="33.290467" lon="126.529347">
        <ele>426.42</ele>
        <time>2025-10-18T09:23:19.545Z</time>
      </trkpt>
      <trkpt lat="33.290427" lon="126.529402">
        <ele>425.82</ele>
        <time>2025-10-18T09:23:44.280Z</time>
      </trkpt>
      <trkpt lat="33.290296" lon="126.52947">
        <ele>424.52</ele>
        <time>2025-10-18T09:24:42.241Z</time>
      </trkpt>
      <trkpt lat="33.289825" lon="126.529834">
        <ele>424</ele>
        <time>2025-10-18T09:28:29.838Z</time>
      </trkpt>
      <trkpt lat="33.289354" lon="126.530197">
        <ele>420.99</ele>
        <time>2025-10-18T09:32:17.252Z</time>
      </trkpt>
      <trkpt lat="33.28906" lon="126.530475">
        <ele>418.91</ele>
        <time>2025-10-18T09:34:49.361Z</time>
      </trkpt>
      <trkpt lat="33.28884" lon="126.530609">
        <ele>418.1</ele>
        <time>2025-10-18T09:36:29.565Z</time>
      </trkpt>
      <trkpt lat="33.28884000889957" lon="126.53060995973647">
        <ele>414.3</ele>
        <time>2025-10-18T09:36:29.890Z</time>
      </trkpt>
      <trkpt lat="33.28877999447286" lon="126.53037996031344">
        <ele>415</ele>
        <time>2025-10-18T10:22:37.969Z</time>
      </trkpt>
      <trkpt lat="33.28874001279473" lon="126.53016999363899">
        <ele>415.3</ele>
        <time>2025-10-18T10:24:31.969Z</time>
      </trkpt>
      <trkpt lat="33.28864999115467" lon="126.52997000142932">
        <ele>415.7</ele>
        <time>2025-10-18T10:26:53.969Z</time>
      </trkpt>
      <trkpt lat="33.28851998783648" lon="126.52981996536255">
        <ele>416.6</ele>
        <time>2025-10-18T10:30:40.969Z</time>
      </trkpt>
      <trkpt lat="33.288449998945" lon="126.52960002422333">
        <ele>417.6</ele>
        <time>2025-10-18T10:33:58.969Z</time>
      </trkpt>
      <trkpt lat="33.28847003169358" lon="126.52937999926507">
        <ele>418.3</ele>
        <time>2025-10-18T10:35:52.969Z</time>
      </trkpt>
      <trkpt lat="33.28851998783648" lon="126.52914002537727">
        <ele>419.4</ele>
        <time>2025-10-18T10:38:42.969Z</time>
      </trkpt>
      <trkpt lat="33.28851998783648" lon="126.52892000041902">
        <ele>420.5</ele>
        <time>2025-10-18T10:41:33.969Z</time>
      </trkpt>
      <trkpt lat="33.28858000226319" lon="126.52869997546077">
        <ele>421.7</ele>
        <time>2025-10-18T10:44:23.969Z</time>
      </trkpt>
      <trkpt lat="33.28860003501177" lon="126.52846000157297">
        <ele>422.9</ele>
        <time>2025-10-18T10:47:42.969Z</time>
      </trkpt>
      <trkpt lat="33.288700031116605" lon="126.52825003489852">
        <ele>424.3</ele>
        <time>2025-10-18T10:51:29.969Z</time>
      </trkpt>
      <trkpt lat="33.28873003832996" lon="126.52802003547549">
        <ele>425.3</ele>
        <time>2025-10-18T10:54:48.969Z</time>
      </trkpt>
      <trkpt lat="33.28877002000809" lon="126.52779003605247">
        <ele>426.2</ele>
        <time>2025-10-18T10:58:36.969Z</time>
      </trkpt>
      <trkpt lat="33.28875996172428" lon="126.52754997834563">
        <ele>426.8</ele>
        <time>2025-10-18T11:01:55.969Z</time>
      </trkpt>
      <trkpt lat="33.28884000889957" lon="126.5273199789226">
        <ele>427.1</ele>
        <time>2025-10-18T11:05:14.969Z</time>
      </trkpt>
      <trkpt lat="33.288870016112924" lon="126.52710003778338">
        <ele>427.2</ele>
        <time>2025-10-18T11:07:36.969Z</time>
      </trkpt>
      <trkpt lat="33.28886004164815" lon="126.52685998007655">
        <ele>427.1</ele>
        <time>2025-10-18T11:11:24.969Z</time>
      </trkpt>
      <trkpt lat="33.288870016112924" lon="126.52664003893733">
        <ele>426.9</ele>
        <time>2025-10-18T11:14:43.969Z</time>
      </trkpt>
      <trkpt lat="33.28888996504247" lon="126.52642001397908">
        <ele>426.5</ele>
        <time>2025-10-18T11:18:02.969Z</time>
      </trkpt>
      <trkpt lat="33.288979986682534" lon="126.5262200217694">
        <ele>425.9</ele>
        <time>2025-10-18T11:21:50.969Z</time>
      </trkpt>
      <trkpt lat="33.28907998278737" lon="126.52600997127593">
        <ele>425.2</ele>
        <time>2025-10-18T11:25:10.969Z</time>
      </trkpt>
      <trkpt lat="33.2891199644655" lon="126.52580000460148">
        <ele>424.4</ele>
        <time>2025-10-18T11:28:29.969Z</time>
      </trkpt>
      <trkpt lat="33.289109990000725" lon="126.52554997242987">
        <ele>423.6</ele>
        <time>2025-10-18T11:31:20.969Z</time>
      </trkpt>
      <trkpt lat="33.28906003385782" lon="126.52534000575542">
        <ele>422.6</ele>
        <time>2025-10-18T11:34:40.969Z</time>
      </trkpt>
      <trkpt lat="33.28901996836066" lon="126.52513003908098">
        <ele>421.8</ele>
        <time>2025-10-18T11:37:02.969Z</time>
      </trkpt>
      <trkpt lat="33.28894997946918" lon="126.52492996305227">
        <ele>420.8</ele>
        <time>2025-10-18T11:40:22.969Z</time>
      </trkpt>
      <trkpt lat="33.288979986682534" lon="126.52469996362925">
        <ele>420</ele>
        <time>2025-10-18T11:42:44.969Z</time>
      </trkpt>
      <trkpt lat="33.288960037752986" lon="126.52445001527667">
        <ele>419.1</ele>
        <time>2025-10-18T11:45:36.969Z</time>
      </trkpt>
      <trkpt lat="33.28881997615099" lon="126.52429000474513">
        <ele>418.1</ele>
        <time>2025-10-18T11:48:55.969Z</time>
      </trkpt>
      <trkpt lat="33.28861998394132" lon="126.52422001585364">
        <ele>417.2</ele>
        <time>2025-10-18T11:51:47.969Z</time>
      </trkpt>
      <trkpt lat="33.288440024480224" lon="126.5241200197488">
        <ele>416.1</ele>
        <time>2025-10-18T11:56:04.969Z</time>
      </trkpt>
      <trkpt lat="33.28829996287823" lon="126.52397995814681">
        <ele>415.3</ele>
        <time>2025-10-18T11:59:24.969Z</time>
      </trkpt>
      <trkpt lat="33.28831002116203" lon="126.52373998425901">
        <ele>414.6</ele>
        <time>2025-10-18T12:02:44.969Z</time>
      </trkpt>
      <trkpt lat="33.28824003227055" lon="126.52353001758456">
        <ele>413.9</ele>
        <time>2025-10-18T12:06:04.969Z</time>
      </trkpt>
      <trkpt lat="33.288080021739006" lon="126.52341996319592">
        <ele>413</ele>
        <time>2025-10-18T12:09:52.969Z</time>
      </trkpt>
      <trkpt lat="33.28788002952933" lon="126.52334997430444">
        <ele>412.3</ele>
        <time>2025-10-18T12:13:12.969Z</time>
      </trkpt>
      <trkpt lat="33.287669979035854" lon="126.52333999983966">
        <ele>411.4</ele>
        <time>2025-10-18T12:17:01.969Z</time>
      </trkpt>
      <trkpt lat="33.28749001957476" lon="126.52330999262631">
        <ele>410.6</ele>
        <time>2025-10-18T12:19:53.969Z</time>
      </trkpt>
      <trkpt lat="33.28730997629464" lon="126.52333999983966">
        <ele>410</ele>
        <time>2025-10-18T12:21:47.969Z</time>
      </trkpt>
      <trkpt lat="33.28710000962019" lon="126.52333002537489">
        <ele>408.9</ele>
        <time>2025-10-18T12:25:07.969Z</time>
      </trkpt>
      <trkpt lat="33.28690001741052" lon="126.52330999262631">
        <ele>407.8</ele>
        <time>2025-10-18T12:26:43.734Z</time>
      </trkpt>
      <trkpt lat="33.286885" lon="126.523008">
        <ele>410.6</ele>
        <time>2025-10-18T12:28:44.407Z</time>
      </trkpt>
      <trkpt lat="33.286822" lon="126.523013">
        <ele>409.79</ele>
        <time>2025-10-18T12:29:14.535Z</time>
      </trkpt>
      <trkpt lat="33.286663" lon="126.523">
        <ele>408</ele>
        <time>2025-10-18T12:30:30.582Z</time>
      </trkpt>
      <trkpt lat="33.286575" lon="126.522964">
        <ele>407.06</ele>
        <time>2025-10-18T12:31:14.960Z</time>
      </trkpt>
      <trkpt lat="33.286483" lon="126.522884">
        <ele>405.96</ele>
        <time>2025-10-18T12:32:09.232Z</time>
      </trkpt>
      <trkpt lat="33.28644" lon="126.522821">
        <ele>405.66</ele>
        <time>2025-10-18T12:32:41.674Z</time>
      </trkpt>
      <trkpt lat="33.286366" lon="126.522713">
        <ele>405.14</ele>
        <time>2025-10-18T12:33:37.376Z</time>
      </trkpt>
      <trkpt lat="33.286072" lon="126.522594">
        <ele>402.19</ele>
        <time>2025-10-18T12:36:05.478Z</time>
      </trkpt>
      <trkpt lat="33.285976" lon="126.522543">
        <ele>401.05</ele>
        <time>2025-10-18T12:36:55.600Z</time>
      </trkpt>
      <trkpt lat="33.285873" lon="126.522375">
        <ele>400.51</ele>
        <time>2025-10-18T12:38:18.704Z</time>
      </trkpt>
      <trkpt lat="33.285562" lon="126.521938">
        <ele>397.72</ele>
        <time>2025-10-18T12:42:07.633Z</time>
      </trkpt>
      <trkpt lat="33.285194" lon="126.521292">
        <ele>392.4</ele>
        <time>2025-10-18T12:47:19.461Z</time>
      </trkpt>
      <trkpt lat="33.285024" lon="126.520893">
        <ele>386.81</ele>
        <time>2025-10-18T12:50:18.099Z</time>
      </trkpt>
      <trkpt lat="33.284976" lon="126.520541">
        <ele>383.55</ele>
        <time>2025-10-18T12:52:40.365Z</time>
      </trkpt>
      <trkpt lat="33.284983" lon="126.52011">
        <ele>380.83</ele>
        <time>2025-10-18T12:55:32.320Z</time>
      </trkpt>
      <trkpt lat="33.284971" lon="126.520016">
        <ele>380</ele>
        <time>2025-10-18T12:56:10.250Z</time>
      </trkpt>
      <trkpt lat="33.284798" lon="126.519755">
        <ele>378.48</ele>
        <time>2025-10-18T12:58:23.118Z</time>
      </trkpt>
      <trkpt lat="33.284545" lon="126.519589">
        <ele>377.74</ele>
        <time>2025-10-18T13:00:40.810Z</time>
      </trkpt>
      <trkpt lat="33.284382" lon="126.519346">
        <ele>377</ele>
        <time>2025-10-18T13:02:45.089Z</time>
      </trkpt>
      <trkpt lat="33.284231" lon="126.519296">
        <ele>376.3</ele>
        <time>2025-10-18T13:03:59.851Z</time>
      </trkpt>
      <trkpt lat="33.284039" lon="126.51928">
        <ele>374.99</ele>
        <time>2025-10-18T13:05:31.690Z</time>
      </trkpt>
      <trkpt lat="33.283553" lon="126.519277">
        <ele>372.58</ele>
        <time>2025-10-18T13:09:23.599Z</time>
      </trkpt>
      <trkpt lat="33.282906" lon="126.519344">
        <ele>364.23</ele>
        <time>2025-10-18T13:14:33.485Z</time>
      </trkpt>
      <trkpt lat="33.282632" lon="126.519301">
        <ele>360.5</ele>
        <time>2025-10-18T13:16:45.351Z</time>
      </trkpt>
      <trkpt lat="33.282391" lon="126.519104">
        <ele>358.3</ele>
        <time>2025-10-18T13:19:04.635Z</time>
      </trkpt>
      <trkpt lat="33.282281" lon="126.519038">
        <ele>357.24</ele>
        <time>2025-10-18T13:20:03.356Z</time>
      </trkpt>
      <trkpt lat="33.281987" lon="126.519056">
        <ele>354.51</ele>
        <time>2025-10-18T13:22:23.828Z</time>
      </trkpt>
      <trkpt lat="33.281849" lon="126.519107">
        <ele>353.16</ele>
        <time>2025-10-18T13:23:32.749Z</time>
      </trkpt>
      <trkpt lat="33.281703" lon="126.519068">
        <ele>350.91</ele>
        <time>2025-10-18T13:24:44.132Z</time>
      </trkpt>
      <trkpt lat="33.281532" lon="126.518944">
        <ele>347.81</ele>
        <time>2025-10-18T13:26:19.551Z</time>
      </trkpt>
      <trkpt lat="33.281272" lon="126.51881">
        <ele>344.42</ele>
        <time>2025-10-18T13:28:34.641Z</time>
      </trkpt>
      <trkpt lat="33.280925" lon="126.518742">
        <ele>342.18</ele>
        <time>2025-10-18T13:31:22.427Z</time>
      </trkpt>
      <trkpt lat="33.280744" lon="126.518655">
        <ele>342.88</ele>
        <time>2025-10-18T13:32:55.507Z</time>
      </trkpt>
      <trkpt lat="33.280676" lon="126.518579">
        <ele>342.64</ele>
        <time>2025-10-18T13:33:39.914Z</time>
      </trkpt>
      <trkpt lat="33.280611" lon="126.518431">
        <ele>341.59</ele>
        <time>2025-10-18T13:34:46.604Z</time>
      </trkpt>
      <trkpt lat="33.280488" lon="126.518098">
        <ele>338.18</ele>
        <time>2025-10-18T13:37:11.831Z</time>
      </trkpt>
      <trkpt lat="33.280309" lon="126.517812">
        <ele>337.99</ele>
        <time>2025-10-18T13:39:34.351Z</time>
      </trkpt>
      <trkpt lat="33.280093" lon="126.517683">
        <ele>336.72</ele>
        <time>2025-10-18T13:41:29.553Z</time>
      </trkpt>
      <trkpt lat="33.279808" lon="126.517375">
        <ele>334.64</ele>
        <time>2025-10-18T13:44:32.830Z</time>
      </trkpt>
      <trkpt lat="33.27961" lon="126.517266">
        <ele>334</ele>
        <time>2025-10-18T13:46:16.836Z</time>
      </trkpt>
      <trkpt lat="33.279474" lon="126.51723">
        <ele>333.17</ele>
        <time>2025-10-18T13:47:23.301Z</time>
      </trkpt>
      <trkpt lat="33.279337" lon="126.517131">
        <ele>332.26</ele>
        <time>2025-10-18T13:48:39.677Z</time>
      </trkpt>
      <trkpt lat="33.27917" lon="126.516887">
        <ele>329.7</ele>
        <time>2025-10-18T13:50:45.472Z</time>
      </trkpt>
      <trkpt lat="33.278931" lon="126.516447">
        <ele>324.68</ele>
        <time>2025-10-18T13:54:14.793Z</time>
      </trkpt>
      <trkpt lat="33.278831" lon="126.516113">
        <ele>322.3</ele>
        <time>2025-10-18T13:56:36.319Z</time>
      </trkpt>
      <trkpt lat="33.278696" lon="126.515996">
        <ele>321.62</ele>
        <time>2025-10-18T13:57:55.869Z</time>
      </trkpt>
      <trkpt lat="33.27856" lon="126.515712">
        <ele>320</ele>
        <time>2025-10-18T14:00:06.433Z</time>
      </trkpt>
      <trkpt lat="33.278141" lon="126.515435">
        <ele>317.94</ele>
        <time>2025-10-18T14:03:54.873Z</time>
      </trkpt>
      <trkpt lat="33.277429" lon="126.515293">
        <ele>310.97</ele>
        <time>2025-10-18T14:09:39.311Z</time>
      </trkpt>
      <trkpt lat="33.27709" lon="126.515178">
        <ele>307.5</ele>
        <time>2025-10-18T14:12:27.452Z</time>
      </trkpt>
      <trkpt lat="33.276721" lon="126.515155">
        <ele>305.73</ele>
        <time>2025-10-18T14:15:23.768Z</time>
      </trkpt>
      <trkpt lat="33.276344" lon="126.515226">
        <ele>304.59</ele>
        <time>2025-10-18T14:18:25.878Z</time>
      </trkpt>
      <trkpt lat="33.276221" lon="126.515299">
        <ele>303.98</ele>
        <time>2025-10-18T14:19:31.398Z</time>
      </trkpt>
      <trkpt lat="33.276106" lon="126.515529">
        <ele>305.41</ele>
        <time>2025-10-18T14:21:18.310Z</time>
      </trkpt>
      <trkpt lat="33.275988" lon="126.515687">
        <ele>305.62</ele>
        <time>2025-10-18T14:22:42.828Z</time>
      </trkpt>
      <trkpt lat="33.275491" lon="126.515994">
        <ele>304.26</ele>
        <time>2025-10-18T14:27:09.741Z</time>
      </trkpt>
      <trkpt lat="33.275289" lon="126.516031">
        <ele>302.28</ele>
        <time>2025-10-18T14:28:47.253Z</time>
      </trkpt>
      <trkpt lat="33.275289" lon="126.516031">
        <ele>302.28</ele>
        <time>2025-10-18T14:28:47.253Z</time>
      </trkpt>
      <trkpt lat="33.275044" lon="126.516076">
        <ele>299.89</ele>
        <time>2025-10-18T15:48:55.301Z</time>
      </trkpt>
      <trkpt lat="33.274843" lon="126.515953">
        <ele>297.01</ele>
        <time>2025-10-18T15:50:43.409Z</time>
      </trkpt>
      <trkpt lat="33.274561" lon="126.51598">
        <ele>296</ele>
        <time>2025-10-18T15:52:58.869Z</time>
      </trkpt>
      <trkpt lat="33.27436" lon="126.516011">
        <ele>296</ele>
        <time>2025-10-18T15:54:35.909Z</time>
      </trkpt>
      <trkpt lat="33.27436" lon="126.516011">
        <ele>296</ele>
        <time>2025-10-18T15:54:35.909Z</time>
      </trkpt>
      <trkpt lat="33.274336" lon="126.516015">
        <ele>296</ele>
        <time>2025-10-18T15:57:02.660Z</time>
      </trkpt>
      <trkpt lat="33.274092" lon="126.516159">
        <ele>294.69</ele>
        <time>2025-10-18T15:58:46.142Z</time>
      </trkpt>
      <trkpt lat="33.273603" lon="126.516446">
        <ele>288.91</ele>
        <time>2025-10-18T16:02:13.307Z</time>
      </trkpt>
      <trkpt lat="33.273085" lon="126.516855">
        <ele>283.78</ele>
        <time>2025-10-18T16:06:09.373Z</time>
      </trkpt>
      <trkpt lat="33.272826" lon="126.517059">
        <ele>282.98</ele>
        <time>2025-10-18T16:08:07.319Z</time>
      </trkpt>
      <trkpt lat="33.271901" lon="126.517911">
        <ele>280.55</ele>
        <time>2025-10-18T16:15:31.353Z</time>
      </trkpt>
      <trkpt lat="33.271687" lon="126.518107">
        <ele>278.06</ele>
        <time>2025-10-18T16:17:13.865Z</time>
      </trkpt>
      <trkpt lat="33.271046" lon="126.518698">
        <ele>278.67</ele>
        <time>2025-10-18T16:22:21.683Z</time>
      </trkpt>
      <trkpt lat="33.270317" lon="126.51935">
        <ele>272.41</ele>
        <time>2025-10-18T16:28:07.889Z</time>
      </trkpt>
      <trkpt lat="33.270173" lon="126.519447">
        <ele>270.84</ele>
        <time>2025-10-18T16:29:10.745Z</time>
      </trkpt>
      <trkpt lat="33.270121" lon="126.51922">
        <ele>271.8</ele>
        <time>2025-10-18T16:30:25.589Z</time>
      </trkpt>
      <trkpt lat="33.27012003399432" lon="126.51921995915473">
        <ele>277.4</ele>
        <time>2025-10-18T16:30:25.956Z</time>
      </trkpt>
      <trkpt lat="33.27006999403238" lon="126.51900999248028">
        <ele>277.8</ele>
        <time>2025-10-18T16:34:24.969Z</time>
      </trkpt>
      <trkpt lat="33.270009979605675" lon="126.51875996030867">
        <ele>278.4</ele>
        <time>2025-10-18T16:36:21.969Z</time>
      </trkpt>
      <trkpt lat="33.26993999071419" lon="126.51852996088564">
        <ele>278.9</ele>
        <time>2025-10-18T16:37:50.969Z</time>
      </trkpt>
      <trkpt lat="33.26987000182271" lon="126.51828001253307">
        <ele>279.3</ele>
        <time>2025-10-18T16:38:48.969Z</time>
      </trkpt>
      <trkpt lat="33.26977998018265" lon="126.51804003864527">
        <ele>279.9</ele>
        <time>2025-10-18T16:40:16.969Z</time>
      </trkpt>
      <trkpt lat="33.26970001682639" lon="126.51776997372508">
        <ele>280.8</ele>
        <time>2025-10-18T16:42:14.969Z</time>
      </trkpt>
      <trkpt lat="33.26966003514826" lon="126.51755003258586">
        <ele>281.7</ele>
        <time>2025-10-18T16:44:12.969Z</time>
      </trkpt>
      <trkpt lat="33.26964000239968" lon="126.51730000041425">
        <ele>283.1</ele>
        <time>2025-10-18T16:45:27.126Z</time>
      </trkpt>
      <trkpt lat="33.269641" lon="126.5173">
        <ele>292.45</ele>
        <time>2025-10-18T16:45:27.478Z</time>
      </trkpt>
      <trkpt lat="33.269637" lon="126.517272">
        <ele>292.88</ele>
        <time>2025-10-18T16:45:35.864Z</time>
      </trkpt>
      <trkpt lat="33.269895" lon="126.516733">
        <ele>294.37</ele>
        <time>2025-10-18T16:48:39.230Z</time>
      </trkpt>
      <trkpt lat="33.270004" lon="126.51639">
        <ele>294.96</ele>
        <time>2025-10-18T16:50:27.564Z</time>
      </trkpt>
      <trkpt lat="33.270081" lon="126.516108">
        <ele>294.95</ele>
        <time>2025-10-18T16:51:55.148Z</time>
      </trkpt>
      <trkpt lat="33.270184" lon="126.515602">
        <ele>294.4</ele>
        <time>2025-10-18T16:54:28.901Z</time>
      </trkpt>
      <trkpt lat="33.270325" lon="126.515075">
        <ele>295</ele>
        <time>2025-10-18T16:57:12.263Z</time>
      </trkpt>
      <trkpt lat="33.270462" lon="126.514692">
        <ele>295.44</ele>
        <time>2025-10-18T16:59:15.252Z</time>
      </trkpt>
      <trkpt lat="33.270592" lon="126.514388">
        <ele>295</ele>
        <time>2025-10-18T17:00:56.061Z</time>
      </trkpt>
      <trkpt lat="33.270792" lon="126.513975">
        <ele>296</ele>
        <time>2025-10-18T17:03:16.969Z</time>
      </trkpt>
      <trkpt lat="33.270933" lon="126.513404">
        <ele>297</ele>
        <time>2025-10-18T17:06:12.746Z</time>
      </trkpt>
      <trkpt lat="33.271035" lon="126.513028">
        <ele>297.31</ele>
        <time>2025-10-18T17:08:09.451Z</time>
      </trkpt>
      <trkpt lat="33.271051" lon="126.51297">
        <ele>297.36</ele>
        <time>2025-10-18T17:08:27.482Z</time>
      </trkpt>
      <trkpt lat="33.271097" lon="126.512892">
        <ele>296.62</ele>
        <time>2025-10-18T17:08:55.662Z</time>
      </trkpt>
      <trkpt lat="33.270948" lon="126.512785">
        <ele>297.16</ele>
        <time>2025-10-18T17:09:57.031Z</time>
      </trkpt>
      <trkpt lat="33.27078" lon="126.512721">
        <ele>298.94</ele>
        <time>2025-10-18T17:10:59.290Z</time>
      </trkpt>
      <trkpt lat="33.270598" lon="126.512761">
        <ele>300.93</ele>
        <time>2025-10-18T17:12:04.632Z</time>
      </trkpt>
      <trkpt lat="33.270404" lon="126.51271">
        <ele>303.24</ele>
        <time>2025-10-18T17:13:14.771Z</time>
      </trkpt>
      <trkpt lat="33.270209" lon="126.512694">
        <ele>305.77</ele>
        <time>2025-10-18T17:14:23.790Z</time>
      </trkpt>
      <trkpt lat="33.270132" lon="126.512679">
        <ele>306.59</ele>
        <time>2025-10-18T17:14:51.338Z</time>
      </trkpt>
      <trkpt lat="33.269946" lon="126.512501">
        <ele>308.44</ele>
        <time>2025-10-18T17:16:15.454Z</time>
      </trkpt>
      <trkpt lat="33.269911" lon="126.512446">
        <ele>308.87</ele>
        <time>2025-10-18T17:16:35.860Z</time>
      </trkpt>
      <trkpt lat="33.269847" lon="126.51231">
        <ele>309.61</ele>
        <time>2025-10-18T17:17:21.935Z</time>
      </trkpt>
      <trkpt lat="33.269731" lon="126.512335">
        <ele>311.43</ele>
        <time>2025-10-18T17:18:03.556Z</time>
      </trkpt>
      <trkpt lat="33.26963" lon="126.51238">
        <ele>313.2</ele>
        <time>2025-10-18T17:18:41.614Z</time>
      </trkpt>
      <trkpt lat="33.269531" lon="126.512356">
        <ele>314.83</ele>
        <time>2025-10-18T17:19:17.283Z</time>
      </trkpt>
      <trkpt lat="33.26947" lon="126.512351">
        <ele>315.87</ele>
        <time>2025-10-18T17:19:38.873Z</time>
      </trkpt>
      <trkpt lat="33.269367" lon="126.512384">
        <ele>317.84</ele>
        <time>2025-10-18T17:20:16.526Z</time>
      </trkpt>
      <trkpt lat="33.269179" lon="126.512374">
        <ele>321.71</ele>
        <time>2025-10-18T17:21:22.977Z</time>
      </trkpt>
      <trkpt lat="33.26909" lon="126.512353">
        <ele>323.44</ele>
        <time>2025-10-18T17:21:55.009Z</time>
      </trkpt>
      <trkpt lat="33.268955" lon="126.512374">
        <ele>327.33</ele>
        <time>2025-10-18T17:22:43.081Z</time>
      </trkpt>
      <trkpt lat="33.268872" lon="126.512352">
        <ele>329.51</ele>
        <time>2025-10-18T17:23:13.100Z</time>
      </trkpt>
      <trkpt lat="33.26879" lon="126.512379">
        <ele>331.95</ele>
        <time>2025-10-18T17:23:43.132Z</time>
      </trkpt>
      <trkpt lat="33.268707" lon="126.512425">
        <ele>334.52</ele>
        <time>2025-10-18T17:24:15.434Z</time>
      </trkpt>
      <trkpt lat="33.268637" lon="126.512434">
        <ele>336.53</ele>
        <time>2025-10-18T17:24:40.294Z</time>
      </trkpt>
      <trkpt lat="33.268409" lon="126.512572">
        <ele>344.93</ele>
        <time>2025-10-18T17:26:10.526Z</time>
      </trkpt>
      <trkpt lat="33.268183" lon="126.512735">
        <ele>355.84</ele>
        <time>2025-10-18T17:27:43.717Z</time>
      </trkpt>
      <trkpt lat="33.26819001697004" lon="126.51274996809661">
        <ele>348.5</ele>
        <time>2025-10-18T17:27:48.783Z</time>
      </trkpt>
      <trkpt lat="33.268030006438494" lon="126.51264997199178">
        <ele>351.8</ele>
        <time>2025-10-18T18:29:10.969Z</time>
      </trkpt>
      <trkpt lat="33.268079962581396" lon="126.51241997256875">
        <ele>352.8</ele>
        <time>2025-10-18T18:32:38.969Z</time>
      </trkpt>
      <trkpt lat="33.268160009756684" lon="126.51220003142953">
        <ele>353.1</ele>
        <time>2025-10-18T18:36:06.969Z</time>
      </trkpt>
      <trkpt lat="33.268030006438494" lon="126.51201001368463">
        <ele>352.6</ele>
        <time>2025-10-18T18:40:33.969Z</time>
      </trkpt>
      <trkpt lat="33.26786999590695" lon="126.51188001036644">
        <ele>351.6</ele>
        <time>2025-10-18T18:44:01.969Z</time>
      </trkpt>
      <trkpt lat="33.267730018123984" lon="126.51169996708632">
        <ele>349.4</ele>
        <time>2025-10-18T18:48:28.969Z</time>
      </trkpt>
      <trkpt lat="33.267579982057214" lon="126.5115400403738">
        <ele>347.2</ele>
        <time>2025-10-18T18:51:56.969Z</time>
      </trkpt>
      <trkpt lat="33.26741997152567" lon="126.51138002984226">
        <ele>344.6</ele>
        <time>2025-10-18T18:55:24.969Z</time>
      </trkpt>
      <trkpt lat="33.2672300375998" lon="126.51131004095078">
        <ele>341.8</ele>
        <time>2025-10-18T18:58:52.969Z</time>
      </trkpt>
      <trkpt lat="33.2670400198549" lon="126.51123996824026">
        <ele>339.1</ele>
        <time>2025-10-18T19:01:51.969Z</time>
      </trkpt>
      <trkpt lat="33.266850002110004" lon="126.51116997934878">
        <ele>336.2</ele>
        <time>2025-10-18T19:04:49.969Z</time>
      </trkpt>
      <trkpt lat="33.266680017113686" lon="126.51103997603059">
        <ele>332.8</ele>
        <time>2025-10-18T19:08:17.969Z</time>
      </trkpt>
      <trkpt lat="33.26651003211737" lon="126.51095003820956">
        <ele>329.2</ele>
        <time>2025-10-18T19:09:21.579Z</time>
      </trkpt>
      <trkpt lat="33.266518" lon="126.510972">
        <ele>331.77</ele>
        <time>2025-10-18T19:09:28.429Z</time>
      </trkpt>
      <trkpt lat="33.266572" lon="126.510889">
        <ele>330.28</ele>
        <time>2025-10-18T19:09:58.521Z</time>
      </trkpt>
      <trkpt lat="33.266618" lon="126.510874">
        <ele>330.34</ele>
        <time>2025-10-18T19:10:14.837Z</time>
      </trkpt>
      <trkpt lat="33.26669" lon="126.510786">
        <ele>329</ele>
        <time>2025-10-18T19:10:50.067Z</time>
      </trkpt>
      <trkpt lat="33.26671" lon="126.510733">
        <ele>328.08</ele>
        <time>2025-10-18T19:11:06.705Z</time>
      </trkpt>
      <trkpt lat="33.266721" lon="126.510645">
        <ele>326.79</ele>
        <time>2025-10-18T19:11:32.164Z</time>
      </trkpt>
      <trkpt lat="33.266768" lon="126.510556">
        <ele>325.85</ele>
        <time>2025-10-18T19:12:02.284Z</time>
      </trkpt>
      <trkpt lat="33.266802" lon="126.510419">
        <ele>324.57</ele>
        <time>2025-10-18T19:12:43.175Z</time>
      </trkpt>
      <trkpt lat="33.266831" lon="126.510228">
        <ele>321.84</ele>
        <time>2025-10-18T19:13:38.721Z</time>
      </trkpt>
      <trkpt lat="33.266864" lon="126.510103">
        <ele>320.77</ele>
        <time>2025-10-18T19:14:16.228Z</time>
      </trkpt>
      <trkpt lat="33.266802" lon="126.510043">
        <ele>319.19</ele>
        <time>2025-10-18T19:14:43.521Z</time>
      </trkpt>
      <trkpt lat="33.266699" lon="126.509975">
        <ele>316.22</ele>
        <time>2025-10-18T19:15:23.783Z</time>
      </trkpt>
      <trkpt lat="33.266653" lon="126.509736">
        <ele>312.55</ele>
        <time>2025-10-18T19:16:33.958Z</time>
      </trkpt>
      <trkpt lat="33.2666" lon="126.509596">
        <ele>310.06</ele>
        <time>2025-10-18T19:17:17.932Z</time>
      </trkpt>
      <trkpt lat="33.266646" lon="126.509466">
        <ele>309.32</ele>
        <time>2025-10-18T19:17:58.323Z</time>
      </trkpt>
      <trkpt lat="33.266728" lon="126.509332">
        <ele>308.9</ele>
        <time>2025-10-18T19:18:45.837Z</time>
      </trkpt>
      <trkpt lat="33.266737" lon="126.509233">
        <ele>307.87</ele>
        <time>2025-10-18T19:19:14.331Z</time>
      </trkpt>
      <trkpt lat="33.266754" lon="126.509202">
        <ele>307.76</ele>
        <time>2025-10-18T19:19:24.938Z</time>
      </trkpt>
      <trkpt lat="33.266779" lon="126.509124">
        <ele>307.16</ele>
        <time>2025-10-18T19:19:48.840Z</time>
      </trkpt>
      <trkpt lat="33.266797" lon="126.509063">
        <ele>306.69</ele>
        <time>2025-10-18T19:20:07.349Z</time>
      </trkpt>
      <trkpt lat="33.266859" lon="126.508997">
        <ele>306.31</ele>
        <time>2025-10-18T19:20:35.753Z</time>
      </trkpt>
      <trkpt lat="33.267035" lon="126.508869">
        <ele>306.08</ele>
        <time>2025-10-18T19:21:46.245Z</time>
      </trkpt>
      <trkpt lat="33.267205" lon="126.508783">
        <ele>306.26</ele>
        <time>2025-10-18T19:22:49.412Z</time>
      </trkpt>
      <trkpt lat="33.267237" lon="126.508716">
        <ele>305.79</ele>
        <time>2025-10-18T19:23:11.490Z</time>
      </trkpt>
      <trkpt lat="33.267288" lon="126.508504">
        <ele>304.07</ele>
        <time>2025-10-18T19:24:14.611Z</time>
      </trkpt>
      <trkpt lat="33.26736" lon="126.508426">
        <ele>304.14</ele>
        <time>2025-10-18T19:24:47.856Z</time>
      </trkpt>
      <trkpt lat="33.267537" lon="126.508407">
        <ele>306.3</ele>
        <time>2025-10-18T19:25:48.672Z</time>
      </trkpt>
      <trkpt lat="33.267576" lon="126.508383">
        <ele>306.5</ele>
        <time>2025-10-18T19:26:03.681Z</time>
      </trkpt>
      <trkpt lat="33.267598" lon="126.508175">
        <ele>304.54</ele>
        <time>2025-10-18T19:27:03.671Z</time>
      </trkpt>
      <trkpt lat="33.267657" lon="126.507888">
        <ele>300.99</ele>
        <time>2025-10-18T19:28:28.237Z</time>
      </trkpt>
      <trkpt lat="33.268041" lon="126.507714">
        <ele>298.1</ele>
        <time>2025-10-18T19:30:48.764Z</time>
      </trkpt>
      <trkpt lat="33.268133" lon="126.507693">
        <ele>297.58</ele>
        <time>2025-10-18T19:31:20.816Z</time>
      </trkpt>
      <trkpt lat="33.268111" lon="126.507658">
        <ele>297.27</ele>
        <time>2025-10-18T19:31:33.345Z</time>
      </trkpt>
      <trkpt lat="33.268120028078556" lon="126.50764999911189">
        <ele>296.5</ele>
        <time>2025-10-18T19:31:37.506Z</time>
      </trkpt>
      <trkpt lat="33.268111" lon="126.507658">
        <ele>297.27</ele>
        <time>2025-10-18T19:31:41.667Z</time>
      </trkpt>
      <trkpt lat="33.268087" lon="126.507617">
        <ele>296.91</ele>
        <time>2025-10-18T19:31:57.165Z</time>
      </trkpt>
      <trkpt lat="33.268003" lon="126.50762">
        <ele>297.49</ele>
        <time>2025-10-18T19:32:28.290Z</time>
      </trkpt>
      <trkpt lat="33.267911" lon="126.507602">
        <ele>297.98</ele>
        <time>2025-10-18T19:33:02.817Z</time>
      </trkpt>
      <trkpt lat="33.267853" lon="126.507603">
        <ele>298.33</ele>
        <time>2025-10-18T19:33:24.300Z</time>
      </trkpt>
      <trkpt lat="33.267715" lon="126.507581">
        <ele>298.57</ele>
        <time>2025-10-18T19:34:15.863Z</time>
      </trkpt>
      <trkpt lat="33.267657" lon="126.507559">
        <ele>298.55</ele>
        <time>2025-10-18T19:34:38.399Z</time>
      </trkpt>
      <trkpt lat="33.267563" lon="126.507513">
        <ele>297.69</ele>
        <time>2025-10-18T19:35:16.015Z</time>
      </trkpt>
      <trkpt lat="33.267456" lon="126.507407">
        <ele>296.44</ele>
        <time>2025-10-18T19:36:07.474Z</time>
      </trkpt>
      <trkpt lat="33.267412" lon="126.507383">
        <ele>296.18</ele>
        <time>2025-10-18T19:36:25.385Z</time>
      </trkpt>
      <trkpt lat="33.267325" lon="126.507379">
        <ele>295.73</ele>
        <time>2025-10-18T19:36:57.631Z</time>
      </trkpt>
      <trkpt lat="33.26725" lon="126.507397">
        <ele>295.2</ele>
        <time>2025-10-18T19:37:25.962Z</time>
      </trkpt>
      <trkpt lat="33.267185" lon="126.50745">
        <ele>294.27</ele>
        <time>2025-10-18T19:37:55.098Z</time>
      </trkpt>
      <trkpt lat="33.267155" lon="126.50746">
        <ele>293.64</ele>
        <time>2025-10-18T19:38:06.632Z</time>
      </trkpt>
      <trkpt lat="33.26713" lon="126.507458">
        <ele>293.12</ele>
        <time>2025-10-18T19:38:15.912Z</time>
      </trkpt>
      <trkpt lat="33.267088" lon="126.50744">
        <ele>292.34</ele>
        <time>2025-10-18T19:38:32.436Z</time>
      </trkpt>
      <trkpt lat="33.267057" lon="126.507416">
        <ele>291.89</ele>
        <time>2025-10-18T19:38:46.113Z</time>
      </trkpt>
      <trkpt lat="33.267024" lon="126.507327">
        <ele>291.96</ele>
        <time>2025-10-18T19:39:16.262Z</time>
      </trkpt>
      <trkpt lat="33.266768" lon="126.507327">
        <ele>287.34</ele>
        <time>2025-10-18T19:40:51.077Z</time>
      </trkpt>
      <trkpt lat="33.266613" lon="126.507399">
        <ele>283.69</ele>
        <time>2025-10-18T19:41:52.662Z</time>
      </trkpt>
      <trkpt lat="33.266465" lon="126.50752">
        <ele>280.24</ele>
        <time>2025-10-18T19:42:59.060Z</time>
      </trkpt>
      <trkpt lat="33.266405" lon="126.507453">
        <ele>278.99</ele>
        <time>2025-10-18T19:43:29.462Z</time>
      </trkpt>
      <trkpt lat="33.266318" lon="126.507446">
        <ele>276.9</ele>
        <time>2025-10-18T19:44:01.757Z</time>
      </trkpt>
      <trkpt lat="33.266267" lon="126.507507">
        <ele>275.47</ele>
        <time>2025-10-18T19:44:28.471Z</time>
      </trkpt>
      <trkpt lat="33.266194" lon="126.507551">
        <ele>273.36</ele>
        <time>2025-10-18T19:44:58.747Z</time>
      </trkpt>
      <trkpt lat="33.266146" lon="126.50758">
        <ele>271.96</ele>
        <time>2025-10-18T19:45:18.664Z</time>
      </trkpt>
      <trkpt lat="33.266092" lon="126.507554">
        <ele>270.21</ele>
        <time>2025-10-18T19:45:40.224Z</time>
      </trkpt>
      <trkpt lat="33.266115" lon="126.507472">
        <ele>270.61</ele>
        <time>2025-10-18T19:46:07.008Z</time>
      </trkpt>
      <trkpt lat="33.26619" lon="126.507353">
        <ele>273.18</ele>
        <time>2025-10-18T19:46:53.156Z</time>
      </trkpt>
      <trkpt lat="33.266219" lon="126.507214">
        <ele>274.13</ele>
        <time>2025-10-18T19:47:37.521Z</time>
      </trkpt>
      <trkpt lat="33.266238" lon="126.507057">
        <ele>274.66</ele>
        <time>2025-10-18T19:48:26.647Z</time>
      </trkpt>
      <trkpt lat="33.266208" lon="126.50698">
        <ele>273.78</ele>
        <time>2025-10-18T19:48:52.954Z</time>
      </trkpt>
      <trkpt lat="33.266139" lon="126.506875">
        <ele>271.21</ele>
        <time>2025-10-18T19:49:34.311Z</time>
      </trkpt>
      <trkpt lat="33.266124" lon="126.506719">
        <ele>270.16</ele>
        <time>2025-10-18T19:50:22.939Z</time>
      </trkpt>
      <trkpt lat="33.266120022162795" lon="126.50672002695501">
        <ele>269.8</ele>
        <time>2025-10-18T19:50:24.331Z</time>
      </trkpt>
      <trkpt lat="33.266124" lon="126.506719">
        <ele>270.16</ele>
        <time>2025-10-18T19:50:25.723Z</time>
      </trkpt>
      <trkpt lat="33.266123" lon="126.506477">
        <ele>268.03</ele>
        <time>2025-10-18T19:51:34.969Z</time>
      </trkpt>
      <trkpt lat="33.266139" lon="126.506411">
        <ele>267.7</ele>
        <time>2025-10-18T19:51:54.632Z</time>
      </trkpt>
      <trkpt lat="33.266159" lon="126.506369">
        <ele>267.78</ele>
        <time>2025-10-18T19:52:08.462Z</time>
      </trkpt>
      <trkpt lat="33.266134" lon="126.506265">
        <ele>265.88</ele>
        <time>2025-10-18T19:52:39.425Z</time>
      </trkpt>
      <trkpt lat="33.266107" lon="126.506203">
        <ele>264.62</ele>
        <time>2025-10-18T19:52:59.427Z</time>
      </trkpt>
      <trkpt lat="33.266376" lon="126.506012">
        <ele>267.35</ele>
        <time>2025-10-18T19:54:46.484Z</time>
      </trkpt>
      <trkpt lat="33.266669" lon="126.505819">
        <ele>266.7</ele>
        <time>2025-10-18T19:56:40.956Z</time>
      </trkpt>
      <trkpt lat="33.266858" lon="126.505705">
        <ele>268.01</ele>
        <time>2025-10-18T19:57:53.395Z</time>
      </trkpt>
      <trkpt lat="33.266985" lon="126.505503">
        <ele>268.09</ele>
        <time>2025-10-18T19:59:05.711Z</time>
      </trkpt>
      <trkpt lat="33.267131" lon="126.505181">
        <ele>267.41</ele>
        <time>2025-10-18T20:00:50.522Z</time>
      </trkpt>
      <trkpt lat="33.267275" lon="126.50489">
        <ele>265.13</ele>
        <time>2025-10-18T20:02:27.277Z</time>
      </trkpt>
      <trkpt lat="33.267457" lon="126.504638">
        <ele>262.82</ele>
        <time>2025-10-18T20:04:02.558Z</time>
      </trkpt>
      <trkpt lat="33.267449" lon="126.504584">
        <ele>262.13</ele>
        <time>2025-10-18T20:04:18.250Z</time>
      </trkpt>
      <trkpt lat="33.267418" lon="126.504519">
        <ele>261.52</ele>
        <time>2025-10-18T20:04:39.661Z</time>
      </trkpt>
      <trkpt lat="33.267335" lon="126.50434">
        <ele>259.86</ele>
        <time>2025-10-18T20:05:38.228Z</time>
      </trkpt>
      <trkpt lat="33.267226" lon="126.504244">
        <ele>259.3</ele>
        <time>2025-10-18T20:06:24.552Z</time>
      </trkpt>
      <trkpt lat="33.267067" lon="126.504185">
        <ele>259.96</ele>
        <time>2025-10-18T20:07:21.523Z</time>
      </trkpt>
      <trkpt lat="33.267025" lon="126.504119">
        <ele>259.72</ele>
        <time>2025-10-18T20:07:45.255Z</time>
      </trkpt>
      <trkpt lat="33.266973" lon="126.504075">
        <ele>259.81</ele>
        <time>2025-10-18T20:08:07.053Z</time>
      </trkpt>
      <trkpt lat="33.266909" lon="126.50397">
        <ele>259.54</ele>
        <time>2025-10-18T20:08:44.233Z</time>
      </trkpt>
      <trkpt lat="33.266894" lon="126.503859">
        <ele>258.78</ele>
        <time>2025-10-18T20:09:16.406Z</time>
      </trkpt>
      <trkpt lat="33.266917" lon="126.503773">
        <ele>258.45</ele>
        <time>2025-10-18T20:09:42.241Z</time>
      </trkpt>
      <trkpt lat="33.26692" lon="126.503718">
        <ele>258.15</ele>
        <time>2025-10-18T20:09:58.012Z</time>
      </trkpt>
      <trkpt lat="33.266905" lon="126.503637">
        <ele>257.58</ele>
        <time>2025-10-18T20:10:21.750Z</time>
      </trkpt>
      <trkpt lat="33.266866" lon="126.503564">
        <ele>256.87</ele>
        <time>2025-10-18T20:10:46.537Z</time>
      </trkpt>
      <trkpt lat="33.266866" lon="126.503553">
        <ele>256.83</ele>
        <time>2025-10-18T20:10:49.684Z</time>
      </trkpt>
      <trkpt lat="33.266829969361424" lon="126.50354999117553">
        <ele>257.4</ele>
        <time>2025-10-18T20:11:02.044Z</time>
      </trkpt>
      <trkpt lat="33.266866" lon="126.503553">
        <ele>256.83</ele>
        <time>2025-10-18T20:11:14.404Z</time>
      </trkpt>
      <trkpt lat="33.266871" lon="126.503486">
        <ele>256.52</ele>
        <time>2025-10-18T20:11:33.651Z</time>
      </trkpt>
      <trkpt lat="33.266969" lon="126.503293">
        <ele>256.59</ele>
        <time>2025-10-18T20:12:38.260Z</time>
      </trkpt>
      <trkpt lat="33.267107" lon="126.503082">
        <ele>255.18</ele>
        <time>2025-10-18T20:13:54.910Z</time>
      </trkpt>
      <trkpt lat="33.267258" lon="126.502771">
        <ele>252.27</ele>
        <time>2025-10-18T20:15:37.813Z</time>
      </trkpt>
      <trkpt lat="33.26733" lon="126.502588">
        <ele>249.68</ele>
        <time>2025-10-18T20:16:35.682Z</time>
      </trkpt>
      <trkpt lat="33.267396" lon="126.50253">
        <ele>248.99</ele>
        <time>2025-10-18T20:17:03.709Z</time>
      </trkpt>
      <trkpt lat="33.26737" lon="126.502456">
        <ele>247.61</ele>
        <time>2025-10-18T20:17:26.676Z</time>
      </trkpt>
      <trkpt lat="33.267313" lon="126.502401">
        <ele>245.46</ele>
        <time>2025-10-18T20:17:51.739Z</time>
      </trkpt>
      <trkpt lat="33.267346" lon="126.502289">
        <ele>243.25</ele>
        <time>2025-10-18T20:18:25.717Z</time>
      </trkpt>
      <trkpt lat="33.26744" lon="126.502212">
        <ele>242.48</ele>
        <time>2025-10-18T20:19:04.706Z</time>
      </trkpt>
      <trkpt lat="33.267501" lon="126.502172">
        <ele>242.63</ele>
        <time>2025-10-18T20:19:28.512Z</time>
      </trkpt>
      <trkpt lat="33.267509" lon="126.502121">
        <ele>241.86</ele>
        <time>2025-10-18T20:19:43.359Z</time>
      </trkpt>
      <trkpt lat="33.26749" lon="126.502062">
        <ele>240.34</ele>
        <time>2025-10-18T20:20:01.449Z</time>
      </trkpt>
      <trkpt lat="33.267404" lon="126.502021">
        <ele>237.02</ele>
        <time>2025-10-18T20:20:33.131Z</time>
      </trkpt>
      <trkpt lat="33.267305" lon="126.502052">
        <ele>234.92</ele>
        <time>2025-10-18T20:21:08.152Z</time>
      </trkpt>
      <trkpt lat="33.26701" lon="126.502111">
        <ele>227.52</ele>
        <time>2025-10-18T20:22:50.507Z</time>
      </trkpt>
      <trkpt lat="33.266608" lon="126.502114">
        <ele>220.08</ele>
        <time>2025-10-18T20:25:08.080Z</time>
      </trkpt>
      <trkpt lat="33.266337" lon="126.501983">
        <ele>215.28</ele>
        <time>2025-10-18T20:26:48.109Z</time>
      </trkpt>
      <trkpt lat="33.266421" lon="126.501645">
        <ele>213.21</ele>
        <time>2025-10-18T20:28:29.004Z</time>
      </trkpt>
      <trkpt lat="33.266479" lon="126.501261">
        <ele>212.46</ele>
        <time>2025-10-18T20:30:20.658Z</time>
      </trkpt>
      <trkpt lat="33.266492" lon="126.501047">
        <ele>211.92</ele>
        <time>2025-10-18T20:31:22.052Z</time>
      </trkpt>
      <trkpt lat="33.266541" lon="126.500718">
        <ele>208.7</ele>
        <time>2025-10-18T20:32:57.672Z</time>
      </trkpt>
      <trkpt lat="33.266591" lon="126.500471">
        <ele>205.64</ele>
        <time>2025-10-18T20:34:10.389Z</time>
      </trkpt>
      <trkpt lat="33.266913" lon="126.499765">
        <ele>194.79</ele>
        <time>2025-10-18T20:38:00.500Z</time>
      </trkpt>
      <trkpt lat="33.267085" lon="126.499306">
        <ele>189.59</ele>
        <time>2025-10-18T20:40:24.422Z</time>
      </trkpt>
      <trkpt lat="33.267194" lon="126.499042">
        <ele>188.05</ele>
        <time>2025-10-18T20:41:48.669Z</time>
      </trkpt>
      <trkpt lat="33.267298" lon="126.498766">
        <ele>186.98</ele>
        <time>2025-10-18T20:43:15.291Z</time>
      </trkpt>
      <trkpt lat="33.267182" lon="126.49854">
        <ele>185.73</ele>
        <time>2025-10-18T20:44:31.169Z</time>
      </trkpt>
      <trkpt lat="33.267025" lon="126.498084">
        <ele>184.64</ele>
        <time>2025-10-18T20:46:52.275Z</time>
      </trkpt>
      <trkpt lat="33.266963" lon="126.497819">
        <ele>184.16</ele>
        <time>2025-10-18T20:48:11.013Z</time>
      </trkpt>
      <trkpt lat="33.266915" lon="126.497432">
        <ele>182.57</ele>
        <time>2025-10-18T20:50:02.958Z</time>
      </trkpt>
      <trkpt lat="33.266957" lon="126.497111">
        <ele>180.99</ele>
        <time>2025-10-18T20:51:35.924Z</time>
      </trkpt>
      <trkpt lat="33.266988" lon="126.497053">
        <ele>180.87</ele>
        <time>2025-10-18T20:51:55.620Z</time>
      </trkpt>
      <trkpt lat="33.26688998378813" lon="126.49688000790775">
        <ele>181.4</ele>
        <time>2025-10-18T20:52:55.413Z</time>
      </trkpt>
      <trkpt lat="33.266719998791814" lon="126.49677003733814">
        <ele>181.3</ele>
        <time>2025-10-19T00:57:35.969Z</time>
      </trkpt>
      <trkpt lat="33.26654003933072" lon="126.49687003344297">
        <ele>181.1</ele>
        <time>2025-10-19T01:02:09.969Z</time>
      </trkpt>
      <trkpt lat="33.266359996050596" lon="126.4969100151211">
        <ele>180.8</ele>
        <time>2025-10-19T01:06:43.969Z</time>
      </trkpt>
      <trkpt lat="33.2661800365895" lon="126.49687003344297">
        <ele>180.5</ele>
        <time>2025-10-19T01:10:46.969Z</time>
      </trkpt>
      <trkpt lat="33.265990018844604" lon="126.49678998626769">
        <ele>180</ele>
        <time>2025-10-19T01:14:49.969Z</time>
      </trkpt>
      <trkpt lat="33.26580997556448" lon="126.49677003733814">
        <ele>179.5</ele>
        <time>2025-10-19T01:18:52.969Z</time>
      </trkpt>
      <trkpt lat="33.26563001610339" lon="126.49678001180291">
        <ele>178.7</ele>
        <time>2025-10-19T01:22:56.969Z</time>
      </trkpt>
      <trkpt lat="33.26544997282326" lon="126.49669996462762">
        <ele>177.9</ele>
        <time>2025-10-19T01:26:59.969Z</time>
      </trkpt>
      <trkpt lat="33.26524998061359" lon="126.4966100268066">
        <ele>176.8</ele>
        <time>2025-10-19T01:31:33.969Z</time>
      </trkpt>
      <trkpt lat="33.26505996286869" lon="126.4966100268066">
        <ele>175.7</ele>
        <time>2025-10-19T01:35:37.969Z</time>
      </trkpt>
      <trkpt lat="33.26491001062095" lon="126.49675000458956">
        <ele>174.2</ele>
        <time>2025-10-19T01:40:41.969Z</time>
      </trkpt>
      <trkpt lat="33.26472996734083" lon="126.49682996794581">
        <ele>172.6</ele>
        <time>2025-10-19T01:45:46.969Z</time>
      </trkpt>
      <trkpt lat="33.264550007879734" lon="126.49675000458956">
        <ele>171.1</ele>
        <time>2025-10-19T01:49:49.969Z</time>
      </trkpt>
      <trkpt lat="33.26436996459961" lon="126.49672997184098">
        <ele>169.8</ele>
        <time>2025-10-19T01:53:23.969Z</time>
      </trkpt>
      <trkpt lat="33.264190005138516" lon="126.49668999016285">
        <ele>168.1</ele>
        <time>2025-10-19T01:57:57.969Z</time>
      </trkpt>
      <trkpt lat="33.26399998739362" lon="126.49665000848472">
        <ele>165.7</ele>
        <time>2025-10-19T02:03:32.969Z</time>
      </trkpt>
      <trkpt lat="33.263799995183945" lon="126.49668001569808">
        <ele>163.5</ele>
        <time>2025-10-19T02:08:07.969Z</time>
      </trkpt>
      <trkpt lat="33.2635900285095" lon="126.49665000848472">
        <ele>160.9</ele>
        <time>2025-10-19T02:13:12.969Z</time>
      </trkpt>
      <trkpt lat="33.26343001797795" lon="126.4964699652046">
        <ele>159.5</ele>
        <time>2025-10-19T02:15:44.969Z</time>
      </trkpt>
      <trkpt lat="33.26333999633789" lon="126.49625002406538">
        <ele>158.3</ele>
        <time>2025-10-19T02:17:46.969Z</time>
      </trkpt>
      <trkpt lat="33.2632099930197" lon="126.4960500318557">
        <ele>156.9</ele>
        <time>2025-10-19T02:20:19.969Z</time>
      </trkpt>
      <trkpt lat="33.263049982488155" lon="126.49593000300229">
        <ele>155.8</ele>
        <time>2025-10-19T02:22:21.969Z</time>
      </trkpt>
      <trkpt lat="33.26284999027848" lon="126.49587996304035">
        <ele>154.4</ele>
        <time>2025-10-19T02:24:54.969Z</time>
      </trkpt>
      <trkpt lat="33.26264999806881" lon="126.49583998136222">
        <ele>153.3</ele>
        <time>2025-10-19T02:26:56.969Z</time>
      </trkpt>
      <trkpt lat="33.26245998032391" lon="126.49573998525739">
        <ele>152.2</ele>
        <time>2025-10-19T02:28:58.969Z</time>
      </trkpt>
      <trkpt lat="33.26226996257901" lon="126.4956099819392">
        <ele>150.9</ele>
        <time>2025-10-19T02:31:31.969Z</time>
      </trkpt>
      <trkpt lat="33.262080028653145" lon="126.49547000415623">
        <ele>149.9</ele>
        <time>2025-10-19T02:33:33.969Z</time>
      </trkpt>
      <trkpt lat="33.2619200181216" lon="126.49531996808946">
        <ele>149</ele>
        <time>2025-10-19T02:35:36.969Z</time>
      </trkpt>
      <trkpt lat="33.261760007590055" lon="126.49514000862837">
        <ele>148.3</ele>
        <time>2025-10-19T02:37:07.969Z</time>
      </trkpt>
      <trkpt lat="33.26159002259374" lon="126.4949400164187">
        <ele>147.5</ele>
        <time>2025-10-19T02:39:10.969Z</time>
      </trkpt>
      <trkpt lat="33.261439986526966" lon="126.49472996592522">
        <ele>146.7</ele>
        <time>2025-10-19T02:41:12.969Z</time>
      </trkpt>
      <trkpt lat="33.261369997635484" lon="126.49429997429252">
        <ele>146.2</ele>
        <time>2025-10-19T02:42:44.969Z</time>
      </trkpt>
      <trkpt lat="33.26153000816703" lon="126.4941299892962">
        <ele>145.3</ele>
        <time>2025-10-19T02:45:48.969Z</time>
      </trkpt>
      <trkpt lat="33.26170996762812" lon="126.49413996376097">
        <ele>144.4</ele>
        <time>2025-10-19T02:49:22.969Z</time>
      </trkpt>
      <trkpt lat="33.26166001148522" lon="126.49390996433794">
        <ele>143.5</ele>
        <time>2025-10-19T02:54:28.969Z</time>
      </trkpt>
      <trkpt lat="33.26159002259374" lon="126.49370997212827">
        <ele>143.1</ele>
        <time>2025-10-19T02:58:03.969Z</time>
      </trkpt>
      <trkpt lat="33.26157996430993" lon="126.49347997270525">
        <ele>142.8</ele>
        <time>2025-10-19T03:01:07.969Z</time>
      </trkpt>
      <trkpt lat="33.2615399826318" lon="126.4932700060308">
        <ele>142.7</ele>
        <time>2025-10-19T03:04:10.969Z</time>
      </trkpt>
      <trkpt lat="33.261460019275546" lon="126.49307001382113">
        <ele>142.6</ele>
        <time>2025-10-19T03:08:16.969Z</time>
      </trkpt>
      <trkpt lat="33.26136002317071" lon="126.492889970541">
        <ele>142.7</ele>
        <time>2025-10-19T03:11:50.969Z</time>
      </trkpt>
      <trkpt lat="33.261300008744" lon="126.49268000386655">
        <ele>142.7</ele>
        <time>2025-10-19T03:15:25.969Z</time>
      </trkpt>
      <trkpt lat="33.26126002706587" lon="126.49245000444353">
        <ele>142.8</ele>
        <time>2025-10-19T03:19:31.969Z</time>
      </trkpt>
      <trkpt lat="33.261330015957355" lon="126.49224003776908">
        <ele>142.9</ele>
        <time>2025-10-19T03:23:05.969Z</time>
      </trkpt>
      <trkpt lat="33.26144996099174" lon="126.49206996895373">
        <ele>143.1</ele>
        <time>2025-10-19T03:27:11.969Z</time>
      </trkpt>
      <trkpt lat="33.261520033702254" lon="126.49186000227928">
        <ele>143.3</ele>
        <time>2025-10-19T03:30:15.969Z</time>
      </trkpt>
      <trkpt lat="33.26155004091561" lon="126.49160997010767">
        <ele>143.5</ele>
        <time>2025-10-19T03:34:21.969Z</time>
      </trkpt>
      <trkpt lat="33.261479968205094" lon="126.49139002896845">
        <ele>143.7</ele>
        <time>2025-10-19T03:38:26.969Z</time>
      </trkpt>
      <trkpt lat="33.261330015957355" lon="126.49120998568833">
        <ele>143.9</ele>
        <time>2025-10-19T03:42:32.969Z</time>
      </trkpt>
      <trkpt lat="33.26113999821246" lon="126.49116002954543">
        <ele>143.9</ele>
        <time>2025-10-19T03:46:38.969Z</time>
      </trkpt>
      <trkpt lat="33.260960038751364" lon="126.49113002233207">
        <ele>143.9</ele>
        <time>2025-10-19T03:50:13.969Z</time>
      </trkpt>
      <trkpt lat="33.26075996272266" lon="126.49113002233207">
        <ele>143.7</ele>
        <time>2025-10-19T03:54:50.969Z</time>
      </trkpt>
      <trkpt lat="33.26057002879679" lon="126.49110998958349">
        <ele>143.5</ele>
        <time>2025-10-19T03:58:56.969Z</time>
      </trkpt>
      <trkpt lat="33.26038998551667" lon="126.49106003344059">
        <ele>143.2</ele>
        <time>2025-10-19T04:02:31.969Z</time>
      </trkpt>
      <trkpt lat="33.260210026055574" lon="126.49111996404827">
        <ele>142.9</ele>
        <time>2025-10-19T04:07:08.969Z</time>
      </trkpt>
      <trkpt lat="33.25995999388397" lon="126.49123999290168">
        <ele>142.6</ele>
        <time>2025-10-19T04:10:43.969Z</time>
      </trkpt>
      <trkpt lat="33.25975002720952" lon="126.49120998568833">
        <ele>142.6</ele>
        <time>2025-10-19T04:11:14.969Z</time>
      </trkpt>
      <trkpt lat="33.259650031104684" lon="126.49139002896845">
        <ele>142.3</ele>
        <time>2025-10-19T04:15:51.969Z</time>
      </trkpt>
      <trkpt lat="33.25982999056578" lon="126.49130998179317">
        <ele>141.9</ele>
        <time>2025-10-19T04:20:59.969Z</time>
      </trkpt>
      <trkpt lat="33.25985999777913" lon="126.49153000675142">
        <ele>141.6</ele>
        <time>2025-10-19T04:25:05.969Z</time>
      </trkpt>
      <trkpt lat="33.25985002331436" lon="126.49175003170967">
        <ele>141.1</ele>
        <time>2025-10-19T04:29:12.969Z</time>
      </trkpt>
      <trkpt lat="33.25985002331436" lon="126.4919800311327">
        <ele>140.2</ele>
        <time>2025-10-19T04:30:56.081Z</time>
      </trkpt>
      <trkpt lat="33.259858" lon="126.492059">
        <ele>136.57</ele>
        <time>2025-10-19T04:31:31.741Z</time>
      </trkpt>
      <trkpt lat="33.259753" lon="126.492073">
        <ele>136.07</ele>
        <time>2025-10-19T04:32:28.384Z</time>
      </trkpt>
      <trkpt lat="33.259291" lon="126.492232">
        <ele>134.86</ele>
        <time>2025-10-19T04:36:46.134Z</time>
      </trkpt>
      <trkpt lat="33.258761" lon="126.492486">
        <ele>134</ele>
        <time>2025-10-19T04:41:52.256Z</time>
      </trkpt>
      <trkpt lat="33.258267" lon="126.492555">
        <ele>135.5</ele>
        <time>2025-10-19T04:46:18.910Z</time>
      </trkpt>
      <trkpt lat="33.257693" lon="126.492603">
        <ele>134.12</ele>
        <time>2025-10-19T04:51:27.406Z</time>
      </trkpt>
      <trkpt lat="33.257526" lon="126.492605">
        <ele>132.12</ele>
        <time>2025-10-19T04:52:48.418Z</time>
      </trkpt>
      <trkpt lat="33.257526" lon="126.492605">
        <ele>132.12</ele>
        <time>2025-10-19T04:52:48.418Z</time>
      </trkpt>
      <trkpt lat="33.257504" lon="126.492605">
        <ele>131.85</ele>
        <time>2025-10-19T04:52:59.089Z</time>
      </trkpt>
      <trkpt lat="33.257276" lon="126.492507">
        <ele>128.82</ele>
        <time>2025-10-19T04:54:56.613Z</time>
      </trkpt>
      <trkpt lat="33.256991" lon="126.492314">
        <ele>123.87</ele>
        <time>2025-10-19T04:57:35.487Z</time>
      </trkpt>
      <trkpt lat="33.256706" lon="126.492121">
        <ele>121.44</ele>
        <time>2025-10-19T05:00:14.361Z</time>
      </trkpt>
      <trkpt lat="33.25637" lon="126.491876">
        <ele>118.17</ele>
        <time>2025-10-19T05:03:25.256Z</time>
      </trkpt>
      <trkpt lat="33.256156" lon="126.491771">
        <ele>116.14</ele>
        <time>2025-10-19T05:05:17.460Z</time>
      </trkpt>
      <trkpt lat="33.255701" lon="126.491675">
        <ele>110.46</ele>
        <time>2025-10-19T05:09:01.579Z</time>
      </trkpt>
      <trkpt lat="33.255366" lon="126.491633">
        <ele>106.54</ele>
        <time>2025-10-19T05:11:44.970Z</time>
      </trkpt>
      <trkpt lat="33.255229" lon="126.491664">
        <ele>105.87</ele>
        <time>2025-10-19T05:12:52.604Z</time>
      </trkpt>
      <trkpt lat="33.255218" lon="126.491541">
        <ele>104.99</ele>
        <time>2025-10-19T05:13:42.782Z</time>
      </trkpt>
      <trkpt lat="33.255232" lon="126.491162">
        <ele>100.2</ele>
        <time>2025-10-19T05:16:16.669Z</time>
      </trkpt>
      <trkpt lat="33.25529" lon="126.49074">
        <ele>95.78</ele>
        <time>2025-10-19T05:19:10.145Z</time>
      </trkpt>
      <trkpt lat="33.255299" lon="126.490589">
        <ele>95</ele>
        <time>2025-10-19T05:20:11.551Z</time>
      </trkpt>
      <trkpt lat="33.25511" lon="126.490637">
        <ele>95.01</ele>
        <time>2025-10-19T05:21:45.275Z</time>
      </trkpt>
      <trkpt lat="33.254471" lon="126.490667">
        <ele>88.43</ele>
        <time>2025-10-19T05:26:55.478Z</time>
      </trkpt>
      <trkpt lat="33.254477" lon="126.490382">
        <ele>86.49</ele>
        <time>2025-10-19T05:28:51.123Z</time>
      </trkpt>
      <trkpt lat="33.254466" lon="126.489637">
        <ele>84.69</ele>
        <time>2025-10-19T05:33:53.374Z</time>
      </trkpt>
      <trkpt lat="33.254479" lon="126.489227">
        <ele>82.8</ele>
        <time>2025-10-19T05:36:39.807Z</time>
      </trkpt>
      <trkpt lat="33.254158" lon="126.48927">
        <ele>80.83</ele>
        <time>2025-10-19T05:39:16.491Z</time>
      </trkpt>
      <trkpt lat="33.25414999388158" lon="126.48919003084302">
        <ele>77.5</ele>
        <time>2025-10-19T05:39:49.161Z</time>
      </trkpt>
      <trkpt lat="33.253940027207136" lon="126.48923001252115">
        <ele>76.4</ele>
        <time>2025-10-19T05:54:18.969Z</time>
      </trkpt>
      <trkpt lat="33.2536999695003" lon="126.4892499614507">
        <ele>75.3</ele>
        <time>2025-10-19T05:55:52.969Z</time>
      </trkpt>
      <trkpt lat="33.253529984503984" lon="126.48933998309076">
        <ele>74.3</ele>
        <time>2025-10-19T05:57:25.969Z</time>
      </trkpt>
      <trkpt lat="33.25335002504289" lon="126.4894999936223">
        <ele>73.2</ele>
        <time>2025-10-19T05:58:58.969Z</time>
      </trkpt>
      <trkpt lat="33.25318004004657" lon="126.48962002247572">
        <ele>72.1</ele>
        <time>2025-10-19T06:00:31.969Z</time>
      </trkpt>
      <trkpt lat="33.252990022301674" lon="126.48966000415385">
        <ele>71.1</ele>
        <time>2025-10-19T06:02:05.969Z</time>
      </trkpt>
      <trkpt lat="33.252800004556775" lon="126.4896900113672">
        <ele>70.2</ele>
        <time>2025-10-19T06:03:38.969Z</time>
      </trkpt>
      <trkpt lat="33.252609986811876" lon="126.48966000415385">
        <ele>69.2</ele>
        <time>2025-10-19T06:05:12.969Z</time>
      </trkpt>
      <trkpt lat="33.2524099946022" lon="126.48965002968907">
        <ele>68.3</ele>
        <time>2025-10-19T06:06:45.969Z</time>
      </trkpt>
      <trkpt lat="33.252200027927756" lon="126.48963997140527">
        <ele>67.1</ele>
        <time>2025-10-19T06:08:50.969Z</time>
      </trkpt>
      <trkpt lat="33.25200003571808" lon="126.48956998251379">
        <ele>66</ele>
        <time>2025-10-19T06:10:54.969Z</time>
      </trkpt>
      <trkpt lat="33.25181999243796" lon="126.48950996808708">
        <ele>64.7</ele>
        <time>2025-10-19T06:13:30.969Z</time>
      </trkpt>
      <trkpt lat="33.25167004019022" lon="126.48937996476889">
        <ele>63</ele>
        <time>2025-10-19T06:17:08.969Z</time>
      </trkpt>
      <trkpt lat="33.25156996026635" lon="126.48917997255921">
        <ele>61.2</ele>
        <time>2025-10-19T06:22:20.969Z</time>
      </trkpt>
      <trkpt lat="33.25139000080526" lon="126.48920997977257">
        <ele>60</ele>
        <time>2025-10-19T06:27:00.969Z</time>
      </trkpt>
      <trkpt lat="33.25123996473849" lon="126.48933998309076">
        <ele>59.2</ele>
        <time>2025-10-19T06:31:41.969Z</time>
      </trkpt>
      <trkpt lat="33.251080038025975" lon="126.48946998640895">
        <ele>59</ele>
        <time>2025-10-19T06:34:48.969Z</time>
      </trkpt>
      <trkpt lat="33.250890020281076" lon="126.48956000804901">
        <ele>59</ele>
        <time>2025-10-19T06:38:58.969Z</time>
      </trkpt>
      <trkpt lat="33.25070997700095" lon="126.48963997140527">
        <ele>59.4</ele>
        <time>2025-10-19T06:43:38.969Z</time>
      </trkpt>
      <trkpt lat="33.25046002864838" lon="126.48978003300726">
        <ele>59.8</ele>
        <time>2025-10-19T06:46:14.969Z</time>
      </trkpt>
      <trkpt lat="33.25027998536825" lon="126.48991003632545">
        <ele>59.9</ele>
        <time>2025-10-19T06:46:46.969Z</time>
      </trkpt>
      <trkpt lat="33.250370007008314" lon="126.49011002853513">
        <ele>64</ele>
        <time>2025-10-19T07:00:18.969Z</time>
      </trkpt>
      <trkpt lat="33.25030001811683" lon="126.49035000242293">
        <ele>65.1</ele>
        <time>2025-10-19T07:02:54.969Z</time>
      </trkpt>
      <trkpt lat="33.250219970941544" lon="126.49058000184596">
        <ele>66.1</ele>
        <time>2025-10-19T07:04:59.969Z</time>
      </trkpt>
      <trkpt lat="33.25014998205006" lon="126.49080002680421">
        <ele>66.8</ele>
        <time>2025-10-19T07:06:33.969Z</time>
      </trkpt>
      <trkpt lat="33.250070018693805" lon="126.49103002622724">
        <ele>67.5</ele>
        <time>2025-10-19T07:08:07.969Z</time>
      </trkpt>
      <trkpt lat="33.24997999705374" lon="126.49127997457981">
        <ele>68.3</ele>
        <time>2025-10-19T07:09:40.969Z</time>
      </trkpt>
      <trkpt lat="33.249919982627034" lon="126.49150997400284">
        <ele>69</ele>
        <time>2025-10-19T07:11:14.969Z</time>
      </trkpt>
      <trkpt lat="33.249880000948906" lon="126.49175003170967">
        <ele>69.7</ele>
        <time>2025-10-19T07:12:48.969Z</time>
      </trkpt>
      <trkpt lat="33.249859968200326" lon="126.49199998006225">
        <ele>70.5</ele>
        <time>2025-10-19T07:14:22.969Z</time>
      </trkpt>
      <trkpt lat="33.249859968200326" lon="126.49228999391198">
        <ele>71.2</ele>
        <time>2025-10-19T07:15:56.969Z</time>
      </trkpt>
      <trkpt lat="33.249880000948906" lon="126.49258000776172">
        <ele>71.9</ele>
        <time>2025-10-19T07:17:30.969Z</time>
      </trkpt>
      <trkpt lat="33.249880000948906" lon="126.49280003271997">
        <ele>72.3</ele>
        <time>2025-10-19T07:18:33.969Z</time>
      </trkpt>
      <trkpt lat="33.24988997541368" lon="126.49310999549925">
        <ele>73</ele>
        <time>2025-10-19T07:20:07.969Z</time>
      </trkpt>
      <trkpt lat="33.24991000816226" lon="126.49343001656234">
        <ele>73.7</ele>
        <time>2025-10-19T07:21:41.969Z</time>
      </trkpt>
      <trkpt lat="33.249919982627034" lon="126.4937600120902">
        <ele>74.4</ele>
        <time>2025-10-19T07:23:15.969Z</time>
      </trkpt>
      <trkpt lat="33.249919982627034" lon="126.49398003704846">
        <ele>74.8</ele>
        <time>2025-10-19T07:24:17.969Z</time>
      </trkpt>
      <trkpt lat="33.249919982627034" lon="126.49422001093626">
        <ele>75.2</ele>
        <time>2025-10-19T07:25:20.969Z</time>
      </trkpt>
      <trkpt lat="33.24993004091084" lon="126.49444003589451">
        <ele>75.7</ele>
        <time>2025-10-19T07:26:23.969Z</time>
      </trkpt>
      <trkpt lat="33.24993004091084" lon="126.49467003531754">
        <ele>76.1</ele>
        <time>2025-10-19T07:27:25.969Z</time>
      </trkpt>
      <trkpt lat="33.249940015375614" lon="126.49490003474057">
        <ele>76.5</ele>
        <time>2025-10-19T07:28:28.969Z</time>
      </trkpt>
      <trkpt lat="33.24995996430516" lon="126.49514000862837">
        <ele>77</ele>
        <time>2025-10-19T07:29:31.969Z</time>
      </trkpt>
      <trkpt lat="33.24997002258897" lon="126.49537998251617">
        <ele>77.4</ele>
        <time>2025-10-19T07:30:34.969Z</time>
      </trkpt>
      <trkpt lat="33.24995996430516" lon="126.49563001468778">
        <ele>77.8</ele>
        <time>2025-10-19T07:31:37.969Z</time>
      </trkpt>
      <trkpt lat="33.24997999705374" lon="126.49587996304035">
        <ele>78.2</ele>
        <time>2025-10-19T07:32:39.969Z</time>
      </trkpt>
      <trkpt lat="33.24997999705374" lon="126.49610996246338">
        <ele>78.6</ele>
        <time>2025-10-19T07:33:42.969Z</time>
      </trkpt>
      <trkpt lat="33.24997999705374" lon="126.49641003459692">
        <ele>79.2</ele>
        <time>2025-10-19T07:35:16.969Z</time>
      </trkpt>
      <trkpt lat="33.24998997151852" lon="126.4967199973762">
        <ele>79.8</ele>
        <time>2025-10-19T07:36:51.969Z</time>
      </trkpt>
      <trkpt lat="33.24998997151852" lon="126.496959971264">
        <ele>80.3</ele>
        <time>2025-10-19T07:37:54.969Z</time>
      </trkpt>
      <trkpt lat="33.25000002980232" lon="126.49720002897084">
        <ele>80.7</ele>
        <time>2025-10-19T07:38:56.969Z</time>
      </trkpt>
      <trkpt lat="33.2500100042671" lon="126.49744000285864">
        <ele>81.1</ele>
        <time>2025-10-19T07:39:59.969Z</time>
      </trkpt>
      <trkpt lat="33.25001997873187" lon="126.49769003503025">
        <ele>81.5</ele>
        <time>2025-10-19T07:41:02.969Z</time>
      </trkpt>
      <trkpt lat="33.25001997873187" lon="126.49792003445327">
        <ele>81.9</ele>
        <time>2025-10-19T07:42:05.969Z</time>
      </trkpt>
      <trkpt lat="33.25003003701568" lon="126.4981500338763">
        <ele>82.2</ele>
        <time>2025-10-19T07:43:08.969Z</time>
      </trkpt>
      <trkpt lat="33.25004001148045" lon="126.498439963907">
        <ele>82.7</ele>
        <time>2025-10-19T07:44:43.969Z</time>
      </trkpt>
      <trkpt lat="33.25004001148045" lon="126.49869997054338">
        <ele>83.2</ele>
        <time>2025-10-19T07:46:17.969Z</time>
      </trkpt>
      <trkpt lat="33.250049985945225" lon="126.49895997717977">
        <ele>83.7</ele>
        <time>2025-10-19T07:47:52.969Z</time>
      </trkpt>
      <trkpt lat="33.25005996041" lon="126.49924001656473">
        <ele>84.1</ele>
        <time>2025-10-19T07:49:26.969Z</time>
      </trkpt>
      <trkpt lat="33.250070018693805" lon="126.49947001598775">
        <ele>84.4</ele>
        <time>2025-10-19T07:51:01.969Z</time>
      </trkpt>
      <trkpt lat="33.25007999315858" lon="126.49977000430226">
        <ele>84.9</ele>
        <time>2025-10-19T07:53:07.969Z</time>
      </trkpt>
      <trkpt lat="33.25007999315858" lon="126.50002003647387">
        <ele>85.2</ele>
        <time>2025-10-19T07:54:41.969Z</time>
      </trkpt>
      <trkpt lat="33.250049985945225" lon="126.5002500358969">
        <ele>85.7</ele>
        <time>2025-10-19T07:57:50.969Z</time>
      </trkpt>
      <trkpt lat="33.25007999315858" lon="126.50049998424947">
        <ele>86.3</ele>
        <time>2025-10-19T08:04:40.969Z</time>
      </trkpt>
      <trkpt lat="33.25007999315858" lon="126.5007299836725">
        <ele>86.4</ele>
        <time>2025-10-19T08:06:15.969Z</time>
      </trkpt>
      <trkpt lat="33.25005996041" lon="126.50101999752223">
        <ele>86.4</ele>
        <time>2025-10-19T08:07:50.969Z</time>
      </trkpt>
      <trkpt lat="33.25004001148045" lon="126.50125997141004">
        <ele>86.3</ele>
        <time>2025-10-19T08:09:24.969Z</time>
      </trkpt>
      <trkpt lat="33.25001997873187" lon="126.50148997083306">
        <ele>86.3</ele>
        <time>2025-10-19T08:10:59.969Z</time>
      </trkpt>
      <trkpt lat="33.25001997873187" lon="126.5017300285399">
        <ele>86.2</ele>
        <time>2025-10-19T08:12:34.969Z</time>
      </trkpt>
      <trkpt lat="33.2500100042671" lon="126.50197997689247">
        <ele>86</ele>
        <time>2025-10-19T08:14:08.969Z</time>
      </trkpt>
      <trkpt lat="33.25000002980232" lon="126.50223998352885">
        <ele>85.8</ele>
        <time>2025-10-19T08:16:15.969Z</time>
      </trkpt>
      <trkpt lat="33.24997002258897" lon="126.50249999016523">
        <ele>85.3</ele>
        <time>2025-10-19T08:19:56.969Z</time>
      </trkpt>
      <trkpt lat="33.24995996430516" lon="126.50272001512349">
        <ele>85</ele>
        <time>2025-10-19T08:22:02.969Z</time>
      </trkpt>
      <trkpt lat="33.249940015375614" lon="126.50299997068942">
        <ele>84.5</ele>
        <time>2025-10-19T08:24:09.969Z</time>
      </trkpt>
      <trkpt lat="33.24988997541368" lon="126.50321999564767">
        <ele>84</ele>
        <time>2025-10-19T08:25:38.933Z</time>
      </trkpt>
      <trkpt lat="33.249881" lon="126.5032">
        <ele>82.43</ele>
        <time>2025-10-19T08:25:47.787Z</time>
      </trkpt>
      <trkpt lat="33.249177" lon="126.503643">
        <ele>77.44</ele>
        <time>2025-10-19T08:31:58.940Z</time>
      </trkpt>
      <trkpt lat="33.248827" lon="126.504013">
        <ele>78</ele>
        <time>2025-10-19T08:35:36.896Z</time>
      </trkpt>
      <trkpt lat="33.248424" lon="126.504512">
        <ele>78</ele>
        <time>2025-10-19T08:40:07.557Z</time>
      </trkpt>
      <trkpt lat="33.24797" lon="126.504871">
        <ele>77.16</ele>
        <time>2025-10-19T08:44:21.496Z</time>
      </trkpt>
      <trkpt lat="33.247751" lon="126.505681">
        <ele>78</ele>
        <time>2025-10-19T08:49:53.644Z</time>
      </trkpt>
      <trkpt lat="33.247562" lon="126.505907">
        <ele>78</ele>
        <time>2025-10-19T08:51:58.347Z</time>
      </trkpt>
      <trkpt lat="33.247271" lon="126.50618">
        <ele>76.29</ele>
        <time>2025-10-19T08:54:50.911Z</time>
      </trkpt>
      <trkpt lat="33.24708" lon="126.506472">
        <ele>76</ele>
        <time>2025-10-19T08:57:15.553Z</time>
      </trkpt>
      <trkpt lat="33.24688" lon="126.506593">
        <ele>76</ele>
        <time>2025-10-19T08:59:00.126Z</time>
      </trkpt>
      <trkpt lat="33.246837" lon="126.506801">
        <ele>76.16</ele>
        <time>2025-10-19T09:00:23.726Z</time>
      </trkpt>
      <trkpt lat="33.24638" lon="126.506634">
        <ele>75</ele>
        <time>2025-10-19T09:04:06.673Z</time>
      </trkpt>
      <trkpt lat="33.246365" lon="126.506693">
        <ele>74.94</ele>
        <time>2025-10-19T09:04:28.664Z</time>
      </trkpt>
      <trkpt lat="33.246365" lon="126.506693">
        <ele>74.94</ele>
        <time>2025-10-19T09:04:28.664Z</time>
      </trkpt>
      <trkpt lat="33.246343" lon="126.506786">
        <ele>74.84</ele>
        <time>2025-10-19T09:05:03.131Z</time>
      </trkpt>
      <trkpt lat="33.246316" lon="126.50681">
        <ele>74.66</ele>
        <time>2025-10-19T09:05:17.477Z</time>
      </trkpt>
      <trkpt lat="33.246292" lon="126.506874">
        <ele>74.49</ele>
        <time>2025-10-19T09:05:42.490Z</time>
      </trkpt>
      <trkpt lat="33.246278" lon="126.50697">
        <ele>74.48</ele>
        <time>2025-10-19T09:06:17.242Z</time>
      </trkpt>
      <trkpt lat="33.246258" lon="126.507681">
        <ele>75.82</ele>
        <time>2025-10-19T09:10:30.944Z</time>
      </trkpt>
      <trkpt lat="33.246249" lon="126.507973">
        <ele>77.95</ele>
        <time>2025-10-19T09:12:15.148Z</time>
      </trkpt>
      <trkpt lat="33.246073" lon="126.507982">
        <ele>79.03</ele>
        <time>2025-10-19T09:13:30.266Z</time>
      </trkpt>
      <trkpt lat="33.245901" lon="126.508025">
        <ele>78.33</ele>
        <time>2025-10-19T09:14:45.195Z</time>
      </trkpt>
      <trkpt lat="33.245737" lon="126.5081">
        <ele>77.69</ele>
        <time>2025-10-19T09:16:00.067Z</time>
      </trkpt>
      <trkpt lat="33.245585" lon="126.508206">
        <ele>77.1</ele>
        <time>2025-10-19T09:17:15.100Z</time>
      </trkpt>
      <trkpt lat="33.24545" lon="126.50834">
        <ele>76.63</ele>
        <time>2025-10-19T09:18:29.916Z</time>
      </trkpt>
      <trkpt lat="33.245334" lon="126.508498">
        <ele>75.69</ele>
        <time>2025-10-19T09:19:44.894Z</time>
      </trkpt>
      <trkpt lat="33.24524" lon="126.508676">
        <ele>76.3</ele>
        <time>2025-10-19T09:20:59.969Z</time>
      </trkpt>
      <trkpt lat="33.245172" lon="126.50887">
        <ele>77.36</ele>
        <time>2025-10-19T09:22:14.985Z</time>
      </trkpt>
      <trkpt lat="33.245131" lon="126.509074">
        <ele>78.21</ele>
        <time>2025-10-19T09:23:29.808Z</time>
      </trkpt>
      <trkpt lat="33.245118" lon="126.509284">
        <ele>78.65</ele>
        <time>2025-10-19T09:24:44.904Z</time>
      </trkpt>
      <trkpt lat="33.245121" lon="126.509331">
        <ele>78.51</ele>
        <time>2025-10-19T09:25:01.714Z</time>
      </trkpt>
      <trkpt lat="33.245133" lon="126.509493">
        <ele>78.04</ele>
        <time>2025-10-19T09:25:59.713Z</time>
      </trkpt>
      <trkpt lat="33.245176" lon="126.509697">
        <ele>77.73</ele>
        <time>2025-10-19T09:27:14.740Z</time>
      </trkpt>
      <trkpt lat="33.245245" lon="126.50989">
        <ele>77.91</ele>
        <time>2025-10-19T09:28:29.594Z</time>
      </trkpt>
      <trkpt lat="33.24534" lon="126.510067">
        <ele>77.85</ele>
        <time>2025-10-19T09:29:44.597Z</time>
      </trkpt>
      <trkpt lat="33.245457" lon="126.510223">
        <ele>77.98</ele>
        <time>2025-10-19T09:30:59.324Z</time>
      </trkpt>
      <trkpt lat="33.245594" lon="126.510356">
        <ele>78.53</ele>
        <time>2025-10-19T09:32:14.573Z</time>
      </trkpt>
      <trkpt lat="33.245746" lon="126.51046">
        <ele>78.87</ele>
        <time>2025-10-19T09:33:29.250Z</time>
      </trkpt>
      <trkpt lat="33.245911" lon="126.510533">
        <ele>79.84</ele>
        <time>2025-10-19T09:34:44.270Z</time>
      </trkpt>
      <trkpt lat="33.245948" lon="126.510542">
        <ele>79.85</ele>
        <time>2025-10-19T09:35:00.370Z</time>
      </trkpt>
      <trkpt lat="33.245949978008866" lon="126.51053002104163">
        <ele>72.8</ele>
        <time>2025-10-19T09:35:03.864Z</time>
      </trkpt>
      <trkpt lat="33.245948" lon="126.510542">
        <ele>79.85</ele>
        <time>2025-10-19T09:35:07.358Z</time>
      </trkpt>
      <trkpt lat="33.246083" lon="126.510574">
        <ele>79.9</ele>
        <time>2025-10-19T09:35:54.459Z</time>
      </trkpt>
      <trkpt lat="33.246259" lon="126.510582">
        <ele>80</ele>
        <time>2025-10-19T09:36:54.736Z</time>
      </trkpt>
      <trkpt lat="33.246433" lon="126.510556">
        <ele>80</ele>
        <time>2025-10-19T09:37:54.748Z</time>
      </trkpt>
      <trkpt lat="33.246602" lon="126.510496">
        <ele>80</ele>
        <time>2025-10-19T09:38:55.081Z</time>
      </trkpt>
      <trkpt lat="33.24676" lon="126.510405">
        <ele>80</ele>
        <time>2025-10-19T09:39:55.100Z</time>
      </trkpt>
      <trkpt lat="33.246904" lon="126.510285">
        <ele>80.16</ele>
        <time>2025-10-19T09:40:55.170Z</time>
      </trkpt>
      <trkpt lat="33.247031" lon="126.510139">
        <ele>80.19</ele>
        <time>2025-10-19T09:41:55.464Z</time>
      </trkpt>
      <trkpt lat="33.247135" lon="126.50997">
        <ele>79.94</ele>
        <time>2025-10-19T09:42:55.518Z</time>
      </trkpt>
      <trkpt lat="33.247206" lon="126.509806">
        <ele>79.88</ele>
        <time>2025-10-19T09:43:48.374Z</time>
      </trkpt>
    </trkseg>
  </trk>
</gpx>
