<?xml version="1.0" encoding="UTF-8"?>
<gpx version="1.1" creator="trailgrade" xmlns="http://www.topografix.com/GPX/1/1">
  <trk>
    <name>샘플 코스 (가상, 왕복 구간 포함)</name>
    <trkseg>
      <trkpt lat="37.7200000" lon="128.4300000"><ele>142.7</ele></trkpt>
      <trkpt lat="37.7200517" lon="128.4300929"><ele>143.9</ele></trkpt>
      <trkpt lat="37.7201028" lon="128.4301862"><ele>142.7</ele></trkpt>
      <trkpt lat="37.7201528" lon="128.4302806"><ele>143.0</ele></trkpt>
      <trkpt lat="37.7202021" lon="128.4303756"><ele>143.2</ele></trkpt>
      <trkpt lat="37.7202524" lon="128.4304696"><ele>142.7</ele></trkpt>
      <trkpt lat="37.7203023" lon="128.4305641"><ele>143.4</ele></trkpt>
      <trkpt lat="37.7203518" lon="128.4306588"><ele>142.2</ele></trkpt>
      <trkpt lat="37.7204001" lon="128.4307546"><ele>143.5</ele></trkpt>
      <trkpt lat="37.7204501" lon="128.4308490"><ele>142.4</ele></trkpt>
      <trkpt lat="37.7204993" lon="128.4309440"><ele>143.7</ele></trkpt>
      <trkpt lat="37.7205513" lon="128.4310366"><ele>143.9</ele></trkpt>
      <trkpt lat="37.7206013" lon="128.4311309"><ele>143.5</ele></trkpt>
      <trkpt lat="37.7206504" lon="128.4312260"><ele>143.0</ele></trkpt>
      <trkpt lat="37.7207004" lon="128.4313204"><ele>144.1</ele></trkpt>
      <trkpt lat="37.7207505" lon="128.4314146"><ele>143.1</ele></trkpt>
      <trkpt lat="37.7207994" lon="128.4315099"><ele>143.9</ele></trkpt>
      <trkpt lat="37.7208506" lon="128.4316032"><ele>143.4</ele></trkpt>
      <trkpt lat="37.7209014" lon="128.4316969"><ele>142.3</ele></trkpt>
      <trkpt lat="37.7209526" lon="128.4317901"><ele>141.1</ele></trkpt>
      <trkpt lat="37.7210054" lon="128.4318821"><ele>142.6</ele></trkpt>
      <trkpt lat="37.7210583" lon="128.4319739"><ele>142.6</ele></trkpt>
      <trkpt lat="37.7211135" lon="128.4320634"><ele>142.6</ele></trkpt>
      <trkpt lat="37.7211677" lon="128.4321540"><ele>143.1</ele></trkpt>
      <trkpt lat="37.7212222" lon="128.4322443"><ele>143.4</ele></trkpt>
      <trkpt lat="37.7212765" lon="128.4323348"><ele>142.1</ele></trkpt>
      <trkpt lat="37.7213316" lon="128.4324245"><ele>142.5</ele></trkpt>
      <trkpt lat="37.7213867" lon="128.4325141"><ele>143.4</ele></trkpt>
      <trkpt lat="37.7214433" lon="128.4326023"><ele>144.1</ele></trkpt>
      <trkpt lat="37.7215037" lon="128.4326863"><ele>145.0</ele></trkpt>
      <trkpt lat="37.7215645" lon="128.4327700"><ele>144.4</ele></trkpt>
      <trkpt lat="37.7216251" lon="128.4328538"><ele>143.3</ele></trkpt>
      <trkpt lat="37.7216877" lon="128.4329353"><ele>144.2</ele></trkpt>
      <trkpt lat="37.7217521" lon="128.4330145"><ele>143.5</ele></trkpt>
      <trkpt lat="37.7218161" lon="128.4330941"><ele>143.4</ele></trkpt>
      <trkpt lat="37.7218791" lon="128.4331751"><ele>145.0</ele></trkpt>
      <trkpt lat="37.7219432" lon="128.4332547"><ele>144.1</ele></trkpt>
      <trkpt lat="37.7220068" lon="128.4333349"><ele>145.7</ele></trkpt>
      <trkpt lat="37.7220700" lon="128.4334155"><ele>144.4</ele></trkpt>
      <trkpt lat="37.7221326" lon="128.4334970"><ele>146.7</ele></trkpt>
      <trkpt lat="37.7221965" lon="128.4335769"><ele>147.2</ele></trkpt>
      <trkpt lat="37.7222611" lon="128.4336557"><ele>146.4</ele></trkpt>
      <trkpt lat="37.7223248" lon="128.4337358"><ele>145.8</ele></trkpt>
      <trkpt lat="37.7223890" lon="128.4338153"><ele>146.4</ele></trkpt>
      <trkpt lat="37.7224525" lon="128.4338955"><ele>146.3</ele></trkpt>
      <trkpt lat="37.7225155" lon="128.4339765"><ele>145.9</ele></trkpt>
      <trkpt lat="37.7225774" lon="128.4340589"><ele>145.1</ele></trkpt>
      <trkpt lat="37.7226400" lon="128.4341403"><ele>146.6</ele></trkpt>
      <trkpt lat="37.7227010" lon="128.4342236"><ele>146.7</ele></trkpt>
      <trkpt lat="37.7227615" lon="128.4343076"><ele>145.8</ele></trkpt>
      <trkpt lat="37.7228210" lon="128.4343927"><ele>144.7</ele></trkpt>
      <trkpt lat="37.7228802" lon="128.4344781"><ele>145.9</ele></trkpt>
      <trkpt lat="37.7229381" lon="128.4345649"><ele>144.9</ele></trkpt>
      <trkpt lat="37.7229973" lon="128.4346503"><ele>145.6</ele></trkpt>
      <trkpt lat="37.7230575" lon="128.4347346"><ele>146.4</ele></trkpt>
      <trkpt lat="37.7231166" lon="128.4348201"><ele>147.1</ele></trkpt>
      <trkpt lat="37.7231769" lon="128.4349044"><ele>145.4</ele></trkpt>
      <trkpt lat="37.7232392" lon="128.4349861"><ele>147.0</ele></trkpt>
      <trkpt lat="37.7233007" lon="128.4350689"><ele>145.1</ele></trkpt>
      <trkpt lat="37.7233613" lon="128.4351528"><ele>145.4</ele></trkpt>
      <trkpt lat="37.7234219" lon="128.4352366"><ele>145.2</ele></trkpt>
      <trkpt lat="37.7234836" lon="128.4353192"><ele>144.8</ele></trkpt>
      <trkpt lat="37.7235484" lon="128.4353978"><ele>145.7</ele></trkpt>
      <trkpt lat="37.7236146" lon="128.4354745"><ele>144.9</ele></trkpt>
      <trkpt lat="37.7236825" lon="128.4355489"><ele>144.8</ele></trkpt>
      <trkpt lat="37.7237509" lon="128.4356225"><ele>144.9</ele></trkpt>
      <trkpt lat="37.7238201" lon="128.4356949"><ele>146.2</ele></trkpt>
      <trkpt lat="37.7238912" lon="128.4357643"><ele>145.0</ele></trkpt>
      <trkpt lat="37.7239632" lon="128.4358323"><ele>146.4</ele></trkpt>
      <trkpt lat="37.7240358" lon="128.4358991"><ele>147.1</ele></trkpt>
      <trkpt lat="37.7241101" lon="128.4359629"><ele>148.5</ele></trkpt>
      <trkpt lat="37.7241835" lon="128.4360285"><ele>148.8</ele></trkpt>
      <trkpt lat="37.7242568" lon="128.4360941"><ele>149.0</ele></trkpt>
      <trkpt lat="37.7243313" lon="128.4361575"><ele>148.9</ele></trkpt>
      <trkpt lat="37.7244073" lon="128.4362182"><ele>147.6</ele></trkpt>
      <trkpt lat="37.7244830" lon="128.4362792"><ele>148.8</ele></trkpt>
      <trkpt lat="37.7245591" lon="128.4363395"><ele>147.7</ele></trkpt>
      <trkpt lat="37.7246370" lon="128.4363961"><ele>147.2</ele></trkpt>
      <trkpt lat="37.7247153" lon="128.4364518"><ele>146.9</ele></trkpt>
      <trkpt lat="37.7247935" lon="128.4365078"><ele>148.2</ele></trkpt>
      <trkpt lat="37.7248731" lon="128.4365602"><ele>147.6</ele></trkpt>
      <trkpt lat="37.7249533" lon="128.4366116"><ele>149.6</ele></trkpt>
      <trkpt lat="37.7250347" lon="128.4366596"><ele>149.2</ele></trkpt>
      <trkpt lat="37.7251184" lon="128.4367009"><ele>148.3</ele></trkpt>
      <trkpt lat="37.7252037" lon="128.4367364"><ele>150.0</ele></trkpt>
      <trkpt lat="37.7252894" lon="128.4367705"><ele>150.1</ele></trkpt>
      <trkpt lat="37.7253761" lon="128.4367999"><ele>150.3</ele></trkpt>
      <trkpt lat="37.7254638" lon="128.4368245"><ele>148.4</ele></trkpt>
      <trkpt lat="37.7255520" lon="128.4368461"><ele>149.3</ele></trkpt>
      <trkpt lat="37.7256401" lon="128.4368683"><ele>147.7</ele></trkpt>
      <trkpt lat="37.7257286" lon="128.4368881"><ele>149.0</ele></trkpt>
      <trkpt lat="37.7258176" lon="128.4369034"><ele>148.2</ele></trkpt>
      <trkpt lat="37.7259065" lon="128.4369200"><ele>148.7</ele></trkpt>
      <trkpt lat="37.7259953" lon="128.4369369"><ele>148.6</ele></trkpt>
      <trkpt lat="37.7260841" lon="128.4369542"><ele>147.6</ele></trkpt>
      <trkpt lat="37.7261733" lon="128.4369675"><ele>147.3</ele></trkpt>
      <trkpt lat="37.7262626" lon="128.4369795"><ele>148.3</ele></trkpt>
      <trkpt lat="37.7263522" lon="128.4369871"><ele>149.1</ele></trkpt>
      <trkpt lat="37.7264421" lon="128.4369883"><ele>149.0</ele></trkpt>
      <trkpt lat="37.7265318" lon="128.4369842"><ele>149.1</ele></trkpt>
      <trkpt lat="37.7266216" lon="128.4369800"><ele>148.2</ele></trkpt>
      <trkpt lat="37.7267112" lon="128.4369722"><ele>149.9</ele></trkpt>
      <trkpt lat="37.7268007" lon="128.4369617"><ele>148.9</ele></trkpt>
      <trkpt lat="37.7268901" lon="128.4369506"><ele>148.2</ele></trkpt>
      <trkpt lat="37.7269796" lon="128.4369414"><ele>148.6</ele></trkpt>
      <trkpt lat="37.7270692" lon="128.4369335"><ele>148.4</ele></trkpt>
      <trkpt lat="37.7271589" lon="128.4369274"><ele>148.7</ele></trkpt>
      <trkpt lat="37.7272486" lon="128.4369207"><ele>147.7</ele></trkpt>
      <trkpt lat="37.7273382" lon="128.4369119"><ele>149.8</ele></trkpt>
      <trkpt lat="37.7274278" lon="128.4369052"><ele>149.7</ele></trkpt>
      <trkpt lat="37.7275176" lon="128.4369024"><ele>150.5</ele></trkpt>
      <trkpt lat="37.7276075" lon="128.4369032"><ele>150.6</ele></trkpt>
      <trkpt lat="37.7276972" lon="128.4369077"><ele>151.1</ele></trkpt>
      <trkpt lat="37.7277870" lon="128.4369101"><ele>153.5</ele></trkpt>
      <trkpt lat="37.7278768" lon="128.4369140"><ele>154.2</ele></trkpt>
      <trkpt lat="37.7279666" lon="128.4369159"><ele>153.4</ele></trkpt>
      <trkpt lat="37.7280565" lon="128.4369152"><ele>154.3</ele></trkpt>
      <trkpt lat="37.7281462" lon="128.4369193"><ele>156.0</ele></trkpt>
      <trkpt lat="37.7282360" lon="128.4369224"><ele>155.7</ele></trkpt>
      <trkpt lat="37.7283258" lon="128.4369272"><ele>156.2</ele></trkpt>
      <trkpt lat="37.7284154" lon="128.4369345"><ele>156.2</ele></trkpt>
      <trkpt lat="37.7285049" lon="128.4369449"><ele>157.1</ele></trkpt>
      <trkpt lat="37.7285942" lon="128.4369575"><ele>156.5</ele></trkpt>
      <trkpt lat="37.7286830" lon="128.4369743"><ele>157.0</ele></trkpt>
      <trkpt lat="37.7287713" lon="128.4369950"><ele>157.5</ele></trkpt>
      <trkpt lat="37.7288593" lon="128.4370181"><ele>158.6</ele></trkpt>
      <trkpt lat="37.7289472" lon="128.4370414"><ele>159.8</ele></trkpt>
      <trkpt lat="37.7290343" lon="128.4370692"><ele>160.9</ele></trkpt>
      <trkpt lat="37.7291215" lon="128.4370967"><ele>161.1</ele></trkpt>
      <trkpt lat="37.7292084" lon="128.4371252"><ele>160.5</ele></trkpt>
      <trkpt lat="37.7292951" lon="128.4371552"><ele>160.5</ele></trkpt>
      <trkpt lat="37.7293811" lon="128.4371879"><ele>160.8</ele></trkpt>
      <trkpt lat="37.7294657" lon="128.4372261"><ele>162.1</ele></trkpt>
      <trkpt lat="37.7295496" lon="128.4372667"><ele>160.6</ele></trkpt>
      <trkpt lat="37.7296335" lon="128.4373071"><ele>160.9</ele></trkpt>
      <trkpt lat="37.7297164" lon="128.4373510"><ele>161.5</ele></trkpt>
      <trkpt lat="37.7297984" lon="128.4373972"><ele>161.7</ele></trkpt>
      <trkpt lat="37.7298791" lon="128.4374471"><ele>162.1</ele></trkpt>
      <trkpt lat="37.7299592" lon="128.4374987"><ele>162.8</ele></trkpt>
      <trkpt lat="37.7300374" lon="128.4375544"><ele>163.6</ele></trkpt>
      <trkpt lat="37.7301131" lon="128.4376156"><ele>165.4</ele></trkpt>
      <trkpt lat="37.7301885" lon="128.4376774"><ele>166.2</ele></trkpt>
      <trkpt lat="37.7302633" lon="128.4377402"><ele>167.7</ele></trkpt>
      <trkpt lat="37.7303378" lon="128.4378037"><ele>167.4</ele></trkpt>
      <trkpt lat="37.7304124" lon="128.4378670"><ele>168.7</ele></trkpt>
      <trkpt lat="37.7304865" lon="128.4379312"><ele>169.0</ele></trkpt>
      <trkpt lat="37.7305588" lon="128.4379986"><ele>169.3</ele></trkpt>
      <trkpt lat="37.7306306" lon="128.4380668"><ele>169.3</ele></trkpt>
      <trkpt lat="37.7306998" lon="128.4381393"><ele>171.5</ele></trkpt>
      <trkpt lat="37.7307662" lon="128.4382157"><ele>172.3</ele></trkpt>
      <trkpt lat="37.7308311" lon="128.4382943"><ele>171.3</ele></trkpt>
      <trkpt lat="37.7308955" lon="128.4383734"><ele>172.5</ele></trkpt>
      <trkpt lat="37.7309577" lon="128.4384553"><ele>174.0</ele></trkpt>
      <trkpt lat="37.7310179" lon="128.4385396"><ele>175.3</ele></trkpt>
      <trkpt lat="37.7310776" lon="128.4386244"><ele>174.9</ele></trkpt>
      <trkpt lat="37.7311332" lon="128.4387137"><ele>176.9</ele></trkpt>
      <trkpt lat="37.7311871" lon="128.4388046"><ele>176.6</ele></trkpt>
      <trkpt lat="37.7312374" lon="128.4388986"><ele>178.2</ele></trkpt>
      <trkpt lat="37.7312846" lon="128.4389952"><ele>178.7</ele></trkpt>
      <trkpt lat="37.7313278" lon="128.4390949"><ele>177.4</ele></trkpt>
      <trkpt lat="37.7313712" lon="128.4391943"><ele>178.5</ele></trkpt>
      <trkpt lat="37.7314139" lon="128.4392941"><ele>179.2</ele></trkpt>
      <trkpt lat="37.7314527" lon="128.4393966"><ele>178.7</ele></trkpt>
      <trkpt lat="37.7314935" lon="128.4394978"><ele>178.7</ele></trkpt>
      <trkpt lat="37.7315354" lon="128.4395982"><ele>178.7</ele></trkpt>
      <trkpt lat="37.7315787" lon="128.4396977"><ele>179.7</ele></trkpt>
      <trkpt lat="37.7316209" lon="128.4397980"><ele>180.9</ele></trkpt>
      <trkpt lat="37.7316644" lon="128.4398973"><ele>180.0</ele></trkpt>
      <trkpt lat="37.7317074" lon="128.4399971"><ele>182.0</ele></trkpt>
      <trkpt lat="37.7317482" lon="128.4400982"><ele>181.8</ele></trkpt>
      <trkpt lat="37.7317876" lon="128.4402003"><ele>182.6</ele></trkpt>
      <trkpt lat="37.7318271" lon="128.4403023"><ele>184.1</ele></trkpt>
      <trkpt lat="37.7318676" lon="128.4404036"><ele>184.7</ele></trkpt>
      <trkpt lat="37.7319055" lon="128.4405066"><ele>185.1</ele></trkpt>
      <trkpt lat="37.7319429" lon="128.4406098"><ele>185.2</ele></trkpt>
      <trkpt lat="37.7319810" lon="128.4407127"><ele>184.9</ele></trkpt>
      <trkpt lat="37.7320165" lon="128.4408170"><ele>186.2</ele></trkpt>
      <trkpt lat="37.7320501" lon="128.4409223"><ele>184.7</ele></trkpt>
      <trkpt lat="37.7320799" lon="128.4410295"><ele>186.3</ele></trkpt>
      <trkpt lat="37.7321079" lon="128.4411374"><ele>185.6</ele></trkpt>
      <trkpt lat="37.7321350" lon="128.4412457"><ele>186.1</ele></trkpt>
      <trkpt lat="37.7321633" lon="128.4413535"><ele>187.0</ele></trkpt>
      <trkpt lat="37.7321877" lon="128.4414627"><ele>188.6</ele></trkpt>
      <trkpt lat="37.7322108" lon="128.4415725"><ele>188.9</ele></trkpt>
      <trkpt lat="37.7322328" lon="128.4416826"><ele>190.6</ele></trkpt>
      <trkpt lat="37.7322551" lon="128.4417926"><ele>191.0</ele></trkpt>
      <trkpt lat="37.7322795" lon="128.4419019"><ele>192.5</ele></trkpt>
      <trkpt lat="37.7323028" lon="128.4420116"><ele>192.9</ele></trkpt>
      <trkpt lat="37.7323231" lon="128.4421222"><ele>193.5</ele></trkpt>
      <trkpt lat="37.7323401" lon="128.4422337"><ele>194.4</ele></trkpt>
      <trkpt lat="37.7323573" lon="128.4423452"><ele>194.9</ele></trkpt>
      <trkpt lat="37.7323727" lon="128.4424571"><ele>196.2</ele></trkpt>
      <trkpt lat="37.7323832" lon="128.4425699"><ele>195.0</ele></trkpt>
      <trkpt lat="37.7323936" lon="128.4426827"><ele>195.8</ele></trkpt>
      <trkpt lat="37.7324012" lon="128.4427958"><ele>197.5</ele></trkpt>
      <trkpt lat="37.7324109" lon="128.4429087"><ele>198.3</ele></trkpt>
      <trkpt lat="37.7324183" lon="128.4430219"><ele>198.2</ele></trkpt>
      <trkpt lat="37.7324256" lon="128.4431351"><ele>198.5</ele></trkpt>
      <trkpt lat="37.7324354" lon="128.4432480"><ele>200.1</ele></trkpt>
      <trkpt lat="37.7324444" lon="128.4433610"><ele>199.4</ele></trkpt>
      <trkpt lat="37.7324533" lon="128.4434740"><ele>199.7</ele></trkpt>
      <trkpt lat="37.7324604" lon="128.4435872"><ele>201.0</ele></trkpt>
      <trkpt lat="37.7324682" lon="128.4437003"><ele>202.0</ele></trkpt>
      <trkpt lat="37.7324728" lon="128.4438137"><ele>201.2</ele></trkpt>
      <trkpt lat="37.7324749" lon="128.4439273"><ele>201.7</ele></trkpt>
      <trkpt lat="37.7324762" lon="128.4440408"><ele>202.8</ele></trkpt>
      <trkpt lat="37.7324746" lon="128.4441544"><ele>201.2</ele></trkpt>
      <trkpt lat="37.7324721" lon="128.4442679"><ele>202.2</ele></trkpt>
      <trkpt lat="37.7324682" lon="128.4443814"><ele>202.2</ele></trkpt>
      <trkpt lat="37.7324661" lon="128.4444949"><ele>202.5</ele></trkpt>
      <trkpt lat="37.7324661" lon="128.4446085"><ele>203.2</ele></trkpt>
      <trkpt lat="37.7324668" lon="128.4447220"><ele>203.4</ele></trkpt>
      <trkpt lat="37.7324664" lon="128.4448356"><ele>205.0</ele></trkpt>
      <trkpt lat="37.7324639" lon="128.4449491"><ele>206.6</ele></trkpt>
      <trkpt lat="37.7324599" lon="128.4450626"><ele>205.8</ele></trkpt>
      <trkpt lat="37.7324543" lon="128.4451759"><ele>206.6</ele></trkpt>
      <trkpt lat="37.7324524" lon="128.4452894"><ele>208.5</ele></trkpt>
      <trkpt lat="37.7324526" lon="128.4454030"><ele>209.0</ele></trkpt>
      <trkpt lat="37.7324540" lon="128.4455166"><ele>209.4</ele></trkpt>
      <trkpt lat="37.7324563" lon="128.4456301"><ele>208.9</ele></trkpt>
      <trkpt lat="37.7324579" lon="128.4457436"><ele>209.9</ele></trkpt>
      <trkpt lat="37.7324627" lon="128.4458570"><ele>210.9</ele></trkpt>
      <trkpt lat="37.7324699" lon="128.4459702"><ele>211.2</ele></trkpt>
      <trkpt lat="37.7324805" lon="128.4460830"><ele>210.8</ele></trkpt>
      <trkpt lat="37.7324936" lon="128.4461954"><ele>212.3</ele></trkpt>
      <trkpt lat="37.7325043" lon="128.4463081"><ele>213.1</ele></trkpt>
      <trkpt lat="37.7325148" lon="128.4464209"><ele>215.2</ele></trkpt>
      <trkpt lat="37.7325267" lon="128.4465335"><ele>215.6</ele></trkpt>
      <trkpt lat="37.7325429" lon="128.4466452"><ele>215.3</ele></trkpt>
      <trkpt lat="37.7325630" lon="128.4467559"><ele>216.3</ele></trkpt>
      <trkpt lat="37.7325849" lon="128.4468660"><ele>217.4</ele></trkpt>
      <trkpt lat="37.7326060" lon="128.4469764"><ele>218.1</ele></trkpt>
      <trkpt lat="37.7326282" lon="128.4470864"><ele>219.2</ele></trkpt>
      <trkpt lat="37.7326502" lon="128.4471965"><ele>219.5</ele></trkpt>
      <trkpt lat="37.7326733" lon="128.4473063"><ele>218.5</ele></trkpt>
      <trkpt lat="37.7326963" lon="128.4474161"><ele>219.9</ele></trkpt>
      <trkpt lat="37.7327204" lon="128.4475255"><ele>218.7</ele></trkpt>
      <trkpt lat="37.7327470" lon="128.4476339"><ele>219.2</ele></trkpt>
      <trkpt lat="37.7327713" lon="128.4477433"><ele>221.2</ele></trkpt>
      <trkpt lat="37.7327976" lon="128.4478519"><ele>221.3</ele></trkpt>
      <trkpt lat="37.7328231" lon="128.4479608"><ele>222.1</ele></trkpt>
      <trkpt lat="37.7328520" lon="128.4480683"><ele>222.5</ele></trkpt>
      <trkpt lat="37.7328784" lon="128.4481768"><ele>221.7</ele></trkpt>
      <trkpt lat="37.7329075" lon="128.4482843"><ele>224.0</ele></trkpt>
      <trkpt lat="37.7329338" lon="128.4483928"><ele>223.0</ele></trkpt>
      <trkpt lat="37.7329613" lon="128.4485010"><ele>223.8</ele></trkpt>
      <trkpt lat="37.7329894" lon="128.4486088"><ele>223.5</ele></trkpt>
      <trkpt lat="37.7330171" lon="128.4487169"><ele>224.6</ele></trkpt>
      <trkpt lat="37.7330432" lon="128.4488255"><ele>225.9</ele></trkpt>
      <trkpt lat="37.7330688" lon="128.4489344"><ele>225.1</ele></trkpt>
      <trkpt lat="37.7330926" lon="128.4490439"><ele>224.8</ele></trkpt>
      <trkpt lat="37.7331166" lon="128.4491533"><ele>225.0</ele></trkpt>
      <trkpt lat="37.7331411" lon="128.4492626"><ele>225.8</ele></trkpt>
      <trkpt lat="37.7331627" lon="128.4493728"><ele>226.7</ele></trkpt>
      <trkpt lat="37.7331834" lon="128.4494833"><ele>226.9</ele></trkpt>
      <trkpt lat="37.7332053" lon="128.4495935"><ele>229.9</ele></trkpt>
      <trkpt lat="37.7332278" lon="128.4497034"><ele>229.2</ele></trkpt>
      <trkpt lat="37.7332484" lon="128.4498139"><ele>230.2</ele></trkpt>
      <trkpt lat="37.7332685" lon="128.4499246"><ele>232.5</ele></trkpt>
      <trkpt lat="37.7332886" lon="128.4500353"><ele>232.7</ele></trkpt>
      <trkpt lat="37.7333054" lon="128.4501469"><ele>234.0</ele></trkpt>
      <trkpt lat="37.7333248" lon="128.4502578"><ele>233.5</ele></trkpt>
      <trkpt lat="37.7333423" lon="128.4503692"><ele>234.4</ele></trkpt>
      <trkpt lat="37.7333574" lon="128.4504811"><ele>234.9</ele></trkpt>
      <trkpt lat="37.7333731" lon="128.4505929"><ele>235.7</ele></trkpt>
      <trkpt lat="37.7333918" lon="128.4507040"><ele>235.9</ele></trkpt>
      <trkpt lat="37.7334137" lon="128.4508142"><ele>235.7</ele></trkpt>
      <trkpt lat="37.7334373" lon="128.4509237"><ele>235.9</ele></trkpt>
      <trkpt lat="37.7334609" lon="128.4510333"><ele>237.0</ele></trkpt>
      <trkpt lat="37.7334817" lon="128.4511438"><ele>237.3</ele></trkpt>
      <trkpt lat="37.7335037" lon="128.4512539"><ele>240.2</ele></trkpt>
      <trkpt lat="37.7335258" lon="128.4513640"><ele>239.1</ele></trkpt>
      <trkpt lat="37.7335445" lon="128.4514751"><ele>240.2</ele></trkpt>
      <trkpt lat="37.7335595" lon="128.4515870"><ele>240.9</ele></trkpt>
      <trkpt lat="37.7335736" lon="128.4516992"><ele>240.6</ele></trkpt>
      <trkpt lat="37.7335898" lon="128.4518109"><ele>242.0</ele></trkpt>
      <trkpt lat="37.7336065" lon="128.4519225"><ele>241.7</ele></trkpt>
      <trkpt lat="37.7336253" lon="128.4520335"><ele>242.2</ele></trkpt>
      <trkpt lat="37.7336470" lon="128.4521437"><ele>241.6</ele></trkpt>
      <trkpt lat="37.7336661" lon="128.4522547"><ele>241.7</ele></trkpt>
      <trkpt lat="37.7336809" lon="128.4523667"><ele>243.3</ele></trkpt>
      <trkpt lat="37.7336934" lon="128.4524792"><ele>242.3</ele></trkpt>
      <trkpt lat="37.7337045" lon="128.4525918"><ele>243.1</ele></trkpt>
      <trkpt lat="37.7337118" lon="128.4527050"><ele>243.1</ele></trkpt>
      <trkpt lat="37.7337158" lon="128.4528185"><ele>245.4</ele></trkpt>
      <trkpt lat="37.7337201" lon="128.4529319"><ele>246.4</ele></trkpt>
      <trkpt lat="37.7337236" lon="128.4530454"><ele>245.7</ele></trkpt>
      <trkpt lat="37.7337202" lon="128.4531589"><ele>246.8</ele></trkpt>
      <trkpt lat="37.7337126" lon="128.4532720"><ele>246.7</ele></trkpt>
      <trkpt lat="37.7337004" lon="128.4533846"><ele>248.4</ele></trkpt>
      <trkpt lat="37.7336867" lon="128.4534968"><ele>248.5</ele></trkpt>
      <trkpt lat="37.7336709" lon="128.4536086"><ele>248.0</ele></trkpt>
      <trkpt lat="37.7336557" lon="128.4537205"><ele>248.1</ele></trkpt>
      <trkpt lat="37.7336399" lon="128.4538323"><ele>249.9</ele></trkpt>
      <trkpt lat="37.7336214" lon="128.4539435"><ele>249.6</ele></trkpt>
      <trkpt lat="37.7336035" lon="128.4540547"><ele>249.6</ele></trkpt>
      <trkpt lat="37.7335857" lon="128.4541661"><ele>251.1</ele></trkpt>
      <trkpt lat="37.7335680" lon="128.4542774"><ele>251.6</ele></trkpt>
      <trkpt lat="37.7335460" lon="128.4543875"><ele>252.9</ele></trkpt>
      <trkpt lat="37.7335206" lon="128.4544964"><ele>253.7</ele></trkpt>
      <trkpt lat="37.7334931" lon="128.4546045"><ele>256.1</ele></trkpt>
      <trkpt lat="37.7334638" lon="128.4547119"><ele>257.2</ele></trkpt>
      <trkpt lat="37.7334305" lon="128.4548174"><ele>256.6</ele></trkpt>
      <trkpt lat="37.7333982" lon="128.4549233"><ele>258.1</ele></trkpt>
      <trkpt lat="37.7333614" lon="128.4550270"><ele>257.5</ele></trkpt>
      <trkpt lat="37.7333223" lon="128.4551292"><ele>259.0</ele></trkpt>
      <trkpt lat="37.7332792" lon="128.4552288"><ele>257.9</ele></trkpt>
      <trkpt lat="37.7332321" lon="128.4553255"><ele>259.2</ele></trkpt>
      <trkpt lat="37.7331850" lon="128.4554222"><ele>259.4</ele></trkpt>
      <trkpt lat="37.7331363" lon="128.4555177"><ele>259.2</ele></trkpt>
      <trkpt lat="37.7330865" lon="128.4556122"><ele>259.7</ele></trkpt>
      <trkpt lat="37.7330353" lon="128.4557055"><ele>259.8</ele></trkpt>
      <trkpt lat="37.7329813" lon="128.4557962"><ele>260.4</ele></trkpt>
      <trkpt lat="37.7329252" lon="128.4558849"><ele>262.9</ele></trkpt>
      <trkpt lat="37.7328688" lon="128.4559733"><ele>263.1</ele></trkpt>
      <trkpt lat="37.7328128" lon="128.4560621"><ele>262.7</ele></trkpt>
      <trkpt lat="37.7327542" lon="128.4561481"><ele>265.1</ele></trkpt>
      <trkpt lat="37.7326956" lon="128.4562342"><ele>265.0</ele></trkpt>
      <trkpt lat="37.7326347" lon="128.4563177"><ele>264.7</ele></trkpt>
      <trkpt lat="37.7325709" lon="128.4563977"><ele>265.7</ele></trkpt>
      <trkpt lat="37.7325039" lon="128.4564734"><ele>265.3</ele></trkpt>
      <trkpt lat="37.7324344" lon="128.4565453"><ele>265.9</ele></trkpt>
      <trkpt lat="37.7323656" lon="128.4566183"><ele>264.3</ele></trkpt>
      <trkpt lat="37.7322971" lon="128.4566918"><ele>264.5</ele></trkpt>
      <trkpt lat="37.7322256" lon="128.4567606"><ele>265.8</ele></trkpt>
      <trkpt lat="37.7321534" lon="128.4568280"><ele>266.7</ele></trkpt>
      <trkpt lat="37.7320785" lon="128.4568907"><ele>268.1</ele></trkpt>
      <trkpt lat="37.7320017" lon="128.4569497"><ele>267.3</ele></trkpt>
      <trkpt lat="37.7319233" lon="128.4570052"><ele>268.8</ele></trkpt>
      <trkpt lat="37.7318431" lon="128.4570563"><ele>269.3</ele></trkpt>
      <trkpt lat="37.7317626" lon="128.4571068"><ele>269.8</ele></trkpt>
      <trkpt lat="37.7316824" lon="128.4571579"><ele>270.6</ele></trkpt>
      <trkpt lat="37.7316019" lon="128.4572082"><ele>271.8</ele></trkpt>
      <trkpt lat="37.7315208" lon="128.4572570"><ele>273.5</ele></trkpt>
      <trkpt lat="37.7314378" lon="128.4573005"><ele>272.7</ele></trkpt>
      <trkpt lat="37.7313530" lon="128.4573382"><ele>272.6</ele></trkpt>
      <trkpt lat="37.7312674" lon="128.4573727"><ele>274.1</ele></trkpt>
      <trkpt lat="37.7311806" lon="128.4574016"><ele>273.5</ele></trkpt>
      <trkpt lat="37.7310935" lon="128.4574298"><ele>276.3</ele></trkpt>
      <trkpt lat="37.7310054" lon="128.4574518"><ele>276.8</ele></trkpt>
      <trkpt lat="37.7309173" lon="128.4574739"><ele>277.6</ele></trkpt>
      <trkpt lat="37.7308290" lon="128.4574950"><ele>277.8</ele></trkpt>
      <trkpt lat="37.7307408" lon="128.4575162"><ele>279.1</ele></trkpt>
      <trkpt lat="37.7306521" lon="128.4575340"><ele>280.3</ele></trkpt>
      <trkpt lat="37.7305639" lon="128.4575560"><ele>279.6</ele></trkpt>
      <trkpt lat="37.7304763" lon="128.4575809"><ele>280.1</ele></trkpt>
      <trkpt lat="37.7303879" lon="128.4576013"><ele>280.7</ele></trkpt>
      <trkpt lat="37.7302993" lon="128.4576199"><ele>281.9</ele></trkpt>
      <trkpt lat="37.7302106" lon="128.4576379"><ele>282.9</ele></trkpt>
      <trkpt lat="37.7301219" lon="128.4576560"><ele>281.1</ele></trkpt>
      <trkpt lat="37.7300334" lon="128.4576752"><ele>281.1</ele></trkpt>
      <trkpt lat="37.7299448" lon="128.4576943"><ele>280.7</ele></trkpt>
      <trkpt lat="37.7298562" lon="128.4577131"><ele>281.1</ele></trkpt>
      <trkpt lat="37.7297678" lon="128.4577327"><ele>280.7</ele></trkpt>
      <trkpt lat="37.7296791" lon="128.4577506"><ele>280.5</ele></trkpt>
      <trkpt lat="37.7295901" lon="128.4577665"><ele>281.5</ele></trkpt>
      <trkpt lat="37.7295014" lon="128.4577842"><ele>281.1</ele></trkpt>
      <trkpt lat="37.7294125" lon="128.4578009"><ele>281.1</ele></trkpt>
      <trkpt lat="37.7293235" lon="128.4578159"><ele>279.5</ele></trkpt>
      <trkpt lat="37.7292343" lon="128.4578298"><ele>280.2</ele></trkpt>
      <trkpt lat="37.7291450" lon="128.4578416"><ele>280.8</ele></trkpt>
      <trkpt lat="37.7290555" lon="128.4578517"><ele>279.3</ele></trkpt>
      <trkpt lat="37.7289662" lon="128.4578643"><ele>279.0</ele></trkpt>
      <trkpt lat="37.7288771" lon="128.4578782"><ele>278.7</ele></trkpt>
      <trkpt lat="37.7287878" lon="128.4578907"><ele>278.1</ele></trkpt>
      <trkpt lat="37.7286987" lon="128.4579050"><ele>278.3</ele></trkpt>
      <trkpt lat="37.7286097" lon="128.4579203"><ele>278.2</ele></trkpt>
      <trkpt lat="37.7285208" lon="128.4579371"><ele>277.7</ele></trkpt>
      <trkpt lat="37.7284323" lon="128.4579567"><ele>277.0</ele></trkpt>
      <trkpt lat="37.7283436" lon="128.4579742"><ele>278.4</ele></trkpt>
      <trkpt lat="37.7282549" lon="128.4579921"><ele>278.4</ele></trkpt>
      <trkpt lat="37.7281664" lon="128.4580117"><ele>277.8</ele></trkpt>
      <trkpt lat="37.7280777" lon="128.4580298"><ele>278.0</ele></trkpt>
      <trkpt lat="37.7279894" lon="128.4580508"><ele>278.1</ele></trkpt>
      <trkpt lat="37.7279017" lon="128.4580755"><ele>280.4</ele></trkpt>
      <trkpt lat="37.7278149" lon="128.4581048"><ele>279.6</ele></trkpt>
      <trkpt lat="37.7277286" lon="128.4581361"><ele>278.4</ele></trkpt>
      <trkpt lat="37.7276418" lon="128.4581656"><ele>279.2</ele></trkpt>
      <trkpt lat="37.7275551" lon="128.4581951"><ele>278.2</ele></trkpt>
      <trkpt lat="37.7274681" lon="128.4582234"><ele>278.3</ele></trkpt>
      <trkpt lat="37.7273817" lon="128.4582547"><ele>277.9</ele></trkpt>
      <trkpt lat="37.7272952" lon="128.4582852"><ele>278.3</ele></trkpt>
      <trkpt lat="37.7272084" lon="128.4583143"><ele>278.1</ele></trkpt>
      <trkpt lat="37.7271215" lon="128.4583430"><ele>278.3</ele></trkpt>
      <trkpt lat="37.7270350" lon="128.4583736"><ele>277.7</ele></trkpt>
      <trkpt lat="37.7269493" lon="128.4584080"><ele>277.9</ele></trkpt>
      <trkpt lat="37.7268634" lon="128.4584411"><ele>277.1</ele></trkpt>
      <trkpt lat="37.7267787" lon="128.4584787"><ele>277.2</ele></trkpt>
      <trkpt lat="37.7266955" lon="128.4585217"><ele>276.7</ele></trkpt>
      <trkpt lat="37.7266127" lon="128.4585657"><ele>276.9</ele></trkpt>
      <trkpt lat="37.7265307" lon="128.4586120"><ele>277.3</ele></trkpt>
      <trkpt lat="37.7264515" lon="128.4586658"><ele>277.2</ele></trkpt>
      <trkpt lat="37.7263737" lon="128.4587225"><ele>277.4</ele></trkpt>
      <trkpt lat="37.7262993" lon="128.4587861"><ele>276.3</ele></trkpt>
      <trkpt lat="37.7262291" lon="128.4588569"><ele>276.0</ele></trkpt>
      <trkpt lat="37.7261634" lon="128.4589344"><ele>275.5</ele></trkpt>
      <trkpt lat="37.7261019" lon="128.4590172"><ele>276.4</ele></trkpt>
      <trkpt lat="37.7260462" lon="128.4591063"><ele>277.2</ele></trkpt>
      <trkpt lat="37.7259945" lon="128.4591992"><ele>277.0</ele></trkpt>
      <trkpt lat="37.7259466" lon="128.4592952"><ele>277.8</ele></trkpt>
      <trkpt lat="37.7259032" lon="128.4593947"><ele>277.2</ele></trkpt>
      <trkpt lat="37.7258662" lon="128.4594982"><ele>278.4</ele></trkpt>
      <trkpt lat="37.7258356" lon="128.4596049"><ele>278.7</ele></trkpt>
      <trkpt lat="37.7258098" lon="128.4597137"><ele>280.4</ele></trkpt>
      <trkpt lat="37.7257844" lon="128.4598226"><ele>280.2</ele></trkpt>
      <trkpt lat="37.7257590" lon="128.4599316"><ele>281.6</ele></trkpt>
      <trkpt lat="37.7257375" lon="128.4600418"><ele>280.0</ele></trkpt>
      <trkpt lat="37.7257173" lon="128.4601525"><ele>282.0</ele></trkpt>
      <trkpt lat="37.7257025" lon="128.4602645"><ele>281.3</ele></trkpt>
      <trkpt lat="37.7256877" lon="128.4603765"><ele>280.5</ele></trkpt>
      <trkpt lat="37.7256758" lon="128.4604891"><ele>282.1</ele></trkpt>
      <trkpt lat="37.7256649" lon="128.4606018"><ele>282.2</ele></trkpt>
      <trkpt lat="37.7256545" lon="128.4607146"><ele>283.0</ele></trkpt>
      <trkpt lat="37.7256449" lon="128.4608275"><ele>283.7</ele></trkpt>
      <trkpt lat="37.7256408" lon="128.4609410"><ele>283.8</ele></trkpt>
      <trkpt lat="37.7256397" lon="128.4610545"><ele>286.0</ele></trkpt>
      <trkpt lat="37.7256389" lon="128.4611681"><ele>285.9</ele></trkpt>
      <trkpt lat="37.7256406" lon="128.4612816"><ele>287.1</ele></trkpt>
      <trkpt lat="37.7256422" lon="128.4613952"><ele>285.8</ele></trkpt>
      <trkpt lat="37.7256456" lon="128.4615087"><ele>287.6</ele></trkpt>
      <trkpt lat="37.7256529" lon="128.4616218"><ele>288.2</ele></trkpt>
      <trkpt lat="37.7256617" lon="128.4617349"><ele>287.0</ele></trkpt>
      <trkpt lat="37.7256694" lon="128.4618480"><ele>287.2</ele></trkpt>
      <trkpt lat="37.7256774" lon="128.4619611"><ele>286.4</ele></trkpt>
      <trkpt lat="37.7256870" lon="128.4620740"><ele>287.0</ele></trkpt>
      <trkpt lat="37.7256972" lon="128.4621869"><ele>287.8</ele></trkpt>
      <trkpt lat="37.7257110" lon="128.4622991"><ele>288.5</ele></trkpt>
      <trkpt lat="37.7257248" lon="128.4624113"><ele>287.0</ele></trkpt>
      <trkpt lat="37.7257431" lon="128.4625225"><ele>288.6</ele></trkpt>
      <trkpt lat="37.7257616" lon="128.4626336"><ele>288.3</ele></trkpt>
      <trkpt lat="37.7257834" lon="128.4627438"><ele>288.5</ele></trkpt>
      <trkpt lat="37.7258061" lon="128.4628537"><ele>287.8</ele></trkpt>
      <trkpt lat="37.7258318" lon="128.4629625"><ele>289.5</ele></trkpt>
      <trkpt lat="37.7258599" lon="128.4630704"><ele>289.4</ele></trkpt>
      <trkpt lat="37.7258941" lon="128.4631753"><ele>287.2</ele></trkpt>
      <trkpt lat="37.7259329" lon="128.4632778"><ele>288.0</ele></trkpt>
      <trkpt lat="37.7259759" lon="128.4633775"><ele>287.6</ele></trkpt>
      <trkpt lat="37.7260202" lon="128.4634763"><ele>287.2</ele></trkpt>
      <trkpt lat="37.7260640" lon="128.4635755"><ele>286.4</ele></trkpt>
      <trkpt lat="37.7261084" lon="128.4636742"><ele>286.0</ele></trkpt>
      <trkpt lat="37.7261527" lon="128.4637730"><ele>285.3</ele></trkpt>
      <trkpt lat="37.7261996" lon="128.4638698"><ele>285.5</ele></trkpt>
      <trkpt lat="37.7262488" lon="128.4639649"><ele>284.8</ele></trkpt>
      <trkpt lat="37.7262993" lon="128.4640587"><ele>284.7</ele></trkpt>
      <trkpt lat="37.7263509" lon="128.4641517"><ele>285.5</ele></trkpt>
      <trkpt lat="37.7264048" lon="128.4642426"><ele>285.7</ele></trkpt>
      <trkpt lat="37.7264621" lon="128.4643301"><ele>286.8</ele></trkpt>
      <trkpt lat="37.7265198" lon="128.4644171"><ele>286.2</ele></trkpt>
      <trkpt lat="37.7265825" lon="128.4644984"><ele>286.8</ele></trkpt>
      <trkpt lat="37.7266465" lon="128.4645781"><ele>286.0</ele></trkpt>
      <trkpt lat="37.7267123" lon="128.4646554"><ele>285.2</ele></trkpt>
      <trkpt lat="37.7267810" lon="128.4647286"><ele>284.2</ele></trkpt>
      <trkpt lat="37.7268502" lon="128.4648010"><ele>284.2</ele></trkpt>
      <trkpt lat="37.7269202" lon="128.4648722"><ele>283.5</ele></trkpt>
      <trkpt lat="37.7269939" lon="128.4649371"><ele>285.2</ele></trkpt>
      <trkpt lat="37.7270706" lon="128.4649962"><ele>285.0</ele></trkpt>
      <trkpt lat="37.7271508" lon="128.4650475"><ele>285.4</ele></trkpt>
      <trkpt lat="37.7272335" lon="128.4650918"><ele>285.6</ele></trkpt>
      <trkpt lat="37.7273178" lon="128.4651310"><ele>284.5</ele></trkpt>
      <trkpt lat="37.7274029" lon="128.4651675"><ele>284.6</ele></trkpt>
      <trkpt lat="37.7274901" lon="128.4651948"><ele>284.8</ele></trkpt>
      <trkpt lat="37.7275787" lon="128.4652134"><ele>284.6</ele></trkpt>
      <trkpt lat="37.7276677" lon="128.4652284"><ele>284.6</ele></trkpt>
      <trkpt lat="37.7277574" lon="128.4652341"><ele>283.4</ele></trkpt>
      <trkpt lat="37.7278472" lon="128.4652311"><ele>283.2</ele></trkpt>
      <trkpt lat="37.7279366" lon="128.4652197"><ele>282.0</ele></trkpt>
      <trkpt lat="37.7280256" lon="128.4652040"><ele>281.1</ele></trkpt>
      <trkpt lat="37.7281135" lon="128.4651805"><ele>280.7</ele></trkpt>
      <trkpt lat="37.7281995" lon="128.4651480"><ele>280.5</ele></trkpt>
      <trkpt lat="37.7282844" lon="128.4651106"><ele>279.4</ele></trkpt>
      <trkpt lat="37.7283688" lon="128.4650717"><ele>280.0</ele></trkpt>
      <trkpt lat="37.7284525" lon="128.4650307"><ele>281.6</ele></trkpt>
      <trkpt lat="37.7285346" lon="128.4649845"><ele>280.5</ele></trkpt>
      <trkpt lat="37.7286151" lon="128.4649341"><ele>280.7</ele></trkpt>
      <trkpt lat="37.7286954" lon="128.4648833"><ele>282.7</ele></trkpt>
      <trkpt lat="37.7287750" lon="128.4648305"><ele>283.7</ele></trkpt>
      <trkpt lat="37.7288530" lon="128.4647741"><ele>282.4</ele></trkpt>
      <trkpt lat="37.7289306" lon="128.4647171"><ele>282.7</ele></trkpt>
      <trkpt lat="37.7290061" lon="128.4646556"><ele>283.4</ele></trkpt>
      <trkpt lat="37.7290800" lon="128.4645910"><ele>283.6</ele></trkpt>
      <trkpt lat="37.7291547" lon="128.4645278"><ele>283.7</ele></trkpt>
      <trkpt lat="37.7292270" lon="128.4644604"><ele>285.9</ele></trkpt>
      <trkpt lat="37.7292994" lon="128.4643933"><ele>284.9</ele></trkpt>
      <trkpt lat="37.7293695" lon="128.4643221"><ele>285.2</ele></trkpt>
      <trkpt lat="37.7294400" lon="128.4642518"><ele>286.9</ele></trkpt>
      <trkpt lat="37.7295104" lon="128.4641813"><ele>287.5</ele></trkpt>
      <trkpt lat="37.7295807" lon="128.4641106"><ele>288.7</ele></trkpt>
      <trkpt lat="37.7296497" lon="128.4640378"><ele>289.6</ele></trkpt>
      <trkpt lat="37.7297159" lon="128.4639611"><ele>290.8</ele></trkpt>
      <trkpt lat="37.7297818" lon="128.4638839"><ele>291.2</ele></trkpt>
      <trkpt lat="37.7298449" lon="128.4638031"><ele>293.0</ele></trkpt>
      <trkpt lat="37.7299076" lon="128.4637217"><ele>291.4</ele></trkpt>
      <trkpt lat="37.7299667" lon="128.4636363"><ele>293.3</ele></trkpt>
      <trkpt lat="37.7300240" lon="128.4635488"><ele>293.9</ele></trkpt>
      <trkpt lat="37.7300776" lon="128.4634576"><ele>293.9</ele></trkpt>
      <trkpt lat="37.7301269" lon="128.4633627"><ele>294.6</ele></trkpt>
      <trkpt lat="37.7301734" lon="128.4632655"><ele>293.3</ele></trkpt>
      <trkpt lat="37.7302203" lon="128.4631687"><ele>295.0</ele></trkpt>
      <trkpt lat="37.7302647" lon="128.4630699"><ele>295.1</ele></trkpt>
      <trkpt lat="37.7303049" lon="128.4629684"><ele>295.8</ele></trkpt>
      <trkpt lat="37.7303457" lon="128.4628672"><ele>295.9</ele></trkpt>
      <trkpt lat="37.7303839" lon="128.4627644"><ele>297.2</ele></trkpt>
      <trkpt lat="37.7304209" lon="128.4626609"><ele>296.8</ele></trkpt>
      <trkpt lat="37.7304575" lon="128.4625572"><ele>297.6</ele></trkpt>
      <trkpt lat="37.7304909" lon="128.4624518"><ele>297.1</ele></trkpt>
      <trkpt lat="37.7305226" lon="128.4623456"><ele>297.5</ele></trkpt>
      <trkpt lat="37.7305494" lon="128.4622372"><ele>297.4</ele></trkpt>
      <trkpt lat="37.7305758" lon="128.4621286"><ele>297.7</ele></trkpt>
      <trkpt lat="37.7306015" lon="128.4620198"><ele>299.8</ele></trkpt>
      <trkpt lat="37.7306252" lon="128.4619102"><ele>299.8</ele></trkpt>
      <trkpt lat="37.7306495" lon="128.4618009"><ele>300.3</ele></trkpt>
      <trkpt lat="37.7306729" lon="128.4616913"><ele>301.0</ele></trkpt>
      <trkpt lat="37.7306970" lon="128.4615819"><ele>300.5</ele></trkpt>
      <trkpt lat="37.7307202" lon="128.4614722"><ele>301.7</ele></trkpt>
      <trkpt lat="37.7307416" lon="128.4613619"><ele>303.2</ele></trkpt>
      <trkpt lat="37.7307612" lon="128.4612510"><ele>305.4</ele></trkpt>
      <trkpt lat="37.7307826" lon="128.4611407"><ele>307.7</ele></trkpt>
      <trkpt lat="37.7308020" lon="128.4610298"><ele>309.7</ele></trkpt>
      <trkpt lat="37.7308191" lon="128.4609184"><ele>310.7</ele></trkpt>
      <trkpt lat="37.7308401" lon="128.4608079"><ele>313.9</ele></trkpt>
      <trkpt lat="37.7308602" lon="128.4606973"><ele>315.3</ele></trkpt>
      <trkpt lat="37.7308801" lon="128.4605865"><ele>315.5</ele></trkpt>
      <trkpt lat="37.7309019" lon="128.4604763"><ele>317.8</ele></trkpt>
      <trkpt lat="37.7309227" lon="128.4603659"><ele>318.5</ele></trkpt>
      <trkpt lat="37.7309459" lon="128.4602562"><ele>320.2</ele></trkpt>
      <trkpt lat="37.7309720" lon="128.4601475"><ele>320.5</ele></trkpt>
      <trkpt lat="37.7309981" lon="128.4600388"><ele>322.0</ele></trkpt>
      <trkpt lat="37.7310241" lon="128.4599301"><ele>323.9</ele></trkpt>
      <trkpt lat="37.7310522" lon="128.4598223"><ele>325.6</ele></trkpt>
      <trkpt lat="37.7310819" lon="128.4597151"><ele>328.7</ele></trkpt>
      <trkpt lat="37.7311104" lon="128.4596074"><ele>330.5</ele></trkpt>
      <trkpt lat="37.7311383" lon="128.4594994"><ele>330.9</ele></trkpt>
      <trkpt lat="37.7311666" lon="128.4593916"><ele>334.2</ele></trkpt>
      <trkpt lat="37.7311943" lon="128.4592836"><ele>336.0</ele></trkpt>
      <trkpt lat="37.7312220" lon="128.4591756"><ele>336.2</ele></trkpt>
      <trkpt lat="37.7312492" lon="128.4590673"><ele>336.8</ele></trkpt>
      <trkpt lat="37.7312745" lon="128.4589584"><ele>338.8</ele></trkpt>
      <trkpt lat="37.7313001" lon="128.4588495"><ele>339.9</ele></trkpt>
      <trkpt lat="37.7313233" lon="128.4587398"><ele>341.8</ele></trkpt>
      <trkpt lat="37.7313464" lon="128.4586301"><ele>340.7</ele></trkpt>
      <trkpt lat="37.7313736" lon="128.4585218"><ele>343.7</ele></trkpt>
      <trkpt lat="37.7314001" lon="128.4584133"><ele>344.0</ele></trkpt>
      <trkpt lat="37.7314269" lon="128.4583049"><ele>345.4</ele></trkpt>
      <trkpt lat="37.7314526" lon="128.4581961"><ele>347.3</ele></trkpt>
      <trkpt lat="37.7314778" lon="128.4580871"><ele>349.1</ele></trkpt>
      <trkpt lat="37.7315006" lon="128.4579772"><ele>350.3</ele></trkpt>
      <trkpt lat="37.7315233" lon="128.4578674"><ele>351.2</ele></trkpt>
      <trkpt lat="37.7315455" lon="128.4577573"><ele>353.5</ele></trkpt>
      <trkpt lat="37.7315676" lon="128.4576473"><ele>354.6</ele></trkpt>
      <trkpt lat="37.7315905" lon="128.4575374"><ele>355.1</ele></trkpt>
      <trkpt lat="37.7316146" lon="128.4574280"><ele>357.7</ele></trkpt>
      <trkpt lat="37.7316387" lon="128.4573186"><ele>357.7</ele></trkpt>
      <trkpt lat="37.7316625" lon="128.4572091"><ele>360.2</ele></trkpt>
      <trkpt lat="37.7316853" lon="128.4570993"><ele>360.5</ele></trkpt>
      <trkpt lat="37.7317122" lon="128.4569909"><ele>362.2</ele></trkpt>
      <trkpt lat="37.7317402" lon="128.4568830"><ele>364.2</ele></trkpt>
      <trkpt lat="37.7317682" lon="128.4567751"><ele>364.2</ele></trkpt>
      <trkpt lat="37.7317957" lon="128.4566670"><ele>365.5</ele></trkpt>
      <trkpt lat="37.7318254" lon="128.4565598"><ele>369.4</ele></trkpt>
      <trkpt lat="37.7318547" lon="128.4564525"><ele>371.4</ele></trkpt>
      <trkpt lat="37.7318850" lon="128.4563456"><ele>372.6</ele></trkpt>
      <trkpt lat="37.7319176" lon="128.4562398"><ele>376.4</ele></trkpt>
      <trkpt lat="37.7319491" lon="128.4561334"><ele>377.8</ele></trkpt>
      <trkpt lat="37.7319781" lon="128.4560259"><ele>381.0</ele></trkpt>
      <trkpt lat="37.7320059" lon="128.4559179"><ele>383.6</ele></trkpt>
      <trkpt lat="37.7320367" lon="128.4558112"><ele>388.3</ele></trkpt>
      <trkpt lat="37.7320667" lon="128.4557042"><ele>390.7</ele></trkpt>
      <trkpt lat="37.7320985" lon="128.4555980"><ele>392.0</ele></trkpt>
      <trkpt lat="37.7321338" lon="128.4554936"><ele>396.7</ele></trkpt>
      <trkpt lat="37.7321697" lon="128.4553895"><ele>398.1</ele></trkpt>
      <trkpt lat="37.7322065" lon="128.4552858"><ele>401.7</ele></trkpt>
      <trkpt lat="37.7322448" lon="128.4551831"><ele>403.3</ele></trkpt>
      <trkpt lat="37.7322841" lon="128.4550810"><ele>408.2</ele></trkpt>
      <trkpt lat="37.7323238" lon="128.4549791"><ele>409.6</ele></trkpt>
      <trkpt lat="37.7323662" lon="128.4548790"><ele>413.4</ele></trkpt>
      <trkpt lat="37.7324113" lon="128.4547808"><ele>415.9</ele></trkpt>
      <trkpt lat="37.7324552" lon="128.4546817"><ele>419.8</ele></trkpt>
      <trkpt lat="37.7324998" lon="128.4545831"><ele>422.6</ele></trkpt>
      <trkpt lat="37.7325432" lon="128.4544837"><ele>425.0</ele></trkpt>
      <trkpt lat="37.7325881" lon="128.4543853"><ele>427.6</ele></trkpt>
      <trkpt lat="37.7326348" lon="128.4542884"><ele>429.0</ele></trkpt>
      <trkpt lat="37.7326811" lon="128.4541910"><ele>433.1</ele></trkpt>
      <trkpt lat="37.7327295" lon="128.4540953"><ele>434.9</ele></trkpt>
      <trkpt lat="37.7327756" lon="128.4539979"><ele>435.8</ele></trkpt>
      <trkpt lat="37.7328199" lon="128.4538991"><ele>438.3</ele></trkpt>
      <trkpt lat="37.7328637" lon="128.4537999"><ele>442.3</ele></trkpt>
      <trkpt lat="37.7329070" lon="128.4537004"><ele>445.2</ele></trkpt>
      <trkpt lat="37.7329523" lon="128.4536023"><ele>446.8</ele></trkpt>
      <trkpt lat="37.7329996" lon="128.4535058"><ele>450.3</ele></trkpt>
      <trkpt lat="37.7330461" lon="128.4534086"><ele>453.0</ele></trkpt>
      <trkpt lat="37.7330963" lon="128.4533145"><ele>456.8</ele></trkpt>
      <trkpt lat="37.7331503" lon="128.4532237"><ele>459.1</ele></trkpt>
      <trkpt lat="37.7332083" lon="128.4531370"><ele>461.1</ele></trkpt>
      <trkpt lat="37.7332710" lon="128.4530557"><ele>464.1</ele></trkpt>
      <trkpt lat="37.7333340" lon="128.4529747"><ele>466.0</ele></trkpt>
      <trkpt lat="37.7333992" lon="128.4528966"><ele>468.4</ele></trkpt>
      <trkpt lat="37.7334653" lon="128.4528197"><ele>471.8</ele></trkpt>
      <trkpt lat="37.7335325" lon="128.4527443"><ele>473.9</ele></trkpt>
      <trkpt lat="37.7336002" lon="128.4526697"><ele>477.1</ele></trkpt>
      <trkpt lat="37.7336684" lon="128.4525957"><ele>478.1</ele></trkpt>
      <trkpt lat="37.7337377" lon="128.4525234"><ele>481.3</ele></trkpt>
      <trkpt lat="37.7338054" lon="128.4524488"><ele>484.3</ele></trkpt>
      <trkpt lat="37.7338742" lon="128.4523759"><ele>487.8</ele></trkpt>
      <trkpt lat="37.7339435" lon="128.4523036"><ele>491.7</ele></trkpt>
      <trkpt lat="37.7340127" lon="128.4522311"><ele>494.5</ele></trkpt>
      <trkpt lat="37.7340806" lon="128.4521568"><ele>496.6</ele></trkpt>
      <trkpt lat="37.7341507" lon="128.4520858"><ele>500.2</ele></trkpt>
      <trkpt lat="37.7342224" lon="128.4520174"><ele>501.4</ele></trkpt>
      <trkpt lat="37.7342936" lon="128.4519482"><ele>504.0</ele></trkpt>
      <trkpt lat="37.7343670" lon="128.4518826"><ele>507.5</ele></trkpt>
      <trkpt lat="37.7344400" lon="128.4518164"><ele>509.2</ele></trkpt>
      <trkpt lat="37.7345158" lon="128.4517555"><ele>512.6</ele></trkpt>
      <trkpt lat="37.7345916" lon="128.4516945"><ele>513.9</ele></trkpt>
      <trkpt lat="37.7346692" lon="128.4516373"><ele>515.7</ele></trkpt>
      <trkpt lat="37.7347492" lon="128.4515858"><ele>520.1</ele></trkpt>
      <trkpt lat="37.7348300" lon="128.4515360"><ele>522.1</ele></trkpt>
      <trkpt lat="37.7349111" lon="128.4514871"><ele>525.0</ele></trkpt>
      <trkpt lat="37.7349944" lon="128.4514448"><ele>526.7</ele></trkpt>
      <trkpt lat="37.7350790" lon="128.4514065"><ele>530.2</ele></trkpt>
      <trkpt lat="37.7351636" lon="128.4513685"><ele>532.3</ele></trkpt>
      <trkpt lat="37.7352489" lon="128.4513326"><ele>534.9</ele></trkpt>
      <trkpt lat="37.7353342" lon="128.4512973"><ele>536.7</ele></trkpt>
      <trkpt lat="37.7354195" lon="128.4512615"><ele>539.7</ele></trkpt>
      <trkpt lat="37.7355045" lon="128.4512249"><ele>542.5</ele></trkpt>
      <trkpt lat="37.7355901" lon="128.4511905"><ele>542.4</ele></trkpt>
      <trkpt lat="37.7356768" lon="128.4511607"><ele>543.8</ele></trkpt>
      <trkpt lat="37.7357638" lon="128.4511321"><ele>545.9</ele></trkpt>
      <trkpt lat="37.7358510" lon="128.4511052"><ele>546.3</ele></trkpt>
      <trkpt lat="37.7359385" lon="128.4510791"><ele>546.9</ele></trkpt>
      <trkpt lat="37.7360257" lon="128.4510520"><ele>547.7</ele></trkpt>
      <trkpt lat="37.7361120" lon="128.4510207"><ele>546.7</ele></trkpt>
      <trkpt lat="37.7361985" lon="128.4509896"><ele>547.5</ele></trkpt>
      <trkpt lat="37.7362848" lon="128.4509583"><ele>547.8</ele></trkpt>
      <trkpt lat="37.7363703" lon="128.4509234"><ele>549.0</ele></trkpt>
      <trkpt lat="37.7364561" lon="128.4508898"><ele>550.1</ele></trkpt>
      <trkpt lat="37.7365421" lon="128.4508571"><ele>549.6</ele></trkpt>
      <trkpt lat="37.7366278" lon="128.4508229"><ele>551.0</ele></trkpt>
      <trkpt lat="37.7367139" lon="128.4507904"><ele>549.4</ele></trkpt>
      <trkpt lat="37.7368008" lon="128.4507617"><ele>550.2</ele></trkpt>
      <trkpt lat="37.7368875" lon="128.4507321"><ele>551.1</ele></trkpt>
      <trkpt lat="37.7369749" lon="128.4507059"><ele>550.7</ele></trkpt>
      <trkpt lat="37.7370624" lon="128.4506799"><ele>549.6</ele></trkpt>
      <trkpt lat="37.7371507" lon="128.4506596"><ele>550.9</ele></trkpt>
      <trkpt lat="37.7372395" lon="128.4506424"><ele>551.5</ele></trkpt>
      <trkpt lat="37.7373282" lon="128.4506239"><ele>550.4</ele></trkpt>
      <trkpt lat="37.7374174" lon="128.4506111"><ele>552.4</ele></trkpt>
      <trkpt lat="37.7375070" lon="128.4506024"><ele>553.1</ele></trkpt>
      <trkpt lat="37.7375967" lon="128.4505974"><ele>552.2</ele></trkpt>
      <trkpt lat="37.7376864" lon="128.4505916"><ele>552.4</ele></trkpt>
      <trkpt lat="37.7377762" lon="128.4505887"><ele>552.7</ele></trkpt>
      <trkpt lat="37.7378661" lon="128.4505881"><ele>552.9</ele></trkpt>
      <trkpt lat="37.7379558" lon="128.4505926"><ele>553.7</ele></trkpt>
      <trkpt lat="37.7380456" lon="128.4505971"><ele>552.6</ele></trkpt>
      <trkpt lat="37.7381352" lon="128.4506052"><ele>552.3</ele></trkpt>
      <trkpt lat="37.7382247" lon="128.4506153"><ele>550.4</ele></trkpt>
      <trkpt lat="37.7383137" lon="128.4506304"><ele>550.2</ele></trkpt>
      <trkpt lat="37.7384026" lon="128.4506471"><ele>549.1</ele></trkpt>
      <trkpt lat="37.7384911" lon="128.4506660"><ele>547.9</ele></trkpt>
      <trkpt lat="37.7385799" lon="128.4506834"><ele>547.9</ele></trkpt>
      <trkpt lat="37.7386684" lon="128.4507026"><ele>545.8</ele></trkpt>
      <trkpt lat="37.7387563" lon="128.4507260"><ele>545.5</ele></trkpt>
      <trkpt lat="37.7388437" lon="128.4507523"><ele>545.3</ele></trkpt>
      <trkpt lat="37.7389306" lon="128.4507813"><ele>543.1</ele></trkpt>
      <trkpt lat="37.7390170" lon="128.4508123"><ele>542.9</ele></trkpt>
      <trkpt lat="37.7391038" lon="128.4508418"><ele>541.1</ele></trkpt>
      <trkpt lat="37.7391910" lon="128.4508688"><ele>540.1</ele></trkpt>
      <trkpt lat="37.7392778" lon="128.4508981"><ele>538.4</ele></trkpt>
      <trkpt lat="37.7393637" lon="128.4509315"><ele>538.3</ele></trkpt>
      <trkpt lat="37.7394496" lon="128.4509644"><ele>535.2</ele></trkpt>
      <trkpt lat="37.7395348" lon="128.4510005"><ele>534.6</ele></trkpt>
      <trkpt lat="37.7396202" lon="128.4510359"><ele>533.3</ele></trkpt>
      <trkpt lat="37.7397062" lon="128.4510684"><ele>533.4</ele></trkpt>
      <trkpt lat="37.7397929" lon="128.4510985"><ele>531.8</ele></trkpt>
      <trkpt lat="37.7398800" lon="128.4511260"><ele>531.4</ele></trkpt>
      <trkpt lat="37.7399664" lon="128.4511570"><ele>530.5</ele></trkpt>
      <trkpt lat="37.7400536" lon="128.4511845"><ele>529.1</ele></trkpt>
      <trkpt lat="37.7401406" lon="128.4512125"><ele>529.3</ele></trkpt>
      <trkpt lat="37.7402270" lon="128.4512436"><ele>529.2</ele></trkpt>
      <trkpt lat="37.7403128" lon="128.4512776"><ele>526.6</ele></trkpt>
      <trkpt lat="37.7403994" lon="128.4513077"><ele>526.9</ele></trkpt>
      <trkpt lat="37.7404870" lon="128.4513330"><ele>525.9</ele></trkpt>
      <trkpt lat="37.7405744" lon="128.4513591"><ele>523.2</ele></trkpt>
      <trkpt lat="37.7406612" lon="128.4513881"><ele>522.1</ele></trkpt>
      <trkpt lat="37.7407480" lon="128.4514178"><ele>521.7</ele></trkpt>
      <trkpt lat="37.7408343" lon="128.4514492"><ele>520.6</ele></trkpt>
      <trkpt lat="37.7409200" lon="128.4514832"><ele>518.2</ele></trkpt>
      <trkpt lat="37.7410066" lon="128.4515133"><ele>516.4</ele></trkpt>
      <trkpt lat="37.7410939" lon="128.4515401"><ele>515.0</ele></trkpt>
      <trkpt lat="37.7411819" lon="128.4515626"><ele>514.7</ele></trkpt>
      <trkpt lat="37.7412708" lon="128.4515794"><ele>514.0</ele></trkpt>
      <trkpt lat="37.7413600" lon="128.4515923"><ele>513.7</ele></trkpt>
      <trkpt lat="37.7414496" lon="128.4516013"><ele>511.4</ele></trkpt>
      <trkpt lat="37.7415391" lon="128.4516111"><ele>510.4</ele></trkpt>
      <trkpt lat="37.7416288" lon="128.4516164"><ele>510.3</ele></trkpt>
      <trkpt lat="37.7417186" lon="128.4516193"><ele>507.1</ele></trkpt>
      <trkpt lat="37.7418084" lon="128.4516191"><ele>507.4</ele></trkpt>
      <trkpt lat="37.7418981" lon="128.4516123"><ele>504.4</ele></trkpt>
      <trkpt lat="37.7419877" lon="128.4516046"><ele>503.6</ele></trkpt>
      <trkpt lat="37.7420770" lon="128.4515920"><ele>501.8</ele></trkpt>
      <trkpt lat="37.7421656" lon="128.4515732"><ele>501.3</ele></trkpt>
      <trkpt lat="37.7422540" lon="128.4515530"><ele>499.1</ele></trkpt>
      <trkpt lat="37.7423415" lon="128.4515273"><ele>497.0</ele></trkpt>
      <trkpt lat="37.7424290" lon="128.4515014"><ele>497.0</ele></trkpt>
      <trkpt lat="37.7425150" lon="128.4514687"><ele>495.2</ele></trkpt>
      <trkpt lat="37.7425998" lon="128.4514311"><ele>495.8</ele></trkpt>
      <trkpt lat="37.7426833" lon="128.4513892"><ele>494.3</ele></trkpt>
      <trkpt lat="37.7427668" lon="128.4513474"><ele>493.2</ele></trkpt>
      <trkpt lat="37.7428495" lon="128.4513030"><ele>493.8</ele></trkpt>
      <trkpt lat="37.7429321" lon="128.4512584"><ele>492.4</ele></trkpt>
      <trkpt lat="37.7430144" lon="128.4512131"><ele>490.9</ele></trkpt>
      <trkpt lat="37.7430949" lon="128.4511625"><ele>489.8</ele></trkpt>
      <trkpt lat="37.7431757" lon="128.4511129"><ele>488.9</ele></trkpt>
      <trkpt lat="37.7432542" lon="128.4510577"><ele>487.5</ele></trkpt>
      <trkpt lat="37.7433324" lon="128.4510018"><ele>484.7</ele></trkpt>
      <trkpt lat="37.7434099" lon="128.4509444"><ele>485.1</ele></trkpt>
      <trkpt lat="37.7434859" lon="128.4508839"><ele>482.9</ele></trkpt>
      <trkpt lat="37.7435597" lon="128.4508192"><ele>481.9</ele></trkpt>
      <trkpt lat="37.7436322" lon="128.4507521"><ele>481.3</ele></trkpt>
      <trkpt lat="37.7437023" lon="128.4506811"><ele>482.4</ele></trkpt>
      <trkpt lat="37.7437705" lon="128.4506071"><ele>481.3</ele></trkpt>
      <trkpt lat="37.7438367" lon="128.4505303"><ele>479.5</ele></trkpt>
      <trkpt lat="37.7439024" lon="128.4504529"><ele>478.0</ele></trkpt>
      <trkpt lat="37.7439681" lon="128.4503755"><ele>478.5</ele></trkpt>
      <trkpt lat="37.7440322" lon="128.4502960"><ele>476.3</ele></trkpt>
      <trkpt lat="37.7440939" lon="128.4502134"><ele>475.2</ele></trkpt>
      <trkpt lat="37.7441534" lon="128.4501283"><ele>472.2</ele></trkpt>
      <trkpt lat="37.7442104" lon="128.4500405"><ele>471.2</ele></trkpt>
      <trkpt lat="37.7442668" lon="128.4499521"><ele>469.3</ele></trkpt>
      <trkpt lat="37.7443215" lon="128.4498621"><ele>469.2</ele></trkpt>
      <trkpt lat="37.7443737" lon="128.4497697"><ele>467.9</ele></trkpt>
      <trkpt lat="37.7444221" lon="128.4496739"><ele>466.0</ele></trkpt>
      <trkpt lat="37.7444680" lon="128.4495763"><ele>465.4</ele></trkpt>
      <trkpt lat="37.7445155" lon="128.4494799"><ele>463.3</ele></trkpt>
      <trkpt lat="37.7445615" lon="128.4493824"><ele>462.3</ele></trkpt>
      <trkpt lat="37.7446034" lon="128.4492819"><ele>461.0</ele></trkpt>
      <trkpt lat="37.7446448" lon="128.4491812"><ele>461.6</ele></trkpt>
      <trkpt lat="37.7446872" lon="128.4490811"><ele>460.7</ele></trkpt>
      <trkpt lat="37.7447259" lon="128.4489786"><ele>458.0</ele></trkpt>
      <trkpt lat="37.7447654" lon="128.4488765"><ele>457.8</ele></trkpt>
      <trkpt lat="37.7448052" lon="128.4487748"><ele>454.7</ele></trkpt>
      <trkpt lat="37.7448427" lon="128.4486716"><ele>454.7</ele></trkpt>
      <trkpt lat="37.7448790" lon="128.4485677"><ele>452.7</ele></trkpt>
      <trkpt lat="37.7449133" lon="128.4484627"><ele>452.4</ele></trkpt>
      <trkpt lat="37.7449483" lon="128.4483581"><ele>449.6</ele></trkpt>
      <trkpt lat="37.7449801" lon="128.4482519"><ele>449.9</ele></trkpt>
      <trkpt lat="37.7450101" lon="128.4481449"><ele>448.4</ele></trkpt>
      <trkpt lat="37.7450364" lon="128.4480363"><ele>447.1</ele></trkpt>
      <trkpt lat="37.7450591" lon="128.4479264"><ele>446.5</ele></trkpt>
      <trkpt lat="37.7450792" lon="128.4478157"><ele>447.3</ele></trkpt>
      <trkpt lat="37.7450955" lon="128.4477040"><ele>445.1</ele></trkpt>
      <trkpt lat="37.7451100" lon="128.4475919"><ele>445.2</ele></trkpt>
      <trkpt lat="37.7451223" lon="128.4474795"><ele>444.8</ele></trkpt>
      <trkpt lat="37.7451347" lon="128.4473670"><ele>442.0</ele></trkpt>
      <trkpt lat="37.7451486" lon="128.4472548"><ele>440.4</ele></trkpt>
      <trkpt lat="37.7451623" lon="128.4471425"><ele>439.6</ele></trkpt>
      <trkpt lat="37.7451747" lon="128.4470301"><ele>439.3</ele></trkpt>
      <trkpt lat="37.7451884" lon="128.4469178"><ele>438.4</ele></trkpt>
      <trkpt lat="37.7451994" lon="128.4468051"><ele>435.7</ele></trkpt>
      <trkpt lat="37.7452093" lon="128.4466922"><ele>435.7</ele></trkpt>
      <trkpt lat="37.7452197" lon="128.4465794"><ele>434.1</ele></trkpt>
      <trkpt lat="37.7452304" lon="128.4464667"><ele>432.8</ele></trkpt>
      <trkpt lat="37.7452422" lon="128.4463541"><ele>432.7</ele></trkpt>
      <trkpt lat="37.7452549" lon="128.4462417"><ele>431.2</ele></trkpt>
      <trkpt lat="37.7452621" lon="128.4461285"><ele>430.9</ele></trkpt>
      <trkpt lat="37.7452689" lon="128.4460152"><ele>430.2</ele></trkpt>
      <trkpt lat="37.7452696" lon="128.4459017"><ele>428.8</ele></trkpt>
      <trkpt lat="37.7452672" lon="128.4457882"><ele>427.3</ele></trkpt>
      <trkpt lat="37.7452636" lon="128.4456747"><ele>425.4</ele></trkpt>
      <trkpt lat="37.7452574" lon="128.4455614"><ele>423.7</ele></trkpt>
      <trkpt lat="37.7452489" lon="128.4454483"><ele>422.0</ele></trkpt>
      <trkpt lat="37.7452354" lon="128.4453361"><ele>421.4</ele></trkpt>
      <trkpt lat="37.7452215" lon="128.4452239"><ele>418.7</ele></trkpt>
      <trkpt lat="37.7452073" lon="128.4451117"><ele>418.7</ele></trkpt>
      <trkpt lat="37.7451888" lon="128.4450006"><ele>417.5</ele></trkpt>
      <trkpt lat="37.7451667" lon="128.4448905"><ele>415.9</ele></trkpt>
      <trkpt lat="37.7451392" lon="128.4447824"><ele>414.9</ele></trkpt>
      <trkpt lat="37.7451116" lon="128.4446743"><ele>414.6</ele></trkpt>
      <trkpt lat="37.7450814" lon="128.4445673"><ele>413.6</ele></trkpt>
      <trkpt lat="37.7450493" lon="128.4444613"><ele>412.7</ele></trkpt>
      <trkpt lat="37.7450148" lon="128.4443565"><ele>411.0</ele></trkpt>
      <trkpt lat="37.7449800" lon="128.4442518"><ele>410.2</ele></trkpt>
      <trkpt lat="37.7449423" lon="128.4441486"><ele>407.3</ele></trkpt>
      <trkpt lat="37.7449047" lon="128.4440455"><ele>406.3</ele></trkpt>
      <trkpt lat="37.7448670" lon="128.4439424"><ele>404.9</ele></trkpt>
      <trkpt lat="37.7448287" lon="128.4438397"><ele>404.6</ele></trkpt>
      <trkpt lat="37.7447893" lon="128.4437377"><ele>404.0</ele></trkpt>
      <trkpt lat="37.7447480" lon="128.4436368"><ele>402.8</ele></trkpt>
      <trkpt lat="37.7447039" lon="128.4435379"><ele>401.3</ele></trkpt>
      <trkpt lat="37.7446553" lon="128.4434423"><ele>400.8</ele></trkpt>
      <trkpt lat="37.7446023" lon="128.4433507"><ele>399.8</ele></trkpt>
      <trkpt lat="37.7445477" lon="128.4432605"><ele>399.2</ele></trkpt>
      <trkpt lat="37.7444884" lon="128.4431751"><ele>399.0</ele></trkpt>
      <trkpt lat="37.7444237" lon="128.4430964"><ele>398.1</ele></trkpt>
      <trkpt lat="37.7443545" lon="128.4430240"><ele>397.0</ele></trkpt>
      <trkpt lat="37.7442815" lon="128.4429578"><ele>394.9</ele></trkpt>
      <trkpt lat="37.7442065" lon="128.4428954"><ele>395.1</ele></trkpt>
      <trkpt lat="37.7441280" lon="128.4428402"><ele>392.4</ele></trkpt>
      <trkpt lat="37.7440465" lon="128.4427923"><ele>392.1</ele></trkpt>
      <trkpt lat="37.7439629" lon="128.4427507"><ele>390.8</ele></trkpt>
      <trkpt lat="37.7438769" lon="128.4427180"><ele>387.9</ele></trkpt>
      <trkpt lat="37.7437902" lon="128.4426882"><ele>388.2</ele></trkpt>
      <trkpt lat="37.7437021" lon="128.4426660"><ele>385.6</ele></trkpt>
      <trkpt lat="37.7436136" lon="128.4426467"><ele>384.2</ele></trkpt>
      <trkpt lat="37.7435243" lon="128.4426338"><ele>384.1</ele></trkpt>
      <trkpt lat="37.7434348" lon="128.4426245"><ele>382.2</ele></trkpt>
      <trkpt lat="37.7433451" lon="128.4426188"><ele>382.2</ele></trkpt>
      <trkpt lat="37.7432553" lon="128.4426191"><ele>381.4</ele></trkpt>
      <trkpt lat="37.7431655" lon="128.4426247"><ele>380.1</ele></trkpt>
      <trkpt lat="37.7430759" lon="128.4426322"><ele>378.5</ele></trkpt>
      <trkpt lat="37.7429864" lon="128.4426418"><ele>377.6</ele></trkpt>
      <trkpt lat="37.7428968" lon="128.4426508"><ele>375.6</ele></trkpt>
      <trkpt lat="37.7428075" lon="128.4426624"><ele>373.8</ele></trkpt>
      <trkpt lat="37.7427180" lon="128.4426726"><ele>373.3</ele></trkpt>
      <trkpt lat="37.7426283" lon="128.4426789"><ele>371.9</ele></trkpt>
      <trkpt lat="37.7425385" lon="128.4426828"><ele>368.8</ele></trkpt>
      <trkpt lat="37.7424488" lon="128.4426865"><ele>367.4</ele></trkpt>
      <trkpt lat="37.7423590" lon="128.4426897"><ele>366.8</ele></trkpt>
      <trkpt lat="37.7422691" lon="128.4426917"><ele>366.0</ele></trkpt>
      <trkpt lat="37.7421793" lon="128.4426930"><ele>366.2</ele></trkpt>
      <trkpt lat="37.7420895" lon="128.4426901"><ele>363.9</ele></trkpt>
      <trkpt lat="37.7419997" lon="128.4426893"><ele>363.9</ele></trkpt>
      <trkpt lat="37.7419099" lon="128.4426896"><ele>363.5</ele></trkpt>
      <trkpt lat="37.7418201" lon="128.4426926"><ele>362.4</ele></trkpt>
      <trkpt lat="37.7417303" lon="128.4426965"><ele>362.2</ele></trkpt>
      <trkpt lat="37.7416405" lon="128.4426997"><ele>359.5</ele></trkpt>
      <trkpt lat="37.7415507" lon="128.4427050"><ele>359.4</ele></trkpt>
      <trkpt lat="37.7414610" lon="128.4427087"><ele>358.2</ele></trkpt>
      <trkpt lat="37.7413712" lon="128.4427109"><ele>356.0</ele></trkpt>
      <trkpt lat="37.7412813" lon="128.4427108"><ele>355.9</ele></trkpt>
      <trkpt lat="37.7411915" lon="128.4427136"><ele>354.4</ele></trkpt>
      <trkpt lat="37.7411017" lon="128.4427137"><ele>353.6</ele></trkpt>
      <trkpt lat="37.7410119" lon="128.4427174"><ele>351.8</ele></trkpt>
      <trkpt lat="37.7409222" lon="128.4427237"><ele>351.4</ele></trkpt>
      <trkpt lat="37.7408325" lon="128.4427285"><ele>350.4</ele></trkpt>
      <trkpt lat="37.7407427" lon="128.4427342"><ele>350.6</ele></trkpt>
      <trkpt lat="37.7406531" lon="128.4427413"><ele>349.0</ele></trkpt>
      <trkpt lat="37.7405636" lon="128.4427506"><ele>347.2</ele></trkpt>
      <trkpt lat="37.7404744" lon="128.4427646"><ele>346.4</ele></trkpt>
      <trkpt lat="37.7403853" lon="128.4427795"><ele>345.6</ele></trkpt>
      <trkpt lat="37.7402965" lon="128.4427960"><ele>344.4</ele></trkpt>
      <trkpt lat="37.7402076" lon="128.4428125"><ele>343.6</ele></trkpt>
      <trkpt lat="37.7401185" lon="128.4428272"><ele>340.7</ele></trkpt>
      <trkpt lat="37.7400297" lon="128.4428441"><ele>339.3</ele></trkpt>
      <trkpt lat="37.7399404" lon="128.4428561"><ele>337.7</ele></trkpt>
      <trkpt lat="37.7398511" lon="128.4428690"><ele>335.4</ele></trkpt>
      <trkpt lat="37.7397617" lon="128.4428801"><ele>336.1</ele></trkpt>
      <trkpt lat="37.7396722" lon="128.4428896"><ele>333.3</ele></trkpt>
      <trkpt lat="37.7395825" lon="128.4428958"><ele>333.2</ele></trkpt>
      <trkpt lat="37.7394929" lon="128.4429039"><ele>331.7</ele></trkpt>
      <trkpt lat="37.7394033" lon="128.4429122"><ele>330.2</ele></trkpt>
      <trkpt lat="37.7393137" lon="128.4429201"><ele>330.2</ele></trkpt>
      <trkpt lat="37.7392239" lon="128.4429248"><ele>328.9</ele></trkpt>
      <trkpt lat="37.7391342" lon="128.4429287"><ele>327.8</ele></trkpt>
      <trkpt lat="37.7390446" lon="128.4429367"><ele>326.3</ele></trkpt>
      <trkpt lat="37.7389551" lon="128.4429466"><ele>324.6</ele></trkpt>
      <trkpt lat="37.7388655" lon="128.4429551"><ele>322.7</ele></trkpt>
      <trkpt lat="37.7387758" lon="128.4429609"><ele>322.6</ele></trkpt>
      <trkpt lat="37.7386862" lon="128.4429694"><ele>321.3</ele></trkpt>
      <trkpt lat="37.7385965" lon="128.4429753"><ele>320.0</ele></trkpt>
      <trkpt lat="37.7385068" lon="128.4429825"><ele>318.2</ele></trkpt>
      <trkpt lat="37.7384171" lon="128.4429871"><ele>318.7</ele></trkpt>
      <trkpt lat="37.7383272" lon="128.4429871"><ele>317.5</ele></trkpt>
      <trkpt lat="37.7382375" lon="128.4429824"><ele>315.4</ele></trkpt>
      <trkpt lat="37.7381479" lon="128.4429741"><ele>314.6</ele></trkpt>
      <trkpt lat="37.7380584" lon="128.4429639"><ele>314.3</ele></trkpt>
      <trkpt lat="37.7379691" lon="128.4429516"><ele>313.9</ele></trkpt>
      <trkpt lat="37.7378803" lon="128.4429346"><ele>312.4</ele></trkpt>
      <trkpt lat="37.7377925" lon="128.4429108"><ele>312.2</ele></trkpt>
      <trkpt lat="37.7377064" lon="128.4428784"><ele>311.3</ele></trkpt>
      <trkpt lat="37.7376216" lon="128.4428407"><ele>310.0</ele></trkpt>
      <trkpt lat="37.7375370" lon="128.4428025"><ele>309.2</ele></trkpt>
      <trkpt lat="37.7374529" lon="128.4427628"><ele>307.6</ele></trkpt>
      <trkpt lat="37.7373694" lon="128.4427209"><ele>306.3</ele></trkpt>
      <trkpt lat="37.7372871" lon="128.4426754"><ele>303.4</ele></trkpt>
      <trkpt lat="37.7372062" lon="128.4426259"><ele>304.0</ele></trkpt>
      <trkpt lat="37.7371277" lon="128.4425708"><ele>301.8</ele></trkpt>
      <trkpt lat="37.7370508" lon="128.4425120"><ele>301.1</ele></trkpt>
      <trkpt lat="37.7369754" lon="128.4424504"><ele>300.8</ele></trkpt>
      <trkpt lat="37.7369025" lon="128.4423839"><ele>300.4</ele></trkpt>
      <trkpt lat="37.7368330" lon="128.4423121"><ele>298.7</ele></trkpt>
      <trkpt lat="37.7367669" lon="128.4422351"><ele>296.5</ele></trkpt>
      <trkpt lat="37.7367016" lon="128.4421571"><ele>295.6</ele></trkpt>
      <trkpt lat="37.7366383" lon="128.4420765"><ele>295.2</ele></trkpt>
      <trkpt lat="37.7365784" lon="128.4419919"><ele>292.7</ele></trkpt>
      <trkpt lat="37.7365191" lon="128.4419065"><ele>290.4</ele></trkpt>
      <trkpt lat="37.7364616" lon="128.4418193"><ele>288.8</ele></trkpt>
      <trkpt lat="37.7364056" lon="128.4417306"><ele>288.6</ele></trkpt>
      <trkpt lat="37.7363525" lon="128.4416389"><ele>285.6</ele></trkpt>
      <trkpt lat="37.7363035" lon="128.4415438"><ele>286.0</ele></trkpt>
      <trkpt lat="37.7362572" lon="128.4414464"><ele>284.6</ele></trkpt>
      <trkpt lat="37.7362126" lon="128.4413479"><ele>283.5</ele></trkpt>
      <trkpt lat="37.7361692" lon="128.4412484"><ele>282.6</ele></trkpt>
      <trkpt lat="37.7361288" lon="128.4411470"><ele>282.1</ele></trkpt>
      <trkpt lat="37.7360901" lon="128.4410445"><ele>280.0</ele></trkpt>
      <trkpt lat="37.7360530" lon="128.4409411"><ele>279.8</ele></trkpt>
      <trkpt lat="37.7360199" lon="128.4408355"><ele>279.5</ele></trkpt>
      <trkpt lat="37.7359912" lon="128.4407279"><ele>278.4</ele></trkpt>
      <trkpt lat="37.7359658" lon="128.4406189"><ele>276.7</ele></trkpt>
      <trkpt lat="37.7359478" lon="128.4405077"><ele>275.1</ele></trkpt>
      <trkpt lat="37.7359336" lon="128.4403956"><ele>274.6</ele></trkpt>
      <trkpt lat="37.7359212" lon="128.4402831"><ele>272.4</ele></trkpt>
      <trkpt lat="37.7359100" lon="128.4401704"><ele>271.4</ele></trkpt>
      <trkpt lat="37.7358997" lon="128.4400576"><ele>271.5</ele></trkpt>
      <trkpt lat="37.7358931" lon="128.4399443"><ele>269.4</ele></trkpt>
      <trkpt lat="37.7358870" lon="128.4398310"><ele>269.5</ele></trkpt>
      <trkpt lat="37.7358818" lon="128.4397177"><ele>267.7</ele></trkpt>
      <trkpt lat="37.7358763" lon="128.4396043"><ele>268.4</ele></trkpt>
      <trkpt lat="37.7358704" lon="128.4394910"><ele>266.8</ele></trkpt>
      <trkpt lat="37.7358650" lon="128.4393776"><ele>265.9</ele></trkpt>
      <trkpt lat="37.7358581" lon="128.4392644"><ele>266.2</ele></trkpt>
      <trkpt lat="37.7358526" lon="128.4391510"><ele>264.6</ele></trkpt>
      <trkpt lat="37.7358448" lon="128.4390379"><ele>263.6</ele></trkpt>
      <trkpt lat="37.7358377" lon="128.4389247"><ele>264.4</ele></trkpt>
      <trkpt lat="37.7358320" lon="128.4388114"><ele>263.4</ele></trkpt>
      <trkpt lat="37.7358286" lon="128.4386979"><ele>262.8</ele></trkpt>
      <trkpt lat="37.7358243" lon="128.4385844"><ele>262.4</ele></trkpt>
      <trkpt lat="37.7358197" lon="128.4384710"><ele>263.3</ele></trkpt>
      <trkpt lat="37.7358144" lon="128.4383577"><ele>263.1</ele></trkpt>
      <trkpt lat="37.7358079" lon="128.4382444"><ele>262.3</ele></trkpt>
      <trkpt lat="37.7357981" lon="128.4381315"><ele>262.7</ele></trkpt>
      <trkpt lat="37.7357870" lon="128.4380188"><ele>262.3</ele></trkpt>
      <trkpt lat="37.7357756" lon="128.4379062"><ele>261.8</ele></trkpt>
      <trkpt lat="37.7357637" lon="128.4377936"><ele>263.1</ele></trkpt>
      <trkpt lat="37.7357479" lon="128.4376818"><ele>261.8</ele></trkpt>
      <trkpt lat="37.7357329" lon="128.4375698"><ele>262.4</ele></trkpt>
      <trkpt lat="37.7357143" lon="128.4374587"><ele>261.7</ele></trkpt>
      <trkpt lat="37.7356952" lon="128.4373477"><ele>261.7</ele></trkpt>
      <trkpt lat="37.7356771" lon="128.4372365"><ele>262.1</ele></trkpt>
      <trkpt lat="37.7356583" lon="128.4371255"><ele>260.9</ele></trkpt>
      <trkpt lat="37.7356415" lon="128.4370139"><ele>261.3</ele></trkpt>
      <trkpt lat="37.7356247" lon="128.4369024"><ele>260.6</ele></trkpt>
      <trkpt lat="37.7356073" lon="128.4367909"><ele>260.7</ele></trkpt>
      <trkpt lat="37.7355927" lon="128.4366789"><ele>260.9</ele></trkpt>
      <trkpt lat="37.7355797" lon="128.4365665"><ele>262.8</ele></trkpt>
      <trkpt lat="37.7355660" lon="128.4364543"><ele>261.8</ele></trkpt>
      <trkpt lat="37.7355495" lon="128.4363426"><ele>262.2</ele></trkpt>
      <trkpt lat="37.7355344" lon="128.4362307"><ele>262.4</ele></trkpt>
      <trkpt lat="37.7355217" lon="128.4361183"><ele>262.8</ele></trkpt>
      <trkpt lat="37.7355130" lon="128.4360052"><ele>263.2</ele></trkpt>
      <trkpt lat="37.7355058" lon="128.4358920"><ele>264.2</ele></trkpt>
      <trkpt lat="37.7354990" lon="128.4357788"><ele>264.3</ele></trkpt>
      <trkpt lat="37.7354930" lon="128.4356655"><ele>264.0</ele></trkpt>
      <trkpt lat="37.7354853" lon="128.4355523"><ele>263.6</ele></trkpt>
      <trkpt lat="37.7354778" lon="128.4354392"><ele>264.4</ele></trkpt>
      <trkpt lat="37.7354698" lon="128.4353260"><ele>264.1</ele></trkpt>
      <trkpt lat="37.7354609" lon="128.4352130"><ele>264.4</ele></trkpt>
      <trkpt lat="37.7354519" lon="128.4351000"><ele>263.8</ele></trkpt>
      <trkpt lat="37.7354448" lon="128.4349868"><ele>265.0</ele></trkpt>
      <trkpt lat="37.7354411" lon="128.4348734"><ele>265.4</ele></trkpt>
      <trkpt lat="37.7354413" lon="128.4347598"><ele>265.5</ele></trkpt>
      <trkpt lat="37.7354434" lon="128.4346463"><ele>266.5</ele></trkpt>
      <trkpt lat="37.7354465" lon="128.4345328"><ele>265.4</ele></trkpt>
      <trkpt lat="37.7354472" lon="128.4344192"><ele>265.7</ele></trkpt>
      <trkpt lat="37.7354454" lon="128.4343057"><ele>265.7</ele></trkpt>
      <trkpt lat="37.7354428" lon="128.4341921"><ele>264.5</ele></trkpt>
      <trkpt lat="37.7354439" lon="128.4340786"><ele>265.1</ele></trkpt>
      <trkpt lat="37.7354470" lon="128.4339651"><ele>264.4</ele></trkpt>
      <trkpt lat="37.7354536" lon="128.4338518"><ele>263.3</ele></trkpt>
      <trkpt lat="37.7354635" lon="128.4337390"><ele>263.2</ele></trkpt>
      <trkpt lat="37.7354757" lon="128.4336265"><ele>263.6</ele></trkpt>
      <trkpt lat="37.7354896" lon="128.4335143"><ele>264.5</ele></trkpt>
      <trkpt lat="37.7355033" lon="128.4334020"><ele>262.7</ele></trkpt>
      <trkpt lat="37.7355196" lon="128.4332903"><ele>264.6</ele></trkpt>
      <trkpt lat="37.7355351" lon="128.4331785"><ele>263.4</ele></trkpt>
      <trkpt lat="37.7355491" lon="128.4330663"><ele>264.5</ele></trkpt>
      <trkpt lat="37.7355631" lon="128.4329541"><ele>263.5</ele></trkpt>
      <trkpt lat="37.7355776" lon="128.4328420"><ele>264.9</ele></trkpt>
      <trkpt lat="37.7355900" lon="128.4327296"><ele>265.4</ele></trkpt>
      <trkpt lat="37.7355977" lon="128.4326164"><ele>263.7</ele></trkpt>
      <trkpt lat="37.7356000" lon="128.4325029"><ele>265.6</ele></trkpt>
      <trkpt lat="37.7355989" lon="128.4323893"><ele>263.6</ele></trkpt>
      <trkpt lat="37.7355946" lon="128.4322759"><ele>264.3</ele></trkpt>
      <trkpt lat="37.7355871" lon="128.4321627"><ele>264.8</ele></trkpt>
      <trkpt lat="37.7355789" lon="128.4320496"><ele>264.3</ele></trkpt>
      <trkpt lat="37.7355694" lon="128.4319367"><ele>265.4</ele></trkpt>
      <trkpt lat="37.7355564" lon="128.4318243"><ele>264.8</ele></trkpt>
      <trkpt lat="37.7355437" lon="128.4317119"><ele>264.0</ele></trkpt>
      <trkpt lat="37.7355309" lon="128.4315995"><ele>266.2</ele></trkpt>
      <trkpt lat="37.7355172" lon="128.4314873"><ele>266.0</ele></trkpt>
      <trkpt lat="37.7355009" lon="128.4313756"><ele>267.3</ele></trkpt>
      <trkpt lat="37.7354877" lon="128.4312633"><ele>267.0</ele></trkpt>
      <trkpt lat="37.7354732" lon="128.4311512"><ele>268.4</ele></trkpt>
      <trkpt lat="37.7354608" lon="128.4310387"><ele>268.4</ele></trkpt>
      <trkpt lat="37.7354477" lon="128.4309264"><ele>267.0</ele></trkpt>
      <trkpt lat="37.7354384" lon="128.4308134"><ele>266.7</ele></trkpt>
      <trkpt lat="37.7354277" lon="128.4307006"><ele>267.0</ele></trkpt>
      <trkpt lat="37.7354187" lon="128.4305876"><ele>267.2</ele></trkpt>
      <trkpt lat="37.7354136" lon="128.4304743"><ele>265.6</ele></trkpt>
      <trkpt lat="37.7354074" lon="128.4303610"><ele>267.2</ele></trkpt>
      <trkpt lat="37.7354008" lon="128.4302477"><ele>267.5</ele></trkpt>
      <trkpt lat="37.7353978" lon="128.4301342"><ele>266.1</ele></trkpt>
      <trkpt lat="37.7353936" lon="128.4300208"><ele>265.9</ele></trkpt>
      <trkpt lat="37.7353885" lon="128.4299074"><ele>265.9</ele></trkpt>
      <trkpt lat="37.7353841" lon="128.4297940"><ele>267.0</ele></trkpt>
      <trkpt lat="37.7353811" lon="128.4296805"><ele>266.7</ele></trkpt>
      <trkpt lat="37.7353805" lon="128.4295669"><ele>266.6</ele></trkpt>
      <trkpt lat="37.7353814" lon="128.4294533"><ele>267.0</ele></trkpt>
      <trkpt lat="37.7353801" lon="128.4293398"><ele>267.2</ele></trkpt>
      <trkpt lat="37.7353813" lon="128.4292262"><ele>266.9</ele></trkpt>
      <trkpt lat="37.7353841" lon="128.4291127"><ele>266.1</ele></trkpt>
      <trkpt lat="37.7353877" lon="128.4289992"><ele>264.8</ele></trkpt>
      <trkpt lat="37.7353946" lon="128.4288860"><ele>264.6</ele></trkpt>
      <trkpt lat="37.7354043" lon="128.4287731"><ele>266.2</ele></trkpt>
      <trkpt lat="37.7354172" lon="128.4286607"><ele>265.4</ele></trkpt>
      <trkpt lat="37.7354292" lon="128.4285482"><ele>264.2</ele></trkpt>
      <trkpt lat="37.7354452" lon="128.4284364"><ele>264.6</ele></trkpt>
      <trkpt lat="37.7354639" lon="128.4283253"><ele>265.4</ele></trkpt>
      <trkpt lat="37.7354843" lon="128.4282147"><ele>265.7</ele></trkpt>
      <trkpt lat="37.7355021" lon="128.4281034"><ele>266.9</ele></trkpt>
      <trkpt lat="37.7355184" lon="128.4279918"><ele>268.0</ele></trkpt>
      <trkpt lat="37.7355377" lon="128.4278809"><ele>267.0</ele></trkpt>
      <trkpt lat="37.7355571" lon="128.4277700"><ele>267.7</ele></trkpt>
      <trkpt lat="37.7355754" lon="128.4276588"><ele>266.7</ele></trkpt>
      <trkpt lat="37.7355950" lon="128.4275480"><ele>267.7</ele></trkpt>
      <trkpt lat="37.7356158" lon="128.4274375"><ele>267.0</ele></trkpt>
      <trkpt lat="37.7356402" lon="128.4273282"><ele>266.8</ele></trkpt>
      <trkpt lat="37.7356672" lon="128.4272199"><ele>267.9</ele></trkpt>
      <trkpt lat="37.7356952" lon="128.4271119"><ele>267.5</ele></trkpt>
      <trkpt lat="37.7357232" lon="128.4270041"><ele>268.3</ele></trkpt>
      <trkpt lat="37.7357525" lon="128.4268967"><ele>269.1</ele></trkpt>
      <trkpt lat="37.7357845" lon="128.4267906"><ele>268.9</ele></trkpt>
      <trkpt lat="37.7358197" lon="128.4266861"><ele>269.8</ele></trkpt>
      <trkpt lat="37.7358550" lon="128.4265817"><ele>270.2</ele></trkpt>
      <trkpt lat="37.7358881" lon="128.4264761"><ele>269.8</ele></trkpt>
      <trkpt lat="37.7359219" lon="128.4263709"><ele>270.1</ele></trkpt>
      <trkpt lat="37.7359553" lon="128.4262654"><ele>270.6</ele></trkpt>
      <trkpt lat="37.7359883" lon="128.4261598"><ele>269.2</ele></trkpt>
      <trkpt lat="37.7360231" lon="128.4260551"><ele>268.8</ele></trkpt>
      <trkpt lat="37.7360559" lon="128.4259494"><ele>268.1</ele></trkpt>
      <trkpt lat="37.7360915" lon="128.4258452"><ele>269.7</ele></trkpt>
      <trkpt lat="37.7361253" lon="128.4257399"><ele>268.0</ele></trkpt>
      <trkpt lat="37.7361617" lon="128.4256361"><ele>268.4</ele></trkpt>
      <trkpt lat="37.7361998" lon="128.4255333"><ele>268.7</ele></trkpt>
      <trkpt lat="37.7362399" lon="128.4254316"><ele>267.2</ele></trkpt>
      <trkpt lat="37.7362785" lon="128.4253291"><ele>267.7</ele></trkpt>
      <trkpt lat="37.7363189" lon="128.4252277"><ele>267.4</ele></trkpt>
      <trkpt lat="37.7363576" lon="128.4251252"><ele>267.8</ele></trkpt>
      <trkpt lat="37.7363965" lon="128.4250228"><ele>268.1</ele></trkpt>
      <trkpt lat="37.7364349" lon="128.4249201"><ele>267.5</ele></trkpt>
      <trkpt lat="37.7364727" lon="128.4248171"><ele>268.5</ele></trkpt>
      <trkpt lat="37.7365127" lon="128.4247155"><ele>269.2</ele></trkpt>
      <trkpt lat="37.7365552" lon="128.4246154"><ele>267.7</ele></trkpt>
      <trkpt lat="37.7365972" lon="128.4245150"><ele>267.5</ele></trkpt>
      <trkpt lat="37.7366417" lon="128.4244163"><ele>267.5</ele></trkpt>
      <trkpt lat="37.7366866" lon="128.4243180"><ele>267.6</ele></trkpt>
      <trkpt lat="37.7367313" lon="128.4242194"><ele>268.3</ele></trkpt>
      <trkpt lat="37.7367794" lon="128.4241236"><ele>267.7</ele></trkpt>
      <trkpt lat="37.7368251" lon="128.4240258"><ele>268.0</ele></trkpt>
      <trkpt lat="37.7368690" lon="128.4239267"><ele>269.1</ele></trkpt>
      <trkpt lat="37.7369116" lon="128.4238267"><ele>268.2</ele></trkpt>
      <trkpt lat="37.7369549" lon="128.4237272"><ele>268.8</ele></trkpt>
      <trkpt lat="37.7369983" lon="128.4236278"><ele>270.4</ele></trkpt>
      <trkpt lat="37.7370397" lon="128.4235270"><ele>271.0</ele></trkpt>
      <trkpt lat="37.7370818" lon="128.4234267"><ele>269.8</ele></trkpt>
      <trkpt lat="37.7371230" lon="128.4233258"><ele>270.7</ele></trkpt>
      <trkpt lat="37.7371643" lon="128.4232249"><ele>271.4</ele></trkpt>
      <trkpt lat="37.7372037" lon="128.4231229"><ele>270.1</ele></trkpt>
      <trkpt lat="37.7372443" lon="128.4230216"><ele>271.7</ele></trkpt>
      <trkpt lat="37.7372863" lon="128.4229212"><ele>269.7</ele></trkpt>
      <trkpt lat="37.7373287" lon="128.4228211"><ele>270.1</ele></trkpt>
      <trkpt lat="37.7373690" lon="128.4227195"><ele>270.6</ele></trkpt>
      <trkpt lat="37.7374087" lon="128.4226177"><ele>271.2</ele></trkpt>
      <trkpt lat="37.7374486" lon="128.4225159"><ele>273.4</ele></trkpt>
      <trkpt lat="37.7374872" lon="128.4224134"><ele>273.2</ele></trkpt>
      <trkpt lat="37.7375238" lon="128.4223097"><ele>276.2</ele></trkpt>
      <trkpt lat="37.7375610" lon="128.4222063"><ele>276.8</ele></trkpt>
      <trkpt lat="37.7375992" lon="128.4221035"><ele>278.9</ele></trkpt>
      <trkpt lat="37.7376396" lon="128.4220021"><ele>278.3</ele></trkpt>
      <trkpt lat="37.7376809" lon="128.4219012"><ele>279.3</ele></trkpt>
      <trkpt lat="37.7377233" lon="128.4218011"><ele>281.9</ele></trkpt>
      <trkpt lat="37.7377645" lon="128.4217002"><ele>282.1</ele></trkpt>
      <trkpt lat="37.7378044" lon="128.4215985"><ele>283.3</ele></trkpt>
      <trkpt lat="37.7378426" lon="128.4214956"><ele>282.7</ele></trkpt>
      <trkpt lat="37.7378822" lon="128.4213937"><ele>285.0</ele></trkpt>
      <trkpt lat="37.7379191" lon="128.4212902"><ele>284.0</ele></trkpt>
      <trkpt lat="37.7379570" lon="128.4211872"><ele>284.9</ele></trkpt>
      <trkpt lat="37.7379945" lon="128.4210840"><ele>287.2</ele></trkpt>
      <trkpt lat="37.7380273" lon="128.4209783"><ele>287.8</ele></trkpt>
      <trkpt lat="37.7380572" lon="128.4208712"><ele>288.1</ele></trkpt>
      <trkpt lat="37.7380836" lon="128.4207626"><ele>290.0</ele></trkpt>
      <trkpt lat="37.7381091" lon="128.4206538"><ele>291.8</ele></trkpt>
      <trkpt lat="37.7381316" lon="128.4205438"><ele>292.4</ele></trkpt>
      <trkpt lat="37.7381540" lon="128.4204338"><ele>294.6</ele></trkpt>
      <trkpt lat="37.7381774" lon="128.4203242"><ele>295.8</ele></trkpt>
      <trkpt lat="37.7381990" lon="128.4202140"><ele>296.3</ele></trkpt>
      <trkpt lat="37.7382180" lon="128.4201030"><ele>298.7</ele></trkpt>
      <trkpt lat="37.7382372" lon="128.4199920"><ele>298.6</ele></trkpt>
      <trkpt lat="37.7382560" lon="128.4198810"><ele>300.9</ele></trkpt>
      <trkpt lat="37.7382767" lon="128.4197705"><ele>300.2</ele></trkpt>
      <trkpt lat="37.7382959" lon="128.4196595"><ele>302.5</ele></trkpt>
      <trkpt lat="37.7383178" lon="128.4195494"><ele>304.7</ele></trkpt>
      <trkpt lat="37.7383365" lon="128.4194383"><ele>303.9</ele></trkpt>
      <trkpt lat="37.7383558" lon="128.4193274"><ele>307.4</ele></trkpt>
      <trkpt lat="37.7383778" lon="128.4192173"><ele>308.9</ele></trkpt>
      <trkpt lat="37.7384018" lon="128.4191079"><ele>310.0</ele></trkpt>
      <trkpt lat="37.7384261" lon="128.4189985"><ele>311.6</ele></trkpt>
      <trkpt lat="37.7384499" lon="128.4188890"><ele>313.6</ele></trkpt>
      <trkpt lat="37.7384736" lon="128.4187795"><ele>313.3</ele></trkpt>
      <trkpt lat="37.7384993" lon="128.4186707"><ele>315.4</ele></trkpt>
      <trkpt lat="37.7385243" lon="128.4185616"><ele>315.6</ele></trkpt>
      <trkpt lat="37.7385499" lon="128.4184527"><ele>317.7</ele></trkpt>
      <trkpt lat="37.7385768" lon="128.4183444"><ele>318.1</ele></trkpt>
      <trkpt lat="37.7386026" lon="128.4182356"><ele>318.0</ele></trkpt>
      <trkpt lat="37.7386311" lon="128.4181279"><ele>320.2</ele></trkpt>
      <trkpt lat="37.7386583" lon="128.4180197"><ele>320.3</ele></trkpt>
      <trkpt lat="37.7386844" lon="128.4179110"><ele>321.0</ele></trkpt>
      <trkpt lat="37.7387121" lon="128.4178030"><ele>322.3</ele></trkpt>
      <trkpt lat="37.7387399" lon="128.4176950"><ele>324.1</ele></trkpt>
      <trkpt lat="37.7387675" lon="128.4175869"><ele>324.9</ele></trkpt>
      <trkpt lat="37.7387969" lon="128.4174796"><ele>326.0</ele></trkpt>
      <trkpt lat="37.7388275" lon="128.4173728"><ele>327.3</ele></trkpt>
      <trkpt lat="37.7388602" lon="128.4172670"><ele>328.5</ele></trkpt>
      <trkpt lat="37.7388936" lon="128.4171616"><ele>328.4</ele></trkpt>
      <trkpt lat="37.7389254" lon="128.4170554"><ele>329.7</ele></trkpt>
      <trkpt lat="37.7389530" lon="128.4169473"><ele>331.0</ele></trkpt>
      <trkpt lat="37.7389826" lon="128.4168401"><ele>332.6</ele></trkpt>
      <trkpt lat="37.7390139" lon="128.4167337"><ele>332.6</ele></trkpt>
      <trkpt lat="37.7390443" lon="128.4166268"><ele>333.8</ele></trkpt>
      <trkpt lat="37.7390767" lon="128.4165209"><ele>335.1</ele></trkpt>
      <trkpt lat="37.7391113" lon="128.4164161"><ele>335.4</ele></trkpt>
      <trkpt lat="37.7391450" lon="128.4163108"><ele>337.1</ele></trkpt>
      <trkpt lat="37.7391816" lon="128.4162071"><ele>337.3</ele></trkpt>
      <trkpt lat="37.7392170" lon="128.4161027"><ele>340.3</ele></trkpt>
      <trkpt lat="37.7392536" lon="128.4159990"><ele>341.8</ele></trkpt>
      <trkpt lat="37.7392897" lon="128.4158950"><ele>342.8</ele></trkpt>
      <trkpt lat="37.7393240" lon="128.4157900"><ele>344.6</ele></trkpt>
      <trkpt lat="37.7393623" lon="128.4156873"><ele>345.3</ele></trkpt>
      <trkpt lat="37.7394017" lon="128.4155853"><ele>348.0</ele></trkpt>
      <trkpt lat="37.7394412" lon="128.4154833"><ele>348.6</ele></trkpt>
      <trkpt lat="37.7394821" lon="128.4153821"><ele>348.8</ele></trkpt>
      <trkpt lat="37.7395257" lon="128.4152828"><ele>351.1</ele></trkpt>
      <trkpt lat="37.7395733" lon="128.4151865"><ele>351.2</ele></trkpt>
      <trkpt lat="37.7396208" lon="128.4150902"><ele>352.5</ele></trkpt>
      <trkpt lat="37.7396707" lon="128.4149957"><ele>352.3</ele></trkpt>
      <trkpt lat="37.7397218" lon="128.4149023"><ele>354.4</ele></trkpt>
      <trkpt lat="37.7397723" lon="128.4148085"><ele>355.6</ele></trkpt>
      <trkpt lat="37.7398232" lon="128.4147148"><ele>356.6</ele></trkpt>
      <trkpt lat="37.7398780" lon="128.4146249"><ele>358.1</ele></trkpt>
      <trkpt lat="37.7399353" lon="128.4145374"><ele>359.4</ele></trkpt>
      <trkpt lat="37.7399936" lon="128.4144510"><ele>360.6</ele></trkpt>
      <trkpt lat="37.7400555" lon="128.4143687"><ele>362.9</ele></trkpt>
      <trkpt lat="37.7401203" lon="128.4142900"><ele>364.3</ele></trkpt>
      <trkpt lat="37.7401861" lon="128.4142127"><ele>364.4</ele></trkpt>
      <trkpt lat="37.7402548" lon="128.4141395"><ele>365.0</ele></trkpt>
      <trkpt lat="37.7403253" lon="128.4140692"><ele>365.4</ele></trkpt>
      <trkpt lat="37.7403959" lon="128.4139990"><ele>366.5</ele></trkpt>
      <trkpt lat="37.7404655" lon="128.4139272"><ele>368.3</ele></trkpt>
      <trkpt lat="37.7405372" lon="128.4138588"><ele>368.1</ele></trkpt>
      <trkpt lat="37.7406096" lon="128.4137915"><ele>368.2</ele></trkpt>
      <trkpt lat="37.7406830" lon="128.4137261"><ele>370.4</ele></trkpt>
      <trkpt lat="37.7407575" lon="128.4136626"><ele>370.9</ele></trkpt>
      <trkpt lat="37.7408325" lon="128.4136001"><ele>372.7</ele></trkpt>
      <trkpt lat="37.7409088" lon="128.4135401"><ele>373.1</ele></trkpt>
      <trkpt lat="37.7409845" lon="128.4134789"><ele>375.3</ele></trkpt>
      <trkpt lat="37.7410616" lon="128.4134207"><ele>376.7</ele></trkpt>
      <trkpt lat="37.7411382" lon="128.4133614"><ele>377.4</ele></trkpt>
      <trkpt lat="37.7412167" lon="128.4133062"><ele>379.1</ele></trkpt>
      <trkpt lat="37.7412969" lon="128.4132550"><ele>380.3</ele></trkpt>
      <trkpt lat="37.7413785" lon="128.4132075"><ele>380.4</ele></trkpt>
      <trkpt lat="37.7414612" lon="128.4131632"><ele>381.7</ele></trkpt>
      <trkpt lat="37.7415431" lon="128.4131166"><ele>382.2</ele></trkpt>
      <trkpt lat="37.7416242" lon="128.4130678"><ele>384.6</ele></trkpt>
      <trkpt lat="37.7417041" lon="128.4130158"><ele>385.0</ele></trkpt>
      <trkpt lat="37.7417841" lon="128.4129643"><ele>385.8</ele></trkpt>
      <trkpt lat="37.7418649" lon="128.4129146"><ele>386.9</ele></trkpt>
      <trkpt lat="37.7419467" lon="128.4128676"><ele>389.2</ele></trkpt>
      <trkpt lat="37.7420290" lon="128.4128222"><ele>391.3</ele></trkpt>
      <trkpt lat="37.7421106" lon="128.4127746"><ele>391.8</ele></trkpt>
      <trkpt lat="37.7421907" lon="128.4127233"><ele>393.5</ele></trkpt>
      <trkpt lat="37.7422700" lon="128.4126698"><ele>394.9</ele></trkpt>
      <trkpt lat="37.7423481" lon="128.4126136"><ele>397.1</ele></trkpt>
      <trkpt lat="37.7424263" lon="128.4125578"><ele>398.7</ele></trkpt>
      <trkpt lat="37.7425056" lon="128.4125045"><ele>399.4</ele></trkpt>
      <trkpt lat="37.7425847" lon="128.4124507"><ele>400.1</ele></trkpt>
      <trkpt lat="37.7426640" lon="128.4123974"><ele>401.0</ele></trkpt>
      <trkpt lat="37.7427447" lon="128.4123473"><ele>400.6</ele></trkpt>
      <trkpt lat="37.7428263" lon="128.4122998"><ele>402.3</ele></trkpt>
      <trkpt lat="37.7429073" lon="128.4122509"><ele>403.6</ele></trkpt>
      <trkpt lat="37.7429882" lon="128.4122014"><ele>403.9</ele></trkpt>
      <trkpt lat="37.7430697" lon="128.4121537"><ele>404.8</ele></trkpt>
      <trkpt lat="37.7431512" lon="128.4121059"><ele>407.9</ele></trkpt>
      <trkpt lat="37.7432321" lon="128.4120566"><ele>407.2</ele></trkpt>
      <trkpt lat="37.7433137" lon="128.4120090"><ele>410.4</ele></trkpt>
      <trkpt lat="37.7433938" lon="128.4119577"><ele>410.9</ele></trkpt>
      <trkpt lat="37.7434736" lon="128.4119056"><ele>411.2</ele></trkpt>
      <trkpt lat="37.7435530" lon="128.4118525"><ele>412.8</ele></trkpt>
      <trkpt lat="37.7436314" lon="128.4117970"><ele>414.2</ele></trkpt>
      <trkpt lat="37.7437101" lon="128.4117421"><ele>413.4</ele></trkpt>
      <trkpt lat="37.7437892" lon="128.4116883"><ele>414.6</ele></trkpt>
      <trkpt lat="37.7438678" lon="128.4116335"><ele>415.6</ele></trkpt>
      <trkpt lat="37.7439473" lon="128.4115806"><ele>416.1</ele></trkpt>
      <trkpt lat="37.7440259" lon="128.4115256"><ele>416.3</ele></trkpt>
      <trkpt lat="37.7441047" lon="128.4114710"><ele>417.6</ele></trkpt>
      <trkpt lat="37.7441846" lon="128.4114191"><ele>419.5</ele></trkpt>
      <trkpt lat="37.7442647" lon="128.4113677"><ele>420.4</ele></trkpt>
      <trkpt lat="37.7443462" lon="128.4113200"><ele>423.6</ele></trkpt>
      <trkpt lat="37.7444273" lon="128.4112712"><ele>424.6</ele></trkpt>
      <trkpt lat="37.7445087" lon="128.4112230"><ele>424.7</ele></trkpt>
      <trkpt lat="37.7445909" lon="128.4111772"><ele>426.9</ele></trkpt>
      <trkpt lat="37.7446727" lon="128.4111302"><ele>428.4</ele></trkpt>
      <trkpt lat="37.7447550" lon="128.4110849"><ele>430.1</ele></trkpt>
      <trkpt lat="37.7448357" lon="128.4110349"><ele>429.5</ele></trkpt>
      <trkpt lat="37.7449160" lon="128.4109841"><ele>432.0</ele></trkpt>
      <trkpt lat="37.7449970" lon="128.4109350"><ele>433.0</ele></trkpt>
      <trkpt lat="37.7450787" lon="128.4108878"><ele>433.0</ele></trkpt>
      <trkpt lat="37.7451594" lon="128.4108378"><ele>434.9</ele></trkpt>
      <trkpt lat="37.7452407" lon="128.4107896"><ele>435.5</ele></trkpt>
      <trkpt lat="37.7453220" lon="128.4107413"><ele>438.0</ele></trkpt>
      <trkpt lat="37.7454022" lon="128.4106902"><ele>439.1</ele></trkpt>
      <trkpt lat="37.7454824" lon="128.4106389"><ele>441.0</ele></trkpt>
      <trkpt lat="37.7455611" lon="128.4105842"><ele>442.3</ele></trkpt>
      <trkpt lat="37.7456378" lon="128.4105251"><ele>442.5</ele></trkpt>
      <trkpt lat="37.7457139" lon="128.4104647"><ele>443.7</ele></trkpt>
      <trkpt lat="37.7457904" lon="128.4104053"><ele>445.1</ele></trkpt>
      <trkpt lat="37.7458657" lon="128.4103432"><ele>447.6</ele></trkpt>
      <trkpt lat="37.7459418" lon="128.4102829"><ele>448.1</ele></trkpt>
      <trkpt lat="37.7460164" lon="128.4102197"><ele>448.7</ele></trkpt>
      <trkpt lat="37.7460890" lon="128.4101528"><ele>448.3</ele></trkpt>
      <trkpt lat="37.7461596" lon="128.4100826"><ele>450.4</ele></trkpt>
      <trkpt lat="37.7462296" lon="128.4100113"><ele>450.2</ele></trkpt>
      <trkpt lat="37.7462955" lon="128.4099342"><ele>451.5</ele></trkpt>
      <trkpt lat="37.7463604" lon="128.4098557"><ele>454.2</ele></trkpt>
      <trkpt lat="37.7464221" lon="128.4097732"><ele>456.6</ele></trkpt>
      <trkpt lat="37.7464846" lon="128.4096916"><ele>456.7</ele></trkpt>
      <trkpt lat="37.7465484" lon="128.4096116"><ele>460.2</ele></trkpt>
      <trkpt lat="37.7466114" lon="128.4095306"><ele>462.4</ele></trkpt>
      <trkpt lat="37.7466761" lon="128.4094519"><ele>463.1</ele></trkpt>
      <trkpt lat="37.7467405" lon="128.4093727"><ele>466.9</ele></trkpt>
      <trkpt lat="37.7468048" lon="128.4092934"><ele>468.0</ele></trkpt>
      <trkpt lat="37.7468688" lon="128.4092138"><ele>468.7</ele></trkpt>
      <trkpt lat="37.7469324" lon="128.4091335"><ele>471.4</ele></trkpt>
      <trkpt lat="37.7469947" lon="128.4090517"><ele>474.1</ele></trkpt>
      <trkpt lat="37.7470572" lon="128.4089702"><ele>476.0</ele></trkpt>
      <trkpt lat="37.7471199" lon="128.4088888"><ele>476.0</ele></trkpt>
      <trkpt lat="37.7471799" lon="128.4088042"><ele>479.6</ele></trkpt>
      <trkpt lat="37.7472359" lon="128.4087155"><ele>480.6</ele></trkpt>
      <trkpt lat="37.7472875" lon="128.4086225"><ele>484.5</ele></trkpt>
      <trkpt lat="37.7473351" lon="128.4085262"><ele>485.1</ele></trkpt>
      <trkpt lat="37.7473799" lon="128.4084278"><ele>489.5</ele></trkpt>
      <trkpt lat="37.7474203" lon="128.4083263"><ele>490.8</ele></trkpt>
      <trkpt lat="37.7474600" lon="128.4082244"><ele>493.4</ele></trkpt>
      <trkpt lat="37.7474968" lon="128.4081208"><ele>495.6</ele></trkpt>
      <trkpt lat="37.7475277" lon="128.4080142"><ele>499.0</ele></trkpt>
      <trkpt lat="37.7475539" lon="128.4079056"><ele>499.5</ele></trkpt>
      <trkpt lat="37.7475744" lon="128.4077950"><ele>501.8</ele></trkpt>
      <trkpt lat="37.7475874" lon="128.4076826"><ele>503.3</ele></trkpt>
      <trkpt lat="37.7475963" lon="128.4075696"><ele>505.9</ele></trkpt>
      <trkpt lat="37.7475995" lon="128.4074561"><ele>508.3</ele></trkpt>
      <trkpt lat="37.7475994" lon="128.4073426"><ele>508.9</ele></trkpt>
      <trkpt lat="37.7475962" lon="128.4072291"><ele>512.2</ele></trkpt>
      <trkpt lat="37.7475852" lon="128.4071164"><ele>513.5</ele></trkpt>
      <trkpt lat="37.7475676" lon="128.4070050"><ele>515.6</ele></trkpt>
      <trkpt lat="37.7475443" lon="128.4068954"><ele>517.5</ele></trkpt>
      <trkpt lat="37.7475159" lon="128.4067876"><ele>521.0</ele></trkpt>
      <trkpt lat="37.7474824" lon="128.4066822"><ele>523.3</ele></trkpt>
      <trkpt lat="37.7474455" lon="128.4065787"><ele>524.6</ele></trkpt>
      <trkpt lat="37.7474062" lon="128.4064766"><ele>525.6</ele></trkpt>
      <trkpt lat="37.7473617" lon="128.4063779"><ele>528.7</ele></trkpt>
      <trkpt lat="37.7473102" lon="128.4062848"><ele>530.7</ele></trkpt>
      <trkpt lat="37.7472568" lon="128.4061935"><ele>532.2</ele></trkpt>
      <trkpt lat="37.7471989" lon="128.4061067"><ele>534.0</ele></trkpt>
      <trkpt lat="37.7471365" lon="128.4060250"><ele>533.8</ele></trkpt>
      <trkpt lat="37.7470715" lon="128.4059466"><ele>535.9</ele></trkpt>
      <trkpt lat="37.7470023" lon="128.4058743"><ele>537.8</ele></trkpt>
      <trkpt lat="37.7469312" lon="128.4058049"><ele>539.3</ele></trkpt>
      <trkpt lat="37.7468598" lon="128.4057358"><ele>543.2</ele></trkpt>
      <trkpt lat="37.7467868" lon="128.4056697"><ele>545.1</ele></trkpt>
      <trkpt lat="37.7467117" lon="128.4056073"><ele>546.0</ele></trkpt>
      <trkpt lat="37.7466358" lon="128.4055467"><ele>549.5</ele></trkpt>
      <trkpt lat="37.7465599" lon="128.4054859"><ele>551.5</ele></trkpt>
      <trkpt lat="37.7464818" lon="128.4054297"><ele>553.5</ele></trkpt>
      <trkpt lat="37.7464032" lon="128.4053747"><ele>555.5</ele></trkpt>
      <trkpt lat="37.7463248" lon="128.4053194"><ele>557.2</ele></trkpt>
      <trkpt lat="37.7462452" lon="128.4052666"><ele>559.4</ele></trkpt>
      <trkpt lat="37.7461651" lon="128.4052154"><ele>562.0</ele></trkpt>
      <trkpt lat="37.7460841" lon="128.4051662"><ele>562.4</ele></trkpt>
      <trkpt lat="37.7460016" lon="128.4051213"><ele>566.2</ele></trkpt>
      <trkpt lat="37.7459186" lon="128.4050779"><ele>568.4</ele></trkpt>
      <trkpt lat="37.7458348" lon="128.4050368"><ele>570.5</ele></trkpt>
      <trkpt lat="37.7457513" lon="128.4049951"><ele>572.9</ele></trkpt>
      <trkpt lat="37.7456664" lon="128.4049579"><ele>575.0</ele></trkpt>
      <trkpt lat="37.7455806" lon="128.4049244"><ele>576.2</ele></trkpt>
      <trkpt lat="37.7454931" lon="128.4048985"><ele>578.3</ele></trkpt>
      <trkpt lat="37.7454046" lon="128.4048793"><ele>581.3</ele></trkpt>
      <trkpt lat="37.7453153" lon="128.4048672"><ele>584.5</ele></trkpt>
      <trkpt lat="37.7452257" lon="128.4048592"><ele>587.2</ele></trkpt>
      <trkpt lat="37.7451359" lon="128.4048562"><ele>587.6</ele></trkpt>
      <trkpt lat="37.7450460" lon="128.4048584"><ele>590.0</ele></trkpt>
      <trkpt lat="37.7449562" lon="128.4048590"><ele>591.7</ele></trkpt>
      <trkpt lat="37.7448665" lon="128.4048637"><ele>594.6</ele></trkpt>
      <trkpt lat="37.7447766" lon="128.4048657"><ele>595.6</ele></trkpt>
      <trkpt lat="37.7446868" lon="128.4048686"><ele>597.8</ele></trkpt>
      <trkpt lat="37.7445971" lon="128.4048735"><ele>599.1</ele></trkpt>
      <trkpt lat="37.7445073" lon="128.4048773"><ele>600.0</ele></trkpt>
      <trkpt lat="37.7444177" lon="128.4048846"><ele>601.1</ele></trkpt>
      <trkpt lat="37.7443281" lon="128.4048930"><ele>601.4</ele></trkpt>
      <trkpt lat="37.7444201" lon="128.4049300"><ele>601.0</ele></trkpt>
      <trkpt lat="37.7445091" lon="128.4049227"><ele>599.6</ele></trkpt>
      <trkpt lat="37.7445985" lon="128.4049189"><ele>599.2</ele></trkpt>
      <trkpt lat="37.7446881" lon="128.4049140"><ele>596.6</ele></trkpt>
      <trkpt lat="37.7447774" lon="128.4049111"><ele>595.9</ele></trkpt>
      <trkpt lat="37.7448675" lon="128.4049091"><ele>593.6</ele></trkpt>
      <trkpt lat="37.7449570" lon="128.4049044"><ele>590.2</ele></trkpt>
      <trkpt lat="37.7450465" lon="128.4049039"><ele>587.8</ele></trkpt>
      <trkpt lat="37.7451357" lon="128.4049016"><ele>584.7</ele></trkpt>
      <trkpt lat="37.7452239" lon="128.4049046"><ele>583.3</ele></trkpt>
      <trkpt lat="37.7453121" lon="128.4049125"><ele>579.7</ele></trkpt>
      <trkpt lat="37.7453996" lon="128.4049243"><ele>579.6</ele></trkpt>
      <trkpt lat="37.7454860" lon="128.4049430"><ele>576.2</ele></trkpt>
      <trkpt lat="37.7455712" lon="128.4049682"><ele>575.3</ele></trkpt>
      <trkpt lat="37.7456552" lon="128.4050010"><ele>574.1</ele></trkpt>
      <trkpt lat="37.7457388" lon="128.4050377"><ele>571.0</ele></trkpt>
      <trkpt lat="37.7458218" lon="128.4050791"><ele>570.8</ele></trkpt>
      <trkpt lat="37.7459052" lon="128.4051200"><ele>569.4</ele></trkpt>
      <trkpt lat="37.7459876" lon="128.4051632"><ele>566.9</ele></trkpt>
      <trkpt lat="37.7460693" lon="128.4052075"><ele>563.8</ele></trkpt>
      <trkpt lat="37.7461492" lon="128.4052561"><ele>562.9</ele></trkpt>
      <trkpt lat="37.7462288" lon="128.4053070"><ele>561.5</ele></trkpt>
      <trkpt lat="37.7463077" lon="128.4053594"><ele>558.1</ele></trkpt>
      <trkpt lat="37.7463858" lon="128.4054144"><ele>556.4</ele></trkpt>
      <trkpt lat="37.7464642" lon="128.4054694"><ele>553.3</ele></trkpt>
      <trkpt lat="37.7465414" lon="128.4055249"><ele>553.2</ele></trkpt>
      <trkpt lat="37.7466166" lon="128.4055851"><ele>551.1</ele></trkpt>
      <trkpt lat="37.7466923" lon="128.4056455"><ele>549.3</ele></trkpt>
      <trkpt lat="37.7467665" lon="128.4057072"><ele>546.0</ele></trkpt>
      <trkpt lat="37.7468385" lon="128.4057723"><ele>545.4</ele></trkpt>
      <trkpt lat="37.7469093" lon="128.4058409"><ele>542.7</ele></trkpt>
      <trkpt lat="37.7469799" lon="128.4059097"><ele>540.4</ele></trkpt>
      <trkpt lat="37.7470476" lon="128.4059806"><ele>539.0</ele></trkpt>
      <trkpt lat="37.7471112" lon="128.4060572"><ele>537.0</ele></trkpt>
      <trkpt lat="37.7471723" lon="128.4061371"><ele>535.8</ele></trkpt>
      <trkpt lat="37.7472286" lon="128.4062217"><ele>531.8</ele></trkpt>
      <trkpt lat="37.7472811" lon="128.4063114"><ele>529.9</ele></trkpt>
      <trkpt lat="37.7473313" lon="128.4064022"><ele>527.2</ele></trkpt>
      <trkpt lat="37.7473744" lon="128.4064978"><ele>525.3</ele></trkpt>
      <trkpt lat="37.7474130" lon="128.4065979"><ele>521.6</ele></trkpt>
      <trkpt lat="37.7474494" lon="128.4067000"><ele>519.5</ele></trkpt>
      <trkpt lat="37.7474821" lon="128.4068032"><ele>518.7</ele></trkpt>
      <trkpt lat="37.7475098" lon="128.4069084"><ele>516.4</ele></trkpt>
      <trkpt lat="37.7475327" lon="128.4070154"><ele>515.3</ele></trkpt>
      <trkpt lat="37.7475497" lon="128.4071236"><ele>513.3</ele></trkpt>
      <trkpt lat="37.7475604" lon="128.4072327"><ele>510.7</ele></trkpt>
      <trkpt lat="37.7475635" lon="128.4073434"><ele>508.0</ele></trkpt>
      <trkpt lat="37.7475636" lon="128.4074553"><ele>507.2</ele></trkpt>
      <trkpt lat="37.7475604" lon="128.4075666"><ele>504.3</ele></trkpt>
      <trkpt lat="37.7475517" lon="128.4076771"><ele>503.0</ele></trkpt>
      <trkpt lat="37.7475391" lon="128.4077865"><ele>500.0</ele></trkpt>
      <trkpt lat="37.7475192" lon="128.4078938"><ele>497.4</ele></trkpt>
      <trkpt lat="37.7474937" lon="128.4079998"><ele>494.9</ele></trkpt>
      <trkpt lat="37.7474635" lon="128.4081037"><ele>493.3</ele></trkpt>
      <trkpt lat="37.7474275" lon="128.4082051"><ele>491.1</ele></trkpt>
      <trkpt lat="37.7473881" lon="128.4083061"><ele>490.9</ele></trkpt>
      <trkpt lat="37.7473483" lon="128.4084062"><ele>487.7</ele></trkpt>
      <trkpt lat="37.7473042" lon="128.4085028"><ele>487.1</ele></trkpt>
      <trkpt lat="37.7472575" lon="128.4085974"><ele>485.0</ele></trkpt>
      <trkpt lat="37.7472072" lon="128.4086883"><ele>482.7</ele></trkpt>
      <trkpt lat="37.7471524" lon="128.4087749"><ele>480.9</ele></trkpt>
      <trkpt lat="37.7470937" lon="128.4088578"><ele>479.2</ele></trkpt>
      <trkpt lat="37.7470315" lon="128.4089385"><ele>478.4</ele></trkpt>
      <trkpt lat="37.7469689" lon="128.4090202"><ele>474.9</ele></trkpt>
      <trkpt lat="37.7469068" lon="128.4091017"><ele>473.1</ele></trkpt>
      <trkpt lat="37.7468436" lon="128.4091815"><ele>472.3</ele></trkpt>
      <trkpt lat="37.7467797" lon="128.4092610"><ele>470.1</ele></trkpt>
      <trkpt lat="37.7467154" lon="128.4093401"><ele>466.1</ele></trkpt>
      <trkpt lat="37.7466511" lon="128.4094192"><ele>465.6</ele></trkpt>
      <trkpt lat="37.7465861" lon="128.4094983"><ele>462.9</ele></trkpt>
      <trkpt lat="37.7465229" lon="128.4095796"><ele>460.0</ele></trkpt>
      <trkpt lat="37.7464590" lon="128.4096596"><ele>458.2</ele></trkpt>
      <trkpt lat="37.7463962" lon="128.4097418"><ele>457.8</ele></trkpt>
      <trkpt lat="37.7463350" lon="128.4098237"><ele>454.6</ele></trkpt>
      <trkpt lat="37.7462709" lon="128.4099011"><ele>454.5</ele></trkpt>
      <trkpt lat="37.7463373" lon="128.4099775"><ele>453.0</ele></trkpt>
      <trkpt lat="37.7464072" lon="128.4100489"><ele>452.7</ele></trkpt>
      <trkpt lat="37.7464810" lon="128.4101137"><ele>451.2</ele></trkpt>
      <trkpt lat="37.7465582" lon="128.4101716"><ele>452.1</ele></trkpt>
      <trkpt lat="37.7466382" lon="128.4102234"><ele>450.8</ele></trkpt>
      <trkpt lat="37.7467181" lon="128.4102754"><ele>449.4</ele></trkpt>
      <trkpt lat="37.7468000" lon="128.4103220"><ele>448.5</ele></trkpt>
      <trkpt lat="37.7468832" lon="128.4103648"><ele>448.8</ele></trkpt>
      <trkpt lat="37.7469673" lon="128.4104045"><ele>449.3</ele></trkpt>
      <trkpt lat="37.7470534" lon="128.4104370"><ele>448.0</ele></trkpt>
      <trkpt lat="37.7471407" lon="128.4104637"><ele>448.5</ele></trkpt>
      <trkpt lat="37.7472282" lon="128.4104895"><ele>448.3</ele></trkpt>
      <trkpt lat="37.7473161" lon="128.4105131"><ele>449.1</ele></trkpt>
      <trkpt lat="37.7474049" lon="128.4105297"><ele>449.6</ele></trkpt>
      <trkpt lat="37.7474940" lon="128.4105445"><ele>447.8</ele></trkpt>
      <trkpt lat="37.7475833" lon="128.4105573"><ele>449.7</ele></trkpt>
      <trkpt lat="37.7476730" lon="128.4105635"><ele>449.4</ele></trkpt>
      <trkpt lat="37.7477627" lon="128.4105692"><ele>447.3</ele></trkpt>
      <trkpt lat="37.7478525" lon="128.4105714"><ele>448.1</ele></trkpt>
      <trkpt lat="37.7479423" lon="128.4105683"><ele>446.6</ele></trkpt>
      <trkpt lat="37.7480319" lon="128.4105603"><ele>445.9</ele></trkpt>
      <trkpt lat="37.7481215" lon="128.4105528"><ele>444.8</ele></trkpt>
      <trkpt lat="37.7482113" lon="128.4105477"><ele>444.1</ele></trkpt>
      <trkpt lat="37.7483010" lon="128.4105410"><ele>440.9</ele></trkpt>
      <trkpt lat="37.7483907" lon="128.4105363"><ele>441.0</ele></trkpt>
      <trkpt lat="37.7484802" lon="128.4105269"><ele>439.5</ele></trkpt>
      <trkpt lat="37.7485695" lon="128.4105144"><ele>437.6</ele></trkpt>
      <trkpt lat="37.7486585" lon="128.4104984"><ele>436.8</ele></trkpt>
      <trkpt lat="37.7487467" lon="128.4104769"><ele>436.3</ele></trkpt>
      <trkpt lat="37.7488352" lon="128.4104574"><ele>434.8</ele></trkpt>
      <trkpt lat="37.7489237" lon="128.4104379"><ele>433.9</ele></trkpt>
      <trkpt lat="37.7490121" lon="128.4104182"><ele>432.2</ele></trkpt>
      <trkpt lat="37.7491006" lon="128.4103989"><ele>429.9</ele></trkpt>
      <trkpt lat="37.7491895" lon="128.4103822"><ele>428.5</ele></trkpt>
      <trkpt lat="37.7492782" lon="128.4103643"><ele>425.8</ele></trkpt>
      <trkpt lat="37.7493669" lon="128.4103466"><ele>424.7</ele></trkpt>
      <trkpt lat="37.7494550" lon="128.4103243"><ele>423.2</ele></trkpt>
      <trkpt lat="37.7495428" lon="128.4103002"><ele>420.7</ele></trkpt>
      <trkpt lat="37.7496303" lon="128.4102745"><ele>419.1</ele></trkpt>
      <trkpt lat="37.7497163" lon="128.4102418"><ele>418.2</ele></trkpt>
      <trkpt lat="37.7498009" lon="128.4102036"><ele>415.8</ele></trkpt>
      <trkpt lat="37.7498841" lon="128.4101608"><ele>413.9</ele></trkpt>
      <trkpt lat="37.7499666" lon="128.4101158"><ele>413.2</ele></trkpt>
      <trkpt lat="37.7500470" lon="128.4100651"><ele>411.8</ele></trkpt>
      <trkpt lat="37.7501261" lon="128.4100112"><ele>409.5</ele></trkpt>
      <trkpt lat="37.7502036" lon="128.4099538"><ele>408.5</ele></trkpt>
      <trkpt lat="37.7502803" lon="128.4098947"><ele>407.5</ele></trkpt>
      <trkpt lat="37.7503557" lon="128.4098330"><ele>406.0</ele></trkpt>
      <trkpt lat="37.7504290" lon="128.4097673"><ele>402.7</ele></trkpt>
      <trkpt lat="37.7505000" lon="128.4096978"><ele>401.9</ele></trkpt>
      <trkpt lat="37.7505669" lon="128.4096219"><ele>400.3</ele></trkpt>
      <trkpt lat="37.7506324" lon="128.4095442"><ele>398.4</ele></trkpt>
      <trkpt lat="37.7506934" lon="128.4094609"><ele>397.8</ele></trkpt>
      <trkpt lat="37.7507512" lon="128.4093740"><ele>395.8</ele></trkpt>
      <trkpt lat="37.7508040" lon="128.4092821"><ele>394.6</ele></trkpt>
      <trkpt lat="37.7508525" lon="128.4091865"><ele>394.1</ele></trkpt>
      <trkpt lat="37.7508986" lon="128.4090891"><ele>391.5</ele></trkpt>
      <trkpt lat="37.7509393" lon="128.4089878"><ele>392.1</ele></trkpt>
      <trkpt lat="37.7509753" lon="128.4088837"><ele>390.2</ele></trkpt>
      <trkpt lat="37.7510099" lon="128.4087789"><ele>389.9</ele></trkpt>
      <trkpt lat="37.7510422" lon="128.4086729"><ele>387.9</ele></trkpt>
      <trkpt lat="37.7510713" lon="128.4085655"><ele>386.5</ele></trkpt>
      <trkpt lat="37.7510990" lon="128.4084575"><ele>383.3</ele></trkpt>
      <trkpt lat="37.7511245" lon="128.4083486"><ele>381.9</ele></trkpt>
      <trkpt lat="37.7511518" lon="128.4082404"><ele>380.5</ele></trkpt>
      <trkpt lat="37.7511766" lon="128.4081313"><ele>380.2</ele></trkpt>
      <trkpt lat="37.7512010" lon="128.4080219"><ele>378.2</ele></trkpt>
      <trkpt lat="37.7512258" lon="128.4079128"><ele>376.4</ele></trkpt>
      <trkpt lat="37.7512531" lon="128.4078046"><ele>374.3</ele></trkpt>
      <trkpt lat="37.7512796" lon="128.4076961"><ele>374.8</ele></trkpt>
      <trkpt lat="37.7513075" lon="128.4075881"><ele>371.6</ele></trkpt>
      <trkpt lat="37.7513345" lon="128.4074798"><ele>372.3</ele></trkpt>
      <trkpt lat="37.7513625" lon="128.4073719"><ele>369.7</ele></trkpt>
      <trkpt lat="37.7513928" lon="128.4072650"><ele>368.8</ele></trkpt>
      <trkpt lat="37.7514212" lon="128.4071573"><ele>367.5</ele></trkpt>
      <trkpt lat="37.7514513" lon="128.4070503"><ele>363.9</ele></trkpt>
      <trkpt lat="37.7514837" lon="128.4069443"><ele>362.6</ele></trkpt>
      <trkpt lat="37.7515132" lon="128.4068371"><ele>361.4</ele></trkpt>
      <trkpt lat="37.7515397" lon="128.4067286"><ele>359.8</ele></trkpt>
      <trkpt lat="37.7515637" lon="128.4066191"><ele>356.2</ele></trkpt>
      <trkpt lat="37.7515835" lon="128.4065084"><ele>355.2</ele></trkpt>
      <trkpt lat="37.7516020" lon="128.4063972"><ele>353.1</ele></trkpt>
      <trkpt lat="37.7516202" lon="128.4062860"><ele>351.6</ele></trkpt>
      <trkpt lat="37.7516386" lon="128.4061749"><ele>350.1</ele></trkpt>
      <trkpt lat="37.7516547" lon="128.4060632"><ele>350.0</ele></trkpt>
      <trkpt lat="37.7516725" lon="128.4059518"><ele>347.8</ele></trkpt>
      <trkpt lat="37.7516863" lon="128.4058396"><ele>347.6</ele></trkpt>
      <trkpt lat="37.7517004" lon="128.4057275"><ele>346.4</ele></trkpt>
      <trkpt lat="37.7517128" lon="128.4056150"><ele>345.0</ele></trkpt>
      <trkpt lat="37.7517251" lon="128.4055025"><ele>343.2</ele></trkpt>
      <trkpt lat="37.7517354" lon="128.4053897"><ele>340.7</ele></trkpt>
      <trkpt lat="37.7517456" lon="128.4052768"><ele>339.7</ele></trkpt>
      <trkpt lat="37.7517560" lon="128.4051640"><ele>337.2</ele></trkpt>
      <trkpt lat="37.7517669" lon="128.4050513"><ele>337.1</ele></trkpt>
      <trkpt lat="37.7517766" lon="128.4049384"><ele>334.6</ele></trkpt>
      <trkpt lat="37.7517857" lon="128.4048254"><ele>332.6</ele></trkpt>
      <trkpt lat="37.7517921" lon="128.4047122"><ele>331.4</ele></trkpt>
      <trkpt lat="37.7517950" lon="128.4045986"><ele>330.0</ele></trkpt>
      <trkpt lat="37.7517974" lon="128.4044851"><ele>330.6</ele></trkpt>
      <trkpt lat="37.7518008" lon="128.4043716"><ele>327.8</ele></trkpt>
      <trkpt lat="37.7518040" lon="128.4042581"><ele>327.5</ele></trkpt>
      <trkpt lat="37.7518073" lon="128.4041447"><ele>327.3</ele></trkpt>
      <trkpt lat="37.7518077" lon="128.4040311"><ele>326.2</ele></trkpt>
      <trkpt lat="37.7518065" lon="128.4039175"><ele>323.8</ele></trkpt>
      <trkpt lat="37.7518037" lon="128.4038040"><ele>322.5</ele></trkpt>
      <trkpt lat="37.7518004" lon="128.4036905"><ele>319.3</ele></trkpt>
      <trkpt lat="37.7517977" lon="128.4035770"><ele>317.6</ele></trkpt>
      <trkpt lat="37.7517973" lon="128.4034635"><ele>317.0</ele></trkpt>
      <trkpt lat="37.7517965" lon="128.4033499"><ele>314.8</ele></trkpt>
      <trkpt lat="37.7517978" lon="128.4032363"><ele>313.9</ele></trkpt>
      <trkpt lat="37.7517989" lon="128.4031228"><ele>310.7</ele></trkpt>
      <trkpt lat="37.7518017" lon="128.4030093"><ele>309.3</ele></trkpt>
      <trkpt lat="37.7518017" lon="128.4028957"><ele>309.1</ele></trkpt>
      <trkpt lat="37.7517993" lon="128.4027822"><ele>308.0</ele></trkpt>
      <trkpt lat="37.7517936" lon="128.4026688"><ele>307.0</ele></trkpt>
      <trkpt lat="37.7517892" lon="128.4025554"><ele>304.7</ele></trkpt>
      <trkpt lat="37.7517845" lon="128.4024420"><ele>303.5</ele></trkpt>
      <trkpt lat="37.7517797" lon="128.4023286"><ele>300.7</ele></trkpt>
      <trkpt lat="37.7517752" lon="128.4022152"><ele>299.9</ele></trkpt>
      <trkpt lat="37.7517705" lon="128.4021018"><ele>297.0</ele></trkpt>
      <trkpt lat="37.7517651" lon="128.4019884"><ele>295.4</ele></trkpt>
      <trkpt lat="37.7517600" lon="128.4018750"><ele>293.1</ele></trkpt>
      <trkpt lat="37.7517583" lon="128.4017615"><ele>292.1</ele></trkpt>
      <trkpt lat="37.7517624" lon="128.4016480"><ele>291.2</ele></trkpt>
      <trkpt lat="37.7517709" lon="128.4015350"><ele>289.3</ele></trkpt>
      <trkpt lat="37.7517841" lon="128.4014227"><ele>288.5</ele></trkpt>
      <trkpt lat="37.7517980" lon="128.4013105"><ele>285.9</ele></trkpt>
      <trkpt lat="37.7518129" lon="128.4011985"><ele>284.6</ele></trkpt>
      <trkpt lat="37.7518305" lon="128.4010871"><ele>283.6</ele></trkpt>
      <trkpt lat="37.7518531" lon="128.4009772"><ele>283.3</ele></trkpt>
      <trkpt lat="37.7518793" lon="128.4008686"><ele>281.9</ele></trkpt>
      <trkpt lat="37.7519047" lon="128.4007596"><ele>279.5</ele></trkpt>
      <trkpt lat="37.7519342" lon="128.4006524"><ele>277.9</ele></trkpt>
      <trkpt lat="37.7519654" lon="128.4005459"><ele>276.8</ele></trkpt>
      <trkpt lat="37.7520004" lon="128.4004413"><ele>275.5</ele></trkpt>
      <trkpt lat="37.7520381" lon="128.4003382"><ele>273.4</ele></trkpt>
      <trkpt lat="37.7520795" lon="128.4002374"><ele>272.8</ele></trkpt>
      <trkpt lat="37.7521240" lon="128.4001388"><ele>272.1</ele></trkpt>
      <trkpt lat="37.7521684" lon="128.4000400"><ele>270.2</ele></trkpt>
      <trkpt lat="37.7522176" lon="128.3999450"><ele>269.3</ele></trkpt>
      <trkpt lat="37.7522666" lon="128.3998499"><ele>267.5</ele></trkpt>
      <trkpt lat="37.7523184" lon="128.3997571"><ele>266.7</ele></trkpt>
      <trkpt lat="37.7523724" lon="128.3996663"><ele>264.6</ele></trkpt>
      <trkpt lat="37.7524258" lon="128.3995750"><ele>262.5</ele></trkpt>
      <trkpt lat="37.7524788" lon="128.3994833"><ele>262.4</ele></trkpt>
      <trkpt lat="37.7525357" lon="128.3993954"><ele>260.9</ele></trkpt>
      <trkpt lat="37.7525925" lon="128.3993075"><ele>259.4</ele></trkpt>
      <trkpt lat="37.7526515" lon="128.3992218"><ele>257.2</ele></trkpt>
      <trkpt lat="37.7527132" lon="128.3991393"><ele>255.8</ele></trkpt>
      <trkpt lat="37.7527763" lon="128.3990584"><ele>253.5</ele></trkpt>
      <trkpt lat="37.7528412" lon="128.3989799"><ele>252.2</ele></trkpt>
      <trkpt lat="37.7529058" lon="128.3989010"><ele>250.4</ele></trkpt>
      <trkpt lat="37.7529722" lon="128.3988246"><ele>247.7</ele></trkpt>
      <trkpt lat="37.7530379" lon="128.3987471"><ele>245.8</ele></trkpt>
      <trkpt lat="37.7531049" lon="128.3986714"><ele>243.8</ele></trkpt>
      <trkpt lat="37.7531707" lon="128.3985941"><ele>242.4</ele></trkpt>
      <trkpt lat="37.7532361" lon="128.3985162"><ele>241.6</ele></trkpt>
      <trkpt lat="37.7533001" lon="128.3984365"><ele>241.3</ele></trkpt>
      <trkpt lat="37.7533638" lon="128.3983565"><ele>238.6</ele></trkpt>
      <trkpt lat="37.7534277" lon="128.3982766"><ele>236.3</ele></trkpt>
      <trkpt lat="37.7534934" lon="128.3981993"><ele>235.7</ele></trkpt>
      <trkpt lat="37.7535623" lon="128.3981263"><ele>233.0</ele></trkpt>
      <trkpt lat="37.7536331" lon="128.3980564"><ele>230.7</ele></trkpt>
      <trkpt lat="37.7537059" lon="128.3979899"><ele>228.5</ele></trkpt>
      <trkpt lat="37.7537811" lon="128.3979277"><ele>224.9</ele></trkpt>
      <trkpt lat="37.7538571" lon="128.3978671"><ele>224.2</ele></trkpt>
      <trkpt lat="37.7539323" lon="128.3978052"><ele>221.5</ele></trkpt>
      <trkpt lat="37.7540069" lon="128.3977419"><ele>218.4</ele></trkpt>
      <trkpt lat="37.7540812" lon="128.3976779"><ele>216.7</ele></trkpt>
      <trkpt lat="37.7541573" lon="128.3976176"><ele>216.1</ele></trkpt>
      <trkpt lat="37.7542330" lon="128.3975565"><ele>213.5</ele></trkpt>
      <trkpt lat="37.7543094" lon="128.3974967"><ele>212.4</ele></trkpt>
      <trkpt lat="37.7543839" lon="128.3974333"><ele>210.6</ele></trkpt>
      <trkpt lat="37.7544577" lon="128.3973686"><ele>207.5</ele></trkpt>
      <trkpt lat="37.7545314" lon="128.3973036"><ele>206.1</ele></trkpt>
      <trkpt lat="37.7546056" lon="128.3972397"><ele>205.1</ele></trkpt>
      <trkpt lat="37.7546793" lon="128.3971747"><ele>202.7</ele></trkpt>
      <trkpt lat="37.7547536" lon="128.3971110"><ele>199.0</ele></trkpt>
      <trkpt lat="37.7548277" lon="128.3970467"><ele>196.6</ele></trkpt>
      <trkpt lat="37.7549004" lon="128.3969800"><ele>194.3</ele></trkpt>
      <trkpt lat="37.7549737" lon="128.3969143"><ele>192.1</ele></trkpt>
      <trkpt lat="37.7550473" lon="128.3968492"><ele>189.3</ele></trkpt>
      <trkpt lat="37.7551193" lon="128.3967813"><ele>188.5</ele></trkpt>
      <trkpt lat="37.7551904" lon="128.3967119"><ele>186.0</ele></trkpt>
      <trkpt lat="37.7552625" lon="128.3966441"><ele>183.6</ele></trkpt>
      <trkpt lat="37.7553332" lon="128.3965741"><ele>181.6</ele></trkpt>
      <trkpt lat="37.7554029" lon="128.3965025"><ele>180.0</ele></trkpt>
      <trkpt lat="37.7554708" lon="128.3964281"><ele>178.2</ele></trkpt>
      <trkpt lat="37.7555404" lon="128.3963563"><ele>174.8</ele></trkpt>
      <trkpt lat="37.7556087" lon="128.3962825"><ele>172.7</ele></trkpt>
      <trkpt lat="37.7556777" lon="128.3962098"><ele>170.3</ele></trkpt>
      <trkpt lat="37.7557478" lon="128.3961388"><ele>167.6</ele></trkpt>
      <trkpt lat="37.7558160" lon="128.3960649"><ele>164.5</ele></trkpt>
      <trkpt lat="37.7558856" lon="128.3959931"><ele>163.2</ele></trkpt>
      <trkpt lat="37.7559559" lon="128.3959223"><ele>160.0</ele></trkpt>
      <trkpt lat="37.7560255" lon="128.3958506"><ele>157.2</ele></trkpt>
      <trkpt lat="37.7560971" lon="128.3957819"><ele>153.9</ele></trkpt>
      <trkpt lat="37.7561677" lon="128.3957117"><ele>153.1</ele></trkpt>
      <trkpt lat="37.7562386" lon="128.3956420"><ele>151.4</ele></trkpt>
      <trkpt lat="37.7563091" lon="128.3955716"><ele>149.7</ele></trkpt>
      <trkpt lat="37.7563818" lon="128.3955050"><ele>149.9</ele></trkpt>
      <trkpt lat="37.7564555" lon="128.3954400"><ele>150.1</ele></trkpt>
      <trkpt lat="37.7565284" lon="128.3953736"><ele>148.9</ele></trkpt>
      <trkpt lat="37.7566036" lon="128.3953116"><ele>150.4</ele></trkpt>
      <trkpt lat="37.7566811" lon="128.3952541"><ele>148.6</ele></trkpt>
      <trkpt lat="37.7567584" lon="128.3951963"><ele>150.1</ele></trkpt>
      <trkpt lat="37.7568348" lon="128.3951366"><ele>149.0</ele></trkpt>
      <trkpt lat="37.7569129" lon="128.3950804"><ele>150.2</ele></trkpt>
      <trkpt lat="37.7569909" lon="128.3950241"><ele>149.4</ele></trkpt>
      <trkpt lat="37.7570683" lon="128.3949664"><ele>149.9</ele></trkpt>
      <trkpt lat="37.7571470" lon="128.3949118"><ele>149.8</ele></trkpt>
      <trkpt lat="37.7572258" lon="128.3948572"><ele>150.1</ele></trkpt>
      <trkpt lat="37.7573031" lon="128.3947992"><ele>149.0</ele></trkpt>
      <trkpt lat="37.7573791" lon="128.3947389"><ele>149.1</ele></trkpt>
      <trkpt lat="37.7574526" lon="128.3946735"><ele>149.8</ele></trkpt>
      <trkpt lat="37.7575241" lon="128.3946047"><ele>151.5</ele></trkpt>
      <trkpt lat="37.7575935" lon="128.3945327"><ele>151.3</ele></trkpt>
      <trkpt lat="37.7576630" lon="128.3944607"><ele>151.6</ele></trkpt>
      <trkpt lat="37.7577324" lon="128.3943885"><ele>151.7</ele></trkpt>
      <trkpt lat="37.7577988" lon="128.3943121"><ele>151.5</ele></trkpt>
      <trkpt lat="37.7578627" lon="128.3942322"><ele>150.0</ele></trkpt>
      <trkpt lat="37.7579234" lon="128.3941485"><ele>149.5</ele></trkpt>
      <trkpt lat="37.7579812" lon="128.3940616"><ele>149.6</ele></trkpt>
      <trkpt lat="37.7580370" lon="128.3939726"><ele>148.8</ele></trkpt>
      <trkpt lat="37.7580903" lon="128.3938812"><ele>149.3</ele></trkpt>
      <trkpt lat="37.7581382" lon="128.3937851"><ele>148.9</ele></trkpt>
      <trkpt lat="37.7581851" lon="128.3936882"><ele>148.6</ele></trkpt>
      <trkpt lat="37.7582283" lon="128.3935887"><ele>148.5</ele></trkpt>
      <trkpt lat="37.7582708" lon="128.3934886"><ele>148.1</ele></trkpt>
      <trkpt lat="37.7583105" lon="128.3933867"><ele>147.6</ele></trkpt>
      <trkpt lat="37.7583460" lon="128.3932824"><ele>148.8</ele></trkpt>
      <trkpt lat="37.7583790" lon="128.3931768"><ele>149.0</ele></trkpt>
      <trkpt lat="37.7584088" lon="128.3930697"><ele>149.5</ele></trkpt>
      <trkpt lat="37.7584371" lon="128.3929619"><ele>147.9</ele></trkpt>
      <trkpt lat="37.7584614" lon="128.3928526"><ele>148.4</ele></trkpt>
      <trkpt lat="37.7584840" lon="128.3927427"><ele>148.6</ele></trkpt>
      <trkpt lat="37.7584999" lon="128.3926309"><ele>146.3</ele></trkpt>
      <trkpt lat="37.7585150" lon="128.3925189"><ele>146.8</ele></trkpt>
      <trkpt lat="37.7585256" lon="128.3924061"><ele>145.8</ele></trkpt>
      <trkpt lat="37.7585307" lon="128.3922928"><ele>146.6</ele></trkpt>
      <trkpt lat="37.7585316" lon="128.3921792"><ele>146.5</ele></trkpt>
      <trkpt lat="37.7585274" lon="128.3920658"><ele>147.9</ele></trkpt>
      <trkpt lat="37.7585177" lon="128.3919529"><ele>147.3</ele></trkpt>
      <trkpt lat="37.7585042" lon="128.3918406"><ele>148.2</ele></trkpt>
      <trkpt lat="37.7584858" lon="128.3917294"><ele>149.3</ele></trkpt>
      <trkpt lat="37.7584671" lon="128.3916183"><ele>148.4</ele></trkpt>
      <trkpt lat="37.7584425" lon="128.3915091"><ele>147.9</ele></trkpt>
      <trkpt lat="37.7584160" lon="128.3914006"><ele>148.7</ele></trkpt>
      <trkpt lat="37.7583877" lon="128.3912928"><ele>149.5</ele></trkpt>
      <trkpt lat="37.7583586" lon="128.3911854"><ele>148.8</ele></trkpt>
      <trkpt lat="37.7583249" lon="128.3910801"><ele>149.3</ele></trkpt>
      <trkpt lat="37.7582871" lon="128.3909771"><ele>148.9</ele></trkpt>
      <trkpt lat="37.7582502" lon="128.3908735"><ele>148.8</ele></trkpt>
      <trkpt lat="37.7582142" lon="128.3907695"><ele>148.0</ele></trkpt>
      <trkpt lat="37.7581751" lon="128.3906673"><ele>148.1</ele></trkpt>
      <trkpt lat="37.7581316" lon="128.3905679"><ele>147.5</ele></trkpt>
      <trkpt lat="37.7580871" lon="128.3904693"><ele>149.6</ele></trkpt>
      <trkpt lat="37.7580393" lon="128.3903731"><ele>147.6</ele></trkpt>
      <trkpt lat="37.7579931" lon="128.3902757"><ele>148.0</ele></trkpt>
      <trkpt lat="37.7579467" lon="128.3901785"><ele>148.0</ele></trkpt>
      <trkpt lat="37.7578978" lon="128.3900832"><ele>149.5</ele></trkpt>
      <trkpt lat="37.7578514" lon="128.3899859"><ele>148.4</ele></trkpt>
      <trkpt lat="37.7578035" lon="128.3898899"><ele>147.9</ele></trkpt>
      <trkpt lat="37.7577566" lon="128.3897930"><ele>147.8</ele></trkpt>
      <trkpt lat="37.7577075" lon="128.3896979"><ele>146.6</ele></trkpt>
      <trkpt lat="37.7576563" lon="128.3896046"><ele>146.7</ele></trkpt>
      <trkpt lat="37.7576054" lon="128.3895111"><ele>147.7</ele></trkpt>
      <trkpt lat="37.7575540" lon="128.3894179"><ele>145.5</ele></trkpt>
      <trkpt lat="37.7575052" lon="128.3893225"><ele>146.1</ele></trkpt>
      <trkpt lat="37.7574589" lon="128.3892252"><ele>146.9</ele></trkpt>
      <trkpt lat="37.7574133" lon="128.3891274"><ele>145.5</ele></trkpt>
      <trkpt lat="37.7573711" lon="128.3890271"><ele>146.5</ele></trkpt>
      <trkpt lat="37.7573293" lon="128.3889266"><ele>145.6</ele></trkpt>
      <trkpt lat="37.7572903" lon="128.3888243"><ele>146.7</ele></trkpt>
      <trkpt lat="37.7572501" lon="128.3887227"><ele>146.3</ele></trkpt>
      <trkpt lat="37.7572132" lon="128.3886192"><ele>146.0</ele></trkpt>
      <trkpt lat="37.7571764" lon="128.3885156"><ele>145.9</ele></trkpt>
      <trkpt lat="37.7571384" lon="128.3884127"><ele>146.4</ele></trkpt>
      <trkpt lat="37.7571035" lon="128.3883081"><ele>145.9</ele></trkpt>
      <trkpt lat="37.7570690" lon="128.3882032"><ele>146.7</ele></trkpt>
      <trkpt lat="37.7570373" lon="128.3880969"><ele>145.7</ele></trkpt>
      <trkpt lat="37.7570076" lon="128.3879898"><ele>144.7</ele></trkpt>
      <trkpt lat="37.7569801" lon="128.3878817"><ele>146.2</ele></trkpt>
      <trkpt lat="37.7569558" lon="128.3877723"><ele>146.6</ele></trkpt>
      <trkpt lat="37.7569332" lon="128.3876624"><ele>146.8</ele></trkpt>
      <trkpt lat="37.7569117" lon="128.3875521"><ele>146.7</ele></trkpt>
      <trkpt lat="37.7568913" lon="128.3874415"><ele>146.5</ele></trkpt>
      <trkpt lat="37.7568699" lon="128.3873313"><ele>147.1</ele></trkpt>
      <trkpt lat="37.7568461" lon="128.3872217"><ele>146.7</ele></trkpt>
      <trkpt lat="37.7568202" lon="128.3871130"><ele>148.6</ele></trkpt>
      <trkpt lat="37.7567900" lon="128.3870060"><ele>148.7</ele></trkpt>
      <trkpt lat="37.7567586" lon="128.3868996"><ele>147.6</ele></trkpt>
      <trkpt lat="37.7567223" lon="128.3867957"><ele>146.9</ele></trkpt>
      <trkpt lat="37.7566814" lon="128.3866946"><ele>147.1</ele></trkpt>
      <trkpt lat="37.7566357" lon="128.3865969"><ele>146.4</ele></trkpt>
      <trkpt lat="37.7565894" lon="128.3864996"><ele>145.6</ele></trkpt>
      <trkpt lat="37.7565409" lon="128.3864040"><ele>146.6</ele></trkpt>
      <trkpt lat="37.7564898" lon="128.3863105"><ele>145.6</ele></trkpt>
      <trkpt lat="37.7564345" lon="128.3862210"><ele>145.9</ele></trkpt>
      <trkpt lat="37.7563786" lon="128.3861321"><ele>146.2</ele></trkpt>
      <trkpt lat="37.7563183" lon="128.3860480"><ele>146.1</ele></trkpt>
      <trkpt lat="37.7562583" lon="128.3859635"><ele>147.1</ele></trkpt>
      <trkpt lat="37.7561958" lon="128.3858820"><ele>148.6</ele></trkpt>
      <trkpt lat="37.7561326" lon="128.3858012"><ele>149.0</ele></trkpt>
      <trkpt lat="37.7560666" lon="128.3857241"><ele>148.5</ele></trkpt>
      <trkpt lat="37.7559981" lon="128.3856507"><ele>147.6</ele></trkpt>
      <trkpt lat="37.7559271" lon="128.3855811"><ele>149.6</ele></trkpt>
      <trkpt lat="37.7558554" lon="128.3855127"><ele>148.8</ele></trkpt>
      <trkpt lat="37.7557824" lon="128.3854465"><ele>148.4</ele></trkpt>
      <trkpt lat="37.7557066" lon="128.3853856"><ele>149.1</ele></trkpt>
      <trkpt lat="37.7556293" lon="128.3853278"><ele>148.9</ele></trkpt>
      <trkpt lat="37.7555518" lon="128.3852703"><ele>148.1</ele></trkpt>
      <trkpt lat="37.7554745" lon="128.3852124"><ele>149.2</ele></trkpt>
      <trkpt lat="37.7553945" lon="128.3851609"><ele>150.6</ele></trkpt>
      <trkpt lat="37.7553146" lon="128.3851090"><ele>150.4</ele></trkpt>
      <trkpt lat="37.7552342" lon="128.3850584"><ele>152.2</ele></trkpt>
      <trkpt lat="37.7551535" lon="128.3850083"><ele>151.4</ele></trkpt>
      <trkpt lat="37.7550710" lon="128.3849636"><ele>152.2</ele></trkpt>
      <trkpt lat="37.7549871" lon="128.3849230"><ele>153.2</ele></trkpt>
      <trkpt lat="37.7549033" lon="128.3848819"><ele>153.9</ele></trkpt>
      <trkpt lat="37.7548195" lon="128.3848410"><ele>154.4</ele></trkpt>
      <trkpt lat="37.7547344" lon="128.3848046"><ele>155.2</ele></trkpt>
      <trkpt lat="37.7546491" lon="128.3847693"><ele>156.3</ele></trkpt>
      <trkpt lat="37.7545623" lon="128.3847400"><ele>157.0</ele></trkpt>
      <trkpt lat="37.7544744" lon="128.3847161"><ele>156.6</ele></trkpt>
      <trkpt lat="37.7543867" lon="128.3846916"><ele>157.5</ele></trkpt>
      <trkpt lat="37.7542988" lon="128.3846682"><ele>157.2</ele></trkpt>
      <trkpt lat="37.7542103" lon="128.3846490"><ele>157.4</ele></trkpt>
      <trkpt lat="37.7541216" lon="128.3846310"><ele>158.8</ele></trkpt>
      <trkpt lat="37.7540327" lon="128.3846146"><ele>158.4</ele></trkpt>
      <trkpt lat="37.7539434" lon="128.3846023"><ele>159.8</ele></trkpt>
      <trkpt lat="37.7538540" lon="128.3845908"><ele>160.3</ele></trkpt>
      <trkpt lat="37.7537647" lon="128.3845784"><ele>162.0</ele></trkpt>
      <trkpt lat="37.7536751" lon="128.3845700"><ele>161.6</ele></trkpt>
      <trkpt lat="37.7535854" lon="128.3845651"><ele>162.7</ele></trkpt>
      <trkpt lat="37.7534956" lon="128.3845657"><ele>161.5</ele></trkpt>
      <trkpt lat="37.7534058" lon="128.3845684"><ele>163.2</ele></trkpt>
      <trkpt lat="37.7533160" lon="128.3845719"><ele>162.8</ele></trkpt>
      <trkpt lat="37.7532264" lon="128.3845797"><ele>162.1</ele></trkpt>
      <trkpt lat="37.7531367" lon="128.3845860"><ele>161.0</ele></trkpt>
      <trkpt lat="37.7530473" lon="128.3845974"><ele>161.6</ele></trkpt>
      <trkpt lat="37.7529584" lon="128.3846135"><ele>161.9</ele></trkpt>
      <trkpt lat="37.7528694" lon="128.3846296"><ele>163.1</ele></trkpt>
      <trkpt lat="37.7527809" lon="128.3846491"><ele>164.2</ele></trkpt>
      <trkpt lat="37.7526936" lon="128.3846757"><ele>164.0</ele></trkpt>
      <trkpt lat="37.7526073" lon="128.3847071"><ele>163.8</ele></trkpt>
      <trkpt lat="37.7525218" lon="128.3847420"><ele>164.3</ele></trkpt>
      <trkpt lat="37.7524379" lon="128.3847825"><ele>165.1</ele></trkpt>
      <trkpt lat="37.7523553" lon="128.3848271"><ele>166.8</ele></trkpt>
      <trkpt lat="37.7522748" lon="128.3848776"><ele>165.0</ele></trkpt>
      <trkpt lat="37.7521959" lon="128.3849320"><ele>166.1</ele></trkpt>
      <trkpt lat="37.7521175" lon="128.3849874"><ele>167.5</ele></trkpt>
      <trkpt lat="37.7520402" lon="128.3850451"><ele>166.3</ele></trkpt>
      <trkpt lat="37.7519653" lon="128.3851080"><ele>167.2</ele></trkpt>
      <trkpt lat="37.7518930" lon="128.3851753"><ele>167.2</ele></trkpt>
      <trkpt lat="37.7518223" lon="128.3852454"><ele>167.5</ele></trkpt>
      <trkpt lat="37.7517516" lon="128.3853154"><ele>169.0</ele></trkpt>
      <trkpt lat="37.7516808" lon="128.3853852"><ele>168.8</ele></trkpt>
      <trkpt lat="37.7516088" lon="128.3854532"><ele>169.4</ele></trkpt>
      <trkpt lat="37.7515384" lon="128.3855238"><ele>170.3</ele></trkpt>
      <trkpt lat="37.7514701" lon="128.3855976"><ele>171.8</ele></trkpt>
      <trkpt lat="37.7514043" lon="128.3856748"><ele>173.3</ele></trkpt>
      <trkpt lat="37.7513400" lon="128.3857542"><ele>173.1</ele></trkpt>
      <trkpt lat="37.7512757" lon="128.3858335"><ele>174.4</ele></trkpt>
      <trkpt lat="37.7512107" lon="128.3859119"><ele>173.1</ele></trkpt>
      <trkpt lat="37.7511468" lon="128.3859916"><ele>174.8</ele></trkpt>
      <trkpt lat="37.7510828" lon="128.3860713"><ele>173.6</ele></trkpt>
      <trkpt lat="37.7510206" lon="128.3861533"><ele>175.4</ele></trkpt>
      <trkpt lat="37.7509591" lon="128.3862361"><ele>174.3</ele></trkpt>
      <trkpt lat="37.7509008" lon="128.3863224"><ele>175.3</ele></trkpt>
      <trkpt lat="37.7508424" lon="128.3864087"><ele>176.4</ele></trkpt>
      <trkpt lat="37.7507847" lon="128.3864958"><ele>177.1</ele></trkpt>
      <trkpt lat="37.7507287" lon="128.3865846"><ele>177.6</ele></trkpt>
      <trkpt lat="37.7506723" lon="128.3866730"><ele>178.1</ele></trkpt>
      <trkpt lat="37.7506186" lon="128.3867641"><ele>177.5</ele></trkpt>
      <trkpt lat="37.7505671" lon="128.3868571"><ele>177.4</ele></trkpt>
      <trkpt lat="37.7505186" lon="128.3869527"><ele>178.2</ele></trkpt>
      <trkpt lat="37.7504694" lon="128.3870477"><ele>178.9</ele></trkpt>
      <trkpt lat="37.7504219" lon="128.3871441"><ele>178.3</ele></trkpt>
      <trkpt lat="37.7503732" lon="128.3872395"><ele>178.2</ele></trkpt>
      <trkpt lat="37.7503286" lon="128.3873381"><ele>179.0</ele></trkpt>
      <trkpt lat="37.7502865" lon="128.3874385"><ele>179.1</ele></trkpt>
      <trkpt lat="37.7502495" lon="128.3875419"><ele>178.2</ele></trkpt>
      <trkpt lat="37.7502133" lon="128.3876458"><ele>179.6</ele></trkpt>
      <trkpt lat="37.7501778" lon="128.3877502"><ele>179.7</ele></trkpt>
      <trkpt lat="37.7501477" lon="128.3878572"><ele>179.5</ele></trkpt>
      <trkpt lat="37.7501183" lon="128.3879645"><ele>180.7</ele></trkpt>
      <trkpt lat="37.7500941" lon="128.3880738"><ele>180.3</ele></trkpt>
      <trkpt lat="37.7500760" lon="128.3881851"><ele>182.9</ele></trkpt>
      <trkpt lat="37.7500635" lon="128.3882975"><ele>183.6</ele></trkpt>
      <trkpt lat="37.7500510" lon="128.3884100"><ele>184.0</ele></trkpt>
      <trkpt lat="37.7500414" lon="128.3885229"><ele>183.5</ele></trkpt>
      <trkpt lat="37.7500348" lon="128.3886362"><ele>184.6</ele></trkpt>
      <trkpt lat="37.7500311" lon="128.3887496"><ele>185.5</ele></trkpt>
      <trkpt lat="37.7500324" lon="128.3888632"><ele>184.0</ele></trkpt>
      <trkpt lat="37.7500368" lon="128.3889766"><ele>185.2</ele></trkpt>
      <trkpt lat="37.7500410" lon="128.3890901"><ele>186.4</ele></trkpt>
      <trkpt lat="37.7500434" lon="128.3892036"><ele>185.2</ele></trkpt>
      <trkpt lat="37.7500481" lon="128.3893170"><ele>186.7</ele></trkpt>
      <trkpt lat="37.7500560" lon="128.3894301"><ele>187.3</ele></trkpt>
      <trkpt lat="37.7500614" lon="128.3895435"><ele>187.7</ele></trkpt>
      <trkpt lat="37.7500688" lon="128.3896567"><ele>189.6</ele></trkpt>
      <trkpt lat="37.7500724" lon="128.3897701"><ele>190.2</ele></trkpt>
      <trkpt lat="37.7500747" lon="128.3898837"><ele>190.2</ele></trkpt>
      <trkpt lat="37.7500731" lon="128.3899972"><ele>190.0</ele></trkpt>
      <trkpt lat="37.7500716" lon="128.3901108"><ele>190.8</ele></trkpt>
      <trkpt lat="37.7500704" lon="128.3902243"><ele>191.7</ele></trkpt>
      <trkpt lat="37.7500654" lon="128.3903377"><ele>191.4</ele></trkpt>
      <trkpt lat="37.7500596" lon="128.3904510"><ele>192.9</ele></trkpt>
      <trkpt lat="37.7500501" lon="128.3905640"><ele>192.3</ele></trkpt>
      <trkpt lat="37.7500418" lon="128.3906770"><ele>193.3</ele></trkpt>
      <trkpt lat="37.7500292" lon="128.3907895"><ele>192.7</ele></trkpt>
      <trkpt lat="37.7500127" lon="128.3909011"><ele>192.6</ele></trkpt>
      <trkpt lat="37.7499954" lon="128.3910125"><ele>193.5</ele></trkpt>
      <trkpt lat="37.7499784" lon="128.3911241"><ele>193.7</ele></trkpt>
      <trkpt lat="37.7499583" lon="128.3912348"><ele>193.7</ele></trkpt>
      <trkpt lat="37.7499343" lon="128.3913442"><ele>193.2</ele></trkpt>
      <trkpt lat="37.7499085" lon="128.3914530"><ele>193.9</ele></trkpt>
      <trkpt lat="37.7498802" lon="128.3915607"><ele>195.2</ele></trkpt>
      <trkpt lat="37.7498489" lon="128.3916672"><ele>195.6</ele></trkpt>
      <trkpt lat="37.7498125" lon="128.3917710"><ele>196.0</ele></trkpt>
      <trkpt lat="37.7497742" lon="128.3918738"><ele>195.9</ele></trkpt>
      <trkpt lat="37.7497354" lon="128.3919762"><ele>196.3</ele></trkpt>
      <trkpt lat="37.7496964" lon="128.3920785"><ele>196.8</ele></trkpt>
      <trkpt lat="37.7496553" lon="128.3921795"><ele>196.2</ele></trkpt>
      <trkpt lat="37.7496139" lon="128.3922803"><ele>196.5</ele></trkpt>
      <trkpt lat="37.7495721" lon="128.3923808"><ele>197.5</ele></trkpt>
      <trkpt lat="37.7495267" lon="128.3924788"><ele>196.1</ele></trkpt>
      <trkpt lat="37.7494824" lon="128.3925775"><ele>197.9</ele></trkpt>
      <trkpt lat="37.7494373" lon="128.3926757"><ele>197.6</ele></trkpt>
      <trkpt lat="37.7493912" lon="128.3927732"><ele>198.2</ele></trkpt>
      <trkpt lat="37.7493426" lon="128.3928688"><ele>200.9</ele></trkpt>
      <trkpt lat="37.7492937" lon="128.3929640"><ele>201.4</ele></trkpt>
      <trkpt lat="37.7492455" lon="128.3930599"><ele>201.2</ele></trkpt>
      <trkpt lat="37.7491980" lon="128.3931562"><ele>201.5</ele></trkpt>
      <trkpt lat="37.7491482" lon="128.3932508"><ele>202.0</ele></trkpt>
      <trkpt lat="37.7491002" lon="128.3933467"><ele>202.4</ele></trkpt>
      <trkpt lat="37.7490502" lon="128.3934411"><ele>203.4</ele></trkpt>
      <trkpt lat="37.7489978" lon="128.3935333"><ele>203.4</ele></trkpt>
      <trkpt lat="37.7489470" lon="128.3936270"><ele>203.8</ele></trkpt>
      <trkpt lat="37.7488967" lon="128.3937211"><ele>203.9</ele></trkpt>
      <trkpt lat="37.7488460" lon="128.3938149"><ele>204.7</ele></trkpt>
      <trkpt lat="37.7487929" lon="128.3939064"><ele>205.5</ele></trkpt>
      <trkpt lat="37.7487364" lon="128.3939948"><ele>206.8</ele></trkpt>
      <trkpt lat="37.7486785" lon="128.3940816"><ele>205.6</ele></trkpt>
      <trkpt lat="37.7486224" lon="128.3941703"><ele>206.8</ele></trkpt>
      <trkpt lat="37.7485670" lon="128.3942596"><ele>207.1</ele></trkpt>
      <trkpt lat="37.7485091" lon="128.3943464"><ele>207.5</ele></trkpt>
      <trkpt lat="37.7484501" lon="128.3944321"><ele>209.1</ele></trkpt>
      <trkpt lat="37.7483896" lon="128.3945161"><ele>209.1</ele></trkpt>
      <trkpt lat="37.7483301" lon="128.3946011"><ele>209.4</ele></trkpt>
      <trkpt lat="37.7482700" lon="128.3946856"><ele>209.3</ele></trkpt>
      <trkpt lat="37.7482102" lon="128.3947703"><ele>209.1</ele></trkpt>
      <trkpt lat="37.7481494" lon="128.3948539"><ele>209.9</ele></trkpt>
      <trkpt lat="37.7480887" lon="128.3949377"><ele>208.5</ele></trkpt>
      <trkpt lat="37.7480302" lon="128.3950238"><ele>209.8</ele></trkpt>
      <trkpt lat="37.7479707" lon="128.3951089"><ele>208.9</ele></trkpt>
      <trkpt lat="37.7479133" lon="128.3951962"><ele>209.4</ele></trkpt>
      <trkpt lat="37.7478553" lon="128.3952830"><ele>210.9</ele></trkpt>
      <trkpt lat="37.7477990" lon="128.3953715"><ele>209.7</ele></trkpt>
      <trkpt lat="37.7477431" lon="128.3954604"><ele>210.3</ele></trkpt>
      <trkpt lat="37.7476872" lon="128.3955493"><ele>212.3</ele></trkpt>
      <trkpt lat="37.7476298" lon="128.3956366"><ele>212.5</ele></trkpt>
      <trkpt lat="37.7475742" lon="128.3957258"><ele>212.7</ele></trkpt>
      <trkpt lat="37.7475180" lon="128.3958144"><ele>211.4</ele></trkpt>
      <trkpt lat="37.7474598" lon="128.3959010"><ele>210.8</ele></trkpt>
      <trkpt lat="37.7474017" lon="128.3959875"><ele>210.7</ele></trkpt>
      <trkpt lat="37.7473415" lon="128.3960719"><ele>210.6</ele></trkpt>
      <trkpt lat="37.7472831" lon="128.3961581"><ele>210.8</ele></trkpt>
      <trkpt lat="37.7472250" lon="128.3962448"><ele>212.0</ele></trkpt>
      <trkpt lat="37.7471673" lon="128.3963318"><ele>212.4</ele></trkpt>
      <trkpt lat="37.7471095" lon="128.3964187"><ele>212.4</ele></trkpt>
      <trkpt lat="37.7470526" lon="128.3965066"><ele>212.8</ele></trkpt>
      <trkpt lat="37.7469969" lon="128.3965956"><ele>212.9</ele></trkpt>
      <trkpt lat="37.7469421" lon="128.3966856"><ele>212.3</ele></trkpt>
      <trkpt lat="37.7468895" lon="128.3967777"><ele>213.4</ele></trkpt>
      <trkpt lat="37.7468372" lon="128.3968701"><ele>213.4</ele></trkpt>
      <trkpt lat="37.7467883" lon="128.3969653"><ele>214.1</ele></trkpt>
      <trkpt lat="37.7467404" lon="128.3970614"><ele>215.5</ele></trkpt>
      <trkpt lat="37.7466946" lon="128.3971591"><ele>214.3</ele></trkpt>
      <trkpt lat="37.7466506" lon="128.3972581"><ele>213.4</ele></trkpt>
      <trkpt lat="37.7466091" lon="128.3973588"><ele>214.5</ele></trkpt>
      <trkpt lat="37.7465708" lon="128.3974616"><ele>212.9</ele></trkpt>
      <trkpt lat="37.7465318" lon="128.3975639"><ele>213.3</ele></trkpt>
      <trkpt lat="37.7464968" lon="128.3976685"><ele>213.8</ele></trkpt>
      <trkpt lat="37.7464648" lon="128.3977746"><ele>212.4</ele></trkpt>
      <trkpt lat="37.7464353" lon="128.3978818"><ele>214.4</ele></trkpt>
      <trkpt lat="37.7464071" lon="128.3979897"><ele>214.6</ele></trkpt>
      <trkpt lat="37.7463827" lon="128.3980990"><ele>214.4</ele></trkpt>
      <trkpt lat="37.7463603" lon="128.3982089"><ele>214.0</ele></trkpt>
      <trkpt lat="37.7463426" lon="128.3983203"><ele>213.9</ele></trkpt>
      <trkpt lat="37.7463287" lon="128.3984325"><ele>214.9</ele></trkpt>
      <trkpt lat="37.7463200" lon="128.3985455"><ele>214.0</ele></trkpt>
      <trkpt lat="37.7463133" lon="128.3986588"><ele>213.5</ele></trkpt>
      <trkpt lat="37.7463077" lon="128.3987721"><ele>213.1</ele></trkpt>
      <trkpt lat="37.7463045" lon="128.3988856"><ele>213.5</ele></trkpt>
      <trkpt lat="37.7463037" lon="128.3989992"><ele>212.1</ele></trkpt>
      <trkpt lat="37.7463080" lon="128.3991126"><ele>212.0</ele></trkpt>
      <trkpt lat="37.7463135" lon="128.3992259"><ele>211.5</ele></trkpt>
      <trkpt lat="37.7463178" lon="128.3993394"><ele>211.4</ele></trkpt>
      <trkpt lat="37.7463210" lon="128.3994529"><ele>212.3</ele></trkpt>
      <trkpt lat="37.7463263" lon="128.3995662"><ele>211.7</ele></trkpt>
      <trkpt lat="37.7463360" lon="128.3996791"><ele>213.2</ele></trkpt>
      <trkpt lat="37.7463451" lon="128.3997921"><ele>213.3</ele></trkpt>
      <trkpt lat="37.7463562" lon="128.3999048"><ele>213.6</ele></trkpt>
      <trkpt lat="37.7463702" lon="128.4000170"><ele>214.0</ele></trkpt>
      <trkpt lat="37.7463850" lon="128.4001290"><ele>213.0</ele></trkpt>
      <trkpt lat="37.7464025" lon="128.4002404"><ele>213.8</ele></trkpt>
      <trkpt lat="37.7464237" lon="128.4003508"><ele>213.4</ele></trkpt>
      <trkpt lat="37.7464444" lon="128.4004613"><ele>213.8</ele></trkpt>
      <trkpt lat="37.7464686" lon="128.4005706"><ele>214.1</ele></trkpt>
      <trkpt lat="37.7464952" lon="128.4006791"><ele>213.7</ele></trkpt>
      <trkpt lat="37.7465255" lon="128.4007860"><ele>213.9</ele></trkpt>
      <trkpt lat="37.7465595" lon="128.4008911"><ele>213.7</ele></trkpt>
      <trkpt lat="37.7465920" lon="128.4009970"><ele>215.4</ele></trkpt>
      <trkpt lat="37.7466277" lon="128.4011012"><ele>214.9</ele></trkpt>
      <trkpt lat="37.7466621" lon="128.4012061"><ele>215.4</ele></trkpt>
      <trkpt lat="37.7466966" lon="128.4013109"><ele>214.9</ele></trkpt>
      <trkpt lat="37.7467304" lon="128.4014162"><ele>214.9</ele></trkpt>
      <trkpt lat="37.7467636" lon="128.4015217"><ele>215.7</ele></trkpt>
      <trkpt lat="37.7467991" lon="128.4016260"><ele>217.0</ele></trkpt>
      <trkpt lat="37.7468339" lon="128.4017307"><ele>216.7</ele></trkpt>
      <trkpt lat="37.7468699" lon="128.4018348"><ele>215.7</ele></trkpt>
      <trkpt lat="37.7469107" lon="128.4019360"><ele>216.3</ele></trkpt>
      <trkpt lat="37.7469526" lon="128.4020364"><ele>215.5</ele></trkpt>
      <trkpt lat="37.7469933" lon="128.4021376"><ele>214.7</ele></trkpt>
      <trkpt lat="37.7470344" lon="128.4022386"><ele>214.7</ele></trkpt>
      <trkpt lat="37.7470745" lon="128.4023403"><ele>214.7</ele></trkpt>
      <trkpt lat="37.7471148" lon="128.4024417"><ele>214.7</ele></trkpt>
      <trkpt lat="37.7471538" lon="128.4025440"><ele>214.2</ele></trkpt>
      <trkpt lat="37.7471946" lon="128.4026452"><ele>212.7</ele></trkpt>
      <trkpt lat="37.7472366" lon="128.4027456"><ele>213.6</ele></trkpt>
      <trkpt lat="37.7472798" lon="128.4028452"><ele>212.3</ele></trkpt>
      <trkpt lat="37.7473218" lon="128.4029455"><ele>212.6</ele></trkpt>
      <trkpt lat="37.7473619" lon="128.4030472"><ele>211.9</ele></trkpt>
      <trkpt lat="37.7474023" lon="128.4031486"><ele>210.8</ele></trkpt>
      <trkpt lat="37.7474371" lon="128.4032533"><ele>209.8</ele></trkpt>
      <trkpt lat="37.7474708" lon="128.4033586"><ele>209.4</ele></trkpt>
      <trkpt lat="37.7475002" lon="128.4034659"><ele>209.2</ele></trkpt>
      <trkpt lat="37.7475255" lon="128.4035749"><ele>208.3</ele></trkpt>
      <trkpt lat="37.7475473" lon="128.4036851"><ele>207.0</ele></trkpt>
      <trkpt lat="37.7475623" lon="128.4037970"><ele>205.1</ele></trkpt>
      <trkpt lat="37.7475718" lon="128.4039100"><ele>205.8</ele></trkpt>
      <trkpt lat="37.7475769" lon="128.4040233"><ele>204.4</ele></trkpt>
      <trkpt lat="37.7475767" lon="128.4041369"><ele>205.2</ele></trkpt>
      <trkpt lat="37.7475726" lon="128.4042503"><ele>204.1</ele></trkpt>
      <trkpt lat="37.7475639" lon="128.4043634"><ele>204.5</ele></trkpt>
      <trkpt lat="37.7475535" lon="128.4044762"><ele>204.4</ele></trkpt>
      <trkpt lat="37.7475377" lon="128.4045880"><ele>204.3</ele></trkpt>
      <trkpt lat="37.7475204" lon="128.4046994"><ele>204.8</ele></trkpt>
      <trkpt lat="37.7475016" lon="128.4048104"><ele>202.5</ele></trkpt>
      <trkpt lat="37.7474821" lon="128.4049213"><ele>203.1</ele></trkpt>
      <trkpt lat="37.7474603" lon="128.4050315"><ele>202.8</ele></trkpt>
      <trkpt lat="37.7474369" lon="128.4051411"><ele>202.4</ele></trkpt>
      <trkpt lat="37.7474098" lon="128.4052494"><ele>201.6</ele></trkpt>
      <trkpt lat="37.7473827" lon="128.4053577"><ele>199.6</ele></trkpt>
      <trkpt lat="37.7473525" lon="128.4054646"><ele>199.0</ele></trkpt>
      <trkpt lat="37.7473197" lon="128.4055703"><ele>199.1</ele></trkpt>
      <trkpt lat="37.7472833" lon="128.4056742"><ele>198.5</ele></trkpt>
      <trkpt lat="37.7472426" lon="128.4057754"><ele>196.6</ele></trkpt>
      <trkpt lat="37.7471988" lon="128.4058745"><ele>196.4</ele></trkpt>
      <trkpt lat="37.7471549" lon="128.4059737"><ele>195.6</ele></trkpt>
      <trkpt lat="37.7471091" lon="128.4060713"><ele>196.4</ele></trkpt>
      <trkpt lat="37.7470590" lon="128.4061656"><ele>196.5</ele></trkpt>
      <trkpt lat="37.7470076" lon="128.4062587"><ele>195.7</ele></trkpt>
      <trkpt lat="37.7469538" lon="128.4063497"><ele>193.8</ele></trkpt>
      <trkpt lat="37.7468992" lon="128.4064399"><ele>193.1</ele></trkpt>
      <trkpt lat="37.7468424" lon="128.4065279"><ele>192.6</ele></trkpt>
      <trkpt lat="37.7467851" lon="128.4066153"><ele>191.0</ele></trkpt>
      <trkpt lat="37.7467250" lon="128.4066997"><ele>189.4</ele></trkpt>
      <trkpt lat="37.7466605" lon="128.4067788"><ele>189.4</ele></trkpt>
      <trkpt lat="37.7465934" lon="128.4068543"><ele>187.7</ele></trkpt>
      <trkpt lat="37.7465263" lon="128.4069298"><ele>187.7</ele></trkpt>
      <trkpt lat="37.7464565" lon="128.4070013"><ele>187.7</ele></trkpt>
      <trkpt lat="37.7463855" lon="128.4070708"><ele>187.4</ele></trkpt>
      <trkpt lat="37.7463129" lon="128.4071378"><ele>185.9</ele></trkpt>
      <trkpt lat="37.7462397" lon="128.4072035"><ele>186.5</ele></trkpt>
      <trkpt lat="37.7461649" lon="128.4072664"><ele>184.9</ele></trkpt>
      <trkpt lat="37.7460888" lon="128.4073267"><ele>185.6</ele></trkpt>
      <trkpt lat="37.7460108" lon="128.4073832"><ele>183.9</ele></trkpt>
      <trkpt lat="37.7459330" lon="128.4074400"><ele>184.3</ele></trkpt>
      <trkpt lat="37.7458529" lon="128.4074913"><ele>183.5</ele></trkpt>
      <trkpt lat="37.7457716" lon="128.4075397"><ele>182.7</ele></trkpt>
      <trkpt lat="37.7456895" lon="128.4075858"><ele>181.3</ele></trkpt>
      <trkpt lat="37.7456067" lon="128.4076297"><ele>180.7</ele></trkpt>
      <trkpt lat="37.7455222" lon="128.4076684"><ele>180.1</ele></trkpt>
      <trkpt lat="37.7454364" lon="128.4077018"><ele>179.6</ele></trkpt>
      <trkpt lat="37.7453490" lon="128.4077280"><ele>178.8</ele></trkpt>
      <trkpt lat="37.7452607" lon="128.4077490"><ele>180.1</ele></trkpt>
      <trkpt lat="37.7451714" lon="128.4077616"><ele>179.8</ele></trkpt>
      <trkpt lat="37.7450818" lon="128.4077701"><ele>178.2</ele></trkpt>
      <trkpt lat="37.7449920" lon="128.4077720"><ele>179.1</ele></trkpt>
      <trkpt lat="37.7449023" lon="128.4077666"><ele>179.5</ele></trkpt>
      <trkpt lat="37.7448130" lon="128.4077546"><ele>177.8</ele></trkpt>
      <trkpt lat="37.7447243" lon="128.4077365"><ele>177.3</ele></trkpt>
      <trkpt lat="37.7446364" lon="128.4077132"><ele>176.8</ele></trkpt>
      <trkpt lat="37.7445497" lon="128.4076831"><ele>176.8</ele></trkpt>
      <trkpt lat="37.7444643" lon="128.4076479"><ele>174.1</ele></trkpt>
      <trkpt lat="37.7443801" lon="128.4076085"><ele>174.2</ele></trkpt>
      <trkpt lat="37.7442973" lon="128.4075644"><ele>172.1</ele></trkpt>
      <trkpt lat="37.7442153" lon="128.4075181"><ele>171.3</ele></trkpt>
      <trkpt lat="37.7441348" lon="128.4074676"><ele>171.0</ele></trkpt>
      <trkpt lat="37.7440557" lon="128.4074137"><ele>170.0</ele></trkpt>
      <trkpt lat="37.7439775" lon="128.4073580"><ele>170.0</ele></trkpt>
      <trkpt lat="37.7439019" lon="128.4072965"><ele>170.1</ele></trkpt>
      <trkpt lat="37.7438299" lon="128.4072287"><ele>169.0</ele></trkpt>
      <trkpt lat="37.7437611" lon="128.4071556"><ele>169.3</ele></trkpt>
      <trkpt lat="37.7436954" lon="128.4070782"><ele>167.0</ele></trkpt>
      <trkpt lat="37.7436300" lon="128.4070003"><ele>168.2</ele></trkpt>
      <trkpt lat="37.7435660" lon="128.4069206"><ele>165.2</ele></trkpt>
      <trkpt lat="37.7435004" lon="128.4068431"><ele>164.3</ele></trkpt>
      <trkpt lat="37.7434347" lon="128.4067656"><ele>163.3</ele></trkpt>
      <trkpt lat="37.7433715" lon="128.4066849"><ele>162.8</ele></trkpt>
      <trkpt lat="37.7433103" lon="128.4066017"><ele>162.9</ele></trkpt>
      <trkpt lat="37.7432477" lon="128.4065204"><ele>162.2</ele></trkpt>
      <trkpt lat="37.7431845" lon="128.4064396"><ele>161.8</ele></trkpt>
      <trkpt lat="37.7431202" lon="128.4063603"><ele>159.7</ele></trkpt>
      <trkpt lat="37.7430537" lon="128.4062839"><ele>161.0</ele></trkpt>
      <trkpt lat="37.7429854" lon="128.4062101"><ele>161.2</ele></trkpt>
      <trkpt lat="37.7429175" lon="128.4061359"><ele>160.6</ele></trkpt>
      <trkpt lat="37.7428478" lon="128.4060643"><ele>160.6</ele></trkpt>
      <trkpt lat="37.7427775" lon="128.4059935"><ele>159.0</ele></trkpt>
      <trkpt lat="37.7427045" lon="128.4059273"><ele>158.6</ele></trkpt>
      <trkpt lat="37.7426324" lon="128.4058597"><ele>159.0</ele></trkpt>
      <trkpt lat="37.7425586" lon="128.4057948"><ele>158.6</ele></trkpt>
      <trkpt lat="37.7424858" lon="128.4057283"><ele>157.5</ele></trkpt>
      <trkpt lat="37.7424137" lon="128.4056605"><ele>156.9</ele></trkpt>
      <trkpt lat="37.7423399" lon="128.4055957"><ele>156.8</ele></trkpt>
      <trkpt lat="37.7422641" lon="128.4055349"><ele>155.7</ele></trkpt>
      <trkpt lat="37.7421891" lon="128.4054724"><ele>154.3</ele></trkpt>
      <trkpt lat="37.7421129" lon="128.4054122"><ele>153.2</ele></trkpt>
      <trkpt lat="37.7420380" lon="128.4053495"><ele>153.2</ele></trkpt>
      <trkpt lat="37.7419644" lon="128.4052845"><ele>154.1</ele></trkpt>
      <trkpt lat="37.7418927" lon="128.4052161"><ele>153.4</ele></trkpt>
      <trkpt lat="37.7418208" lon="128.4051480"><ele>152.6</ele></trkpt>
      <trkpt lat="37.7417481" lon="128.4050811"><ele>151.2</ele></trkpt>
      <trkpt lat="37.7416740" lon="128.4050170"><ele>152.4</ele></trkpt>
      <trkpt lat="37.7415985" lon="128.4049555"><ele>151.4</ele></trkpt>
      <trkpt lat="37.7415220" lon="128.4048959"><ele>149.5</ele></trkpt>
      <trkpt lat="37.7414452" lon="128.4048370"><ele>149.8</ele></trkpt>
      <trkpt lat="37.7413675" lon="128.4047801"><ele>148.7</ele></trkpt>
      <trkpt lat="37.7412906" lon="128.4047213"><ele>147.2</ele></trkpt>
      <trkpt lat="37.7412126" lon="128.4046650"><ele>146.3</ele></trkpt>
      <trkpt lat="37.7411355" lon="128.4046068"><ele>145.7</ele></trkpt>
      <trkpt lat="37.7410590" lon="128.4045473"><ele>143.2</ele></trkpt>
      <trkpt lat="37.7409836" lon="128.4044856"><ele>143.2</ele></trkpt>
      <trkpt lat="37.7409081" lon="128.4044240"><ele>141.9</ele></trkpt>
      <trkpt lat="37.7408328" lon="128.4043620"><ele>143.5</ele></trkpt>
      <trkpt lat="37.7407573" lon="128.4043004"><ele>142.0</ele></trkpt>
      <trkpt lat="37.7406815" lon="128.4042396"><ele>141.5</ele></trkpt>
      <trkpt lat="37.7406066" lon="128.4041768"><ele>141.8</ele></trkpt>
      <trkpt lat="37.7405337" lon="128.4041104"><ele>140.5</ele></trkpt>
      <trkpt lat="37.7404618" lon="128.4040424"><ele>139.3</ele></trkpt>
      <trkpt lat="37.7403884" lon="128.4039769"><ele>138.4</ele></trkpt>
      <trkpt lat="37.7403140" lon="128.4039133"><ele>137.4</ele></trkpt>
      <trkpt lat="37.7402411" lon="128.4038469"><ele>136.9</ele></trkpt>
      <trkpt lat="37.7401686" lon="128.4037798"><ele>137.8</ele></trkpt>
      <trkpt lat="37.7400958" lon="128.4037134"><ele>136.2</ele></trkpt>
      <trkpt lat="37.7400234" lon="128.4036461"><ele>135.8</ele></trkpt>
      <trkpt lat="37.7399511" lon="128.4035788"><ele>136.2</ele></trkpt>
      <trkpt lat="37.7398778" lon="128.4035131"><ele>134.8</ele></trkpt>
      <trkpt lat="37.7398033" lon="128.4034496"><ele>134.4</ele></trkpt>
      <trkpt lat="37.7397292" lon="128.4033853"><ele>135.3</ele></trkpt>
      <trkpt lat="37.7396556" lon="128.4033204"><ele>133.7</ele></trkpt>
      <trkpt lat="37.7395812" lon="128.4032566"><ele>134.6</ele></trkpt>
      <trkpt lat="37.7395068" lon="128.4031930"><ele>134.5</ele></trkpt>
      <trkpt lat="37.7394319" lon="128.4031302"><ele>134.5</ele></trkpt>
      <trkpt lat="37.7393564" lon="128.4030688"><ele>132.1</ele></trkpt>
      <trkpt lat="37.7392799" lon="128.4030092"><ele>131.4</ele></trkpt>
      <trkpt lat="37.7392031" lon="128.4029503"><ele>130.2</ele></trkpt>
      <trkpt lat="37.7391272" lon="128.4028896"><ele>131.2</ele></trkpt>
      <trkpt lat="37.7390517" lon="128.4028281"><ele>128.7</ele></trkpt>
      <trkpt lat="37.7389745" lon="128.4027699"><ele>127.8</ele></trkpt>
      <trkpt lat="37.7388955" lon="128.4027159"><ele>127.2</ele></trkpt>
      <trkpt lat="37.7388145" lon="128.4026667"><ele>126.6</ele></trkpt>
      <trkpt lat="37.7387322" lon="128.4026213"><ele>126.1</ele></trkpt>
      <trkpt lat="37.7386482" lon="128.4025810"><ele>126.8</ele></trkpt>
      <trkpt lat="37.7385638" lon="128.4025423"><ele>124.9</ele></trkpt>
      <trkpt lat="37.7384795" lon="128.4025029"><ele>126.2</ele></trkpt>
      <trkpt lat="37.7383935" lon="128.4024704"><ele>124.4</ele></trkpt>
      <trkpt lat="37.7383063" lon="128.4024427"><ele>124.5</ele></trkpt>
      <trkpt lat="37.7382192" lon="128.4024149"><ele>123.3</ele></trkpt>
      <trkpt lat="37.7381317" lon="128.4023891"><ele>121.8</ele></trkpt>
      <trkpt lat="37.7380436" lon="128.4023675"><ele>120.6</ele></trkpt>
      <trkpt lat="37.7379557" lon="128.4023436"><ele>119.4</ele></trkpt>
      <trkpt lat="37.7378675" lon="128.4023221"><ele>118.9</ele></trkpt>
      <trkpt lat="37.7377793" lon="128.4023007"><ele>118.3</ele></trkpt>
      <trkpt lat="37.7376911" lon="128.4022789"><ele>116.8</ele></trkpt>
      <trkpt lat="37.7376024" lon="128.4022611"><ele>116.1</ele></trkpt>
      <trkpt lat="37.7375137" lon="128.4022432"><ele>117.8</ele></trkpt>
      <trkpt lat="37.7374246" lon="128.4022287"><ele>116.1</ele></trkpt>
      <trkpt lat="37.7373352" lon="128.4022173"><ele>116.3</ele></trkpt>
      <trkpt lat="37.7372458" lon="128.4022074"><ele>118.1</ele></trkpt>
      <trkpt lat="37.7371560" lon="128.4022018"><ele>117.5</ele></trkpt>
      <trkpt lat="37.7370662" lon="128.4022000"><ele>116.9</ele></trkpt>
      <trkpt lat="37.7369764" lon="128.4022020"><ele>118.2</ele></trkpt>
      <trkpt lat="37.7368866" lon="128.4022048"><ele>116.8</ele></trkpt>
      <trkpt lat="37.7367968" lon="128.4022067"><ele>117.2</ele></trkpt>
      <trkpt lat="37.7367070" lon="128.4022088"><ele>117.8</ele></trkpt>
      <trkpt lat="37.7366172" lon="128.4022138"><ele>116.8</ele></trkpt>
      <trkpt lat="37.7365274" lon="128.4022176"><ele>117.6</ele></trkpt>
      <trkpt lat="37.7364377" lon="128.4022237"><ele>116.3</ele></trkpt>
      <trkpt lat="37.7363479" lon="128.4022260"><ele>116.9</ele></trkpt>
      <trkpt lat="37.7362581" lon="128.4022226"><ele>117.4</ele></trkpt>
      <trkpt lat="37.7361685" lon="128.4022147"><ele>117.3</ele></trkpt>
      <trkpt lat="37.7360792" lon="128.4022021"><ele>117.3</ele></trkpt>
      <trkpt lat="37.7359898" lon="128.4021911"><ele>118.7</ele></trkpt>
      <trkpt lat="37.7359005" lon="128.4021792"><ele>118.7</ele></trkpt>
      <trkpt lat="37.7358115" lon="128.4021641"><ele>118.8</ele></trkpt>
      <trkpt lat="37.7357226" lon="128.4021473"><ele>118.7</ele></trkpt>
      <trkpt lat="37.7356343" lon="128.4021264"><ele>119.1</ele></trkpt>
      <trkpt lat="37.7355460" lon="128.4021056"><ele>118.9</ele></trkpt>
      <trkpt lat="37.7354577" lon="128.4020845"><ele>118.2</ele></trkpt>
      <trkpt lat="37.7353693" lon="128.4020645"><ele>116.5</ele></trkpt>
      <trkpt lat="37.7352815" lon="128.4020405"><ele>117.0</ele></trkpt>
      <trkpt lat="37.7351933" lon="128.4020192"><ele>117.0</ele></trkpt>
      <trkpt lat="37.7351057" lon="128.4019939"><ele>115.8</ele></trkpt>
      <trkpt lat="37.7350187" lon="128.4019655"><ele>116.8</ele></trkpt>
      <trkpt lat="37.7349322" lon="128.4019350"><ele>117.2</ele></trkpt>
      <trkpt lat="37.7348459" lon="128.4019032"><ele>115.4</ele></trkpt>
      <trkpt lat="37.7347595" lon="128.4018726"><ele>115.3</ele></trkpt>
      <trkpt lat="37.7346736" lon="128.4018391"><ele>115.9</ele></trkpt>
      <trkpt lat="37.7345882" lon="128.4018040"><ele>115.5</ele></trkpt>
      <trkpt lat="37.7345040" lon="128.4017645"><ele>116.4</ele></trkpt>
      <trkpt lat="37.7344195" lon="128.4017256"><ele>115.9</ele></trkpt>
      <trkpt lat="37.7343349" lon="128.4016877"><ele>115.1</ele></trkpt>
      <trkpt lat="37.7342500" lon="128.4016504"><ele>116.4</ele></trkpt>
      <trkpt lat="37.7341655" lon="128.4016121"><ele>115.8</ele></trkpt>
      <trkpt lat="37.7340806" lon="128.4015747"><ele>114.2</ele></trkpt>
      <trkpt lat="37.7339954" lon="128.4015388"><ele>114.4</ele></trkpt>
      <trkpt lat="37.7339098" lon="128.4015045"><ele>115.0</ele></trkpt>
      <trkpt lat="37.7338239" lon="128.4014711"><ele>114.0</ele></trkpt>
      <trkpt lat="37.7337381" lon="128.4014374"><ele>114.9</ele></trkpt>
      <trkpt lat="37.7336523" lon="128.4014040"><ele>115.5</ele></trkpt>
      <trkpt lat="37.7335672" lon="128.4013676"><ele>115.2</ele></trkpt>
      <trkpt lat="37.7334828" lon="128.4013286"><ele>116.6</ele></trkpt>
      <trkpt lat="37.7333980" lon="128.4012914"><ele>115.6</ele></trkpt>
      <trkpt lat="37.7333139" lon="128.4012514"><ele>117.3</ele></trkpt>
      <trkpt lat="37.7332299" lon="128.4012109"><ele>117.2</ele></trkpt>
      <trkpt lat="37.7331451" lon="128.4011734"><ele>117.9</ele></trkpt>
      <trkpt lat="37.7330614" lon="128.4011323"><ele>116.9</ele></trkpt>
      <trkpt lat="37.7329783" lon="128.4010891"><ele>115.8</ele></trkpt>
      <trkpt lat="37.7328969" lon="128.4010411"><ele>117.2</ele></trkpt>
      <trkpt lat="37.7328161" lon="128.4009916"><ele>115.9</ele></trkpt>
      <trkpt lat="37.7327375" lon="128.4009365"><ele>115.4</ele></trkpt>
      <trkpt lat="37.7326602" lon="128.4008787"><ele>116.7</ele></trkpt>
      <trkpt lat="37.7325848" lon="128.4008170"><ele>116.7</ele></trkpt>
      <trkpt lat="37.7325094" lon="128.4007553"><ele>116.6</ele></trkpt>
      <trkpt lat="37.7324352" lon="128.4006913"><ele>116.9</ele></trkpt>
      <trkpt lat="37.7323606" lon="128.4006280"><ele>116.3</ele></trkpt>
      <trkpt lat="37.7322878" lon="128.4005615"><ele>116.8</ele></trkpt>
      <trkpt lat="37.7322181" lon="128.4004898"><ele>116.7</ele></trkpt>
      <trkpt lat="37.7321502" lon="128.4004154"><ele>115.6</ele></trkpt>
      <trkpt lat="37.7320861" lon="128.4003359"><ele>115.5</ele></trkpt>
      <trkpt lat="37.7320233" lon="128.4002547"><ele>115.9</ele></trkpt>
      <trkpt lat="37.7319621" lon="128.4001716"><ele>114.6</ele></trkpt>
      <trkpt lat="37.7319024" lon="128.4000867"><ele>114.4</ele></trkpt>
      <trkpt lat="37.7318428" lon="128.4000017"><ele>114.5</ele></trkpt>
      <trkpt lat="37.7317842" lon="128.3999157"><ele>114.6</ele></trkpt>
      <trkpt lat="37.7317291" lon="128.3998259"><ele>113.0</ele></trkpt>
      <trkpt lat="37.7316737" lon="128.3997365"><ele>113.0</ele></trkpt>
      <trkpt lat="37.7316199" lon="128.3996456"><ele>113.2</ele></trkpt>
      <trkpt lat="37.7315677" lon="128.3995531"><ele>113.5</ele></trkpt>
      <trkpt lat="37.7315170" lon="128.3994594"><ele>114.0</ele></trkpt>
      <trkpt lat="37.7314671" lon="128.3993650"><ele>113.5</ele></trkpt>
      <trkpt lat="37.7314170" lon="128.3992707"><ele>114.9</ele></trkpt>
      <trkpt lat="37.7313658" lon="128.3991774"><ele>113.7</ele></trkpt>
      <trkpt lat="37.7313157" lon="128.3990831"><ele>113.9</ele></trkpt>
      <trkpt lat="37.7312665" lon="128.3989882"><ele>115.0</ele></trkpt>
      <trkpt lat="37.7312195" lon="128.3988913"><ele>114.7</ele></trkpt>
      <trkpt lat="37.7311724" lon="128.3987947"><ele>113.8</ele></trkpt>
      <trkpt lat="37.7311250" lon="128.3986982"><ele>113.7</ele></trkpt>
      <trkpt lat="37.7310793" lon="128.3986004"><ele>114.7</ele></trkpt>
      <trkpt lat="37.7310313" lon="128.3985044"><ele>114.9</ele></trkpt>
      <trkpt lat="37.7309855" lon="128.3984067"><ele>113.6</ele></trkpt>
      <trkpt lat="37.7309398" lon="128.3983090"><ele>114.8</ele></trkpt>
      <trkpt lat="37.7308963" lon="128.3982096"><ele>113.6</ele></trkpt>
      <trkpt lat="37.7308513" lon="128.3981113"><ele>114.1</ele></trkpt>
      <trkpt lat="37.7308041" lon="128.3980147"><ele>115.7</ele></trkpt>
      <trkpt lat="37.7307576" lon="128.3979175"><ele>114.9</ele></trkpt>
      <trkpt lat="37.7307093" lon="128.3978218"><ele>116.9</ele></trkpt>
      <trkpt lat="37.7306598" lon="128.3977270"><ele>116.5</ele></trkpt>
      <trkpt lat="37.7306102" lon="128.3976323"><ele>115.4</ele></trkpt>
      <trkpt lat="37.7305587" lon="128.3975393"><ele>115.9</ele></trkpt>
      <trkpt lat="37.7305076" lon="128.3974459"><ele>115.8</ele></trkpt>
      <trkpt lat="37.7304547" lon="128.3973541"><ele>114.7</ele></trkpt>
      <trkpt lat="37.7303988" lon="128.3972652"><ele>114.9</ele></trkpt>
      <trkpt lat="37.7303426" lon="128.3971766"><ele>115.4</ele></trkpt>
      <trkpt lat="37.7302867" lon="128.3970877"><ele>114.4</ele></trkpt>
      <trkpt lat="37.7302273" lon="128.3970025"><ele>115.0</ele></trkpt>
    </trkseg>
  </trk>
</gpx>
