<?xml version="1.0" encoding="UTF-8"?>
<gpx creator="StravaGPX" version="1.1" schemaLocation="http://www.topografix.com/GPX/1/1 http://www.topografix.com/GPX/1/1/gpx.xsd" xmlns="http://www.topografix.com/GPX/1/1" xmlns:xsi="http://www.w3.org/2001/XMLSchema-instance" xsi:schemaLocation="http://www.topografix.com/GPX/1/1 http://www.topografix.com/GPX/1/1/gpx.xsd http://www.garmin.com/xmlschemas/GpxExtensions/v3 http://www.garmin.com/xmlschemas/GpxExtensionsv3.xsd http://www.garmin.com/xmlschemas/TrackPointExtension/v1 http://www.garmin.com/xmlschemas/TrackPointExtensionv1.xsd http://www.garmin.com/xmlschemas/PowerExtension/v1 http://www.garmin.com/xmlschemas/PowerExtensionv1.xsd http://www.topografix.com/GPX/gpx_style/0/2 http://www.topografix.com/GPX/gpx_style/0/2/gpx_style.xsd" xmlns:gpxtpx="http://www.garmin.com/xmlschemas/TrackPointExtension/v1" xmlns:gpxx="http://www.garmin.com/xmlschemas/GpxExtensions/v3" xmlns:gpxpx="http://www.garmin.com/xmlschemas/PowerExtension/v1" xmlns:gpx_style="http://www.topografix.com/GPX/gpx_style/0/2">
  <metadata>
    <name>Evening_Run</name>
    <author>
      <name>gpx.studio</name>
      <link href="https://gpx.studio"/>
    </author>
  </metadata>
  <trk>
    <name>Evening Run</name>
    <type>running</type>
    <trkseg>
      <trkpt lat="37.553933" lon="127.045682">
        <ele>12</ele>
      </trkpt>
      <trkpt lat="37.553923" lon="127.045641">
        <ele>12.2</ele>
      </trkpt>
      <trkpt lat="37.553903" lon="127.045627">
        <ele>12.2</ele>
      </trkpt>
      <trkpt lat="37.553879" lon="127.045603">
        <ele>12.4</ele>
      </trkpt>
      <trkpt lat="37.553857" lon="127.045597">
        <ele>12.4</ele>
      </trkpt>
      <trkpt lat="37.553834" lon="127.045567">
        <ele>12.4</ele>
      </trkpt>
      <trkpt lat="37.553825" lon="127.045537">
        <ele>12.4</ele>
      </trkpt>
      <trkpt lat="37.55382" lon="127.0455">
        <ele>12.4</ele>
      </trkpt>
      <trkpt lat="37.553811" lon="127.045466">
        <ele>12.6</ele>
      </trkpt>
      <trkpt lat="37.553801" lon="127.04544">
        <ele>13</ele>
      </trkpt>
      <trkpt lat="37.553792" lon="127.045403">
        <ele>13.2</ele>
      </trkpt>
      <trkpt lat="37.553779" lon="127.045377">
        <ele>13.4</ele>
      </trkpt>
      <trkpt lat="37.553772" lon="127.045337">
        <ele>13.6</ele>
      </trkpt>
      <trkpt lat="37.553764" lon="127.045303">
        <ele>13.6</ele>
      </trkpt>
      <trkpt lat="37.553758" lon="127.045266">
        <ele>13.6</ele>
      </trkpt>
      <trkpt lat="37.553753" lon="127.04523">
        <ele>13.4</ele>
      </trkpt>
      <trkpt lat="37.553745" lon="127.045199">
        <ele>13.6</ele>
      </trkpt>
      <trkpt lat="37.553739" lon="127.045164">
        <ele>13.6</ele>
      </trkpt>
      <trkpt lat="37.553723" lon="127.045134">
        <ele>13.6</ele>
      </trkpt>
      <trkpt lat="37.553713" lon="127.045095">
        <ele>13.6</ele>
      </trkpt>
      <trkpt lat="37.5537" lon="127.045069">
        <ele>13.6</ele>
      </trkpt>
      <trkpt lat="37.553692" lon="127.045031">
        <ele>13.6</ele>
      </trkpt>
      <trkpt lat="37.553686" lon="127.044998">
        <ele>13.6</ele>
      </trkpt>
      <trkpt lat="37.553676" lon="127.044957">
        <ele>13.4</ele>
      </trkpt>
      <trkpt lat="37.55367" lon="127.044922">
        <ele>13.4</ele>
      </trkpt>
      <trkpt lat="37.55366" lon="127.04489">
        <ele>13.4</ele>
      </trkpt>
      <trkpt lat="37.553654" lon="127.044854">
        <ele>13.4</ele>
      </trkpt>
      <trkpt lat="37.553642" lon="127.044828">
        <ele>13.4</ele>
      </trkpt>
      <trkpt lat="37.553634" lon="127.044789">
        <ele>13.4</ele>
      </trkpt>
      <trkpt lat="37.553621" lon="127.044761">
        <ele>13.4</ele>
      </trkpt>
      <trkpt lat="37.553614" lon="127.044721">
        <ele>13.6</ele>
      </trkpt>
      <trkpt lat="37.553607" lon="127.044688">
        <ele>13.6</ele>
      </trkpt>
      <trkpt lat="37.553606" lon="127.044655">
        <ele>13.6</ele>
      </trkpt>
      <trkpt lat="37.553599" lon="127.044622">
        <ele>13.6</ele>
      </trkpt>
      <trkpt lat="37.553589" lon="127.044591">
        <ele>13.6</ele>
      </trkpt>
      <trkpt lat="37.553584" lon="127.044555">
        <ele>13.6</ele>
      </trkpt>
      <trkpt lat="37.553575" lon="127.044527">
        <ele>13.4</ele>
      </trkpt>
      <trkpt lat="37.553564" lon="127.044489">
        <ele>13.4</ele>
      </trkpt>
      <trkpt lat="37.553555" lon="127.04446">
        <ele>13.2</ele>
      </trkpt>
      <trkpt lat="37.553549" lon="127.044425">
        <ele>13.2</ele>
      </trkpt>
      <trkpt lat="37.55354" lon="127.044397">
        <ele>13</ele>
      </trkpt>
      <trkpt lat="37.553534" lon="127.044359">
        <ele>13</ele>
      </trkpt>
      <trkpt lat="37.553526" lon="127.044331">
        <ele>12.8</ele>
      </trkpt>
      <trkpt lat="37.553519" lon="127.044296">
        <ele>12.8</ele>
      </trkpt>
      <trkpt lat="37.553514" lon="127.044267">
        <ele>12.6</ele>
      </trkpt>
      <trkpt lat="37.553505" lon="127.044236">
        <ele>12.8</ele>
      </trkpt>
      <trkpt lat="37.553498" lon="127.0442">
        <ele>12.8</ele>
      </trkpt>
      <trkpt lat="37.553486" lon="127.044172">
        <ele>12.6</ele>
      </trkpt>
      <trkpt lat="37.553482" lon="127.044132">
        <ele>12.6</ele>
      </trkpt>
      <trkpt lat="37.553469" lon="127.044101">
        <ele>12.4</ele>
      </trkpt>
      <trkpt lat="37.553463" lon="127.044056">
        <ele>12.2</ele>
      </trkpt>
      <trkpt lat="37.553451" lon="127.044024">
        <ele>11.8</ele>
      </trkpt>
      <trkpt lat="37.553448" lon="127.043974">
        <ele>11.6</ele>
      </trkpt>
      <trkpt lat="37.553441" lon="127.043941">
        <ele>11.4</ele>
      </trkpt>
      <trkpt lat="37.553437" lon="127.043905">
        <ele>11.2</ele>
      </trkpt>
      <trkpt lat="37.553433" lon="127.043879">
        <ele>11.2</ele>
      </trkpt>
      <trkpt lat="37.553426" lon="127.043846">
        <ele>11.4</ele>
      </trkpt>
      <trkpt lat="37.553424" lon="127.043816">
        <ele>11.4</ele>
      </trkpt>
      <trkpt lat="37.553425" lon="127.043784">
        <ele>11.6</ele>
      </trkpt>
      <trkpt lat="37.553426" lon="127.04375">
        <ele>11.6</ele>
      </trkpt>
      <trkpt lat="37.553427" lon="127.043722">
        <ele>11.6</ele>
      </trkpt>
      <trkpt lat="37.553433" lon="127.043675">
        <ele>11.8</ele>
      </trkpt>
      <trkpt lat="37.553426" lon="127.043634">
        <ele>11.6</ele>
      </trkpt>
      <trkpt lat="37.553424" lon="127.043596">
        <ele>11.6</ele>
      </trkpt>
      <trkpt lat="37.553417" lon="127.043563">
        <ele>11.8</ele>
      </trkpt>
      <trkpt lat="37.553413" lon="127.043527">
        <ele>11.6</ele>
      </trkpt>
      <trkpt lat="37.553403" lon="127.043497">
        <ele>11.6</ele>
      </trkpt>
      <trkpt lat="37.553399" lon="127.043462">
        <ele>11.8</ele>
      </trkpt>
      <trkpt lat="37.553393" lon="127.043429">
        <ele>12.2</ele>
      </trkpt>
      <trkpt lat="37.553389" lon="127.043395">
        <ele>12.6</ele>
      </trkpt>
      <trkpt lat="37.553384" lon="127.043362">
        <ele>13</ele>
      </trkpt>
      <trkpt lat="37.553377" lon="127.043328">
        <ele>13.2</ele>
      </trkpt>
      <trkpt lat="37.553374" lon="127.043293">
        <ele>13.4</ele>
      </trkpt>
      <trkpt lat="37.55337" lon="127.043263">
        <ele>13.2</ele>
      </trkpt>
      <trkpt lat="37.553371" lon="127.043228">
        <ele>13</ele>
      </trkpt>
      <trkpt lat="37.553364" lon="127.0432">
        <ele>12.8</ele>
      </trkpt>
      <trkpt lat="37.553364" lon="127.043166">
        <ele>12.8</ele>
      </trkpt>
      <trkpt lat="37.553357" lon="127.043139">
        <ele>12.8</ele>
      </trkpt>
      <trkpt lat="37.553356" lon="127.043107">
        <ele>12.8</ele>
      </trkpt>
      <trkpt lat="37.553352" lon="127.043076">
        <ele>12.8</ele>
      </trkpt>
      <trkpt lat="37.553347" lon="127.04304">
        <ele>12.8</ele>
      </trkpt>
      <trkpt lat="37.553346" lon="127.043008">
        <ele>13</ele>
      </trkpt>
      <trkpt lat="37.553342" lon="127.042974">
        <ele>13</ele>
      </trkpt>
      <trkpt lat="37.553338" lon="127.042942">
        <ele>13</ele>
      </trkpt>
      <trkpt lat="37.553332" lon="127.042909">
        <ele>13.4</ele>
      </trkpt>
      <trkpt lat="37.55333" lon="127.042872">
        <ele>13.4</ele>
      </trkpt>
      <trkpt lat="37.553323" lon="127.042841">
        <ele>13.6</ele>
      </trkpt>
      <trkpt lat="37.553323" lon="127.042805">
        <ele>13.8</ele>
      </trkpt>
      <trkpt lat="37.55331" lon="127.042773">
        <ele>13.8</ele>
      </trkpt>
      <trkpt lat="37.553306" lon="127.042735">
        <ele>13.8</ele>
      </trkpt>
      <trkpt lat="37.553296" lon="127.042706">
        <ele>13.6</ele>
      </trkpt>
      <trkpt lat="37.553292" lon="127.042669">
        <ele>13.8</ele>
      </trkpt>
      <trkpt lat="37.553284" lon="127.042639">
        <ele>13.8</ele>
      </trkpt>
      <trkpt lat="37.553277" lon="127.042602">
        <ele>14</ele>
      </trkpt>
      <trkpt lat="37.553273" lon="127.042568">
        <ele>14</ele>
      </trkpt>
      <trkpt lat="37.553265" lon="127.042534">
        <ele>14.2</ele>
      </trkpt>
      <trkpt lat="37.55326" lon="127.0425">
        <ele>14.2</ele>
      </trkpt>
      <trkpt lat="37.553252" lon="127.042466">
        <ele>14.2</ele>
      </trkpt>
      <trkpt lat="37.553248" lon="127.04243">
        <ele>14.4</ele>
      </trkpt>
      <trkpt lat="37.55324" lon="127.042402">
        <ele>14.4</ele>
      </trkpt>
      <trkpt lat="37.553232" lon="127.042366">
        <ele>14.4</ele>
      </trkpt>
      <trkpt lat="37.553221" lon="127.042338">
        <ele>14.6</ele>
      </trkpt>
      <trkpt lat="37.553217" lon="127.042302">
        <ele>14.6</ele>
      </trkpt>
      <trkpt lat="37.55321" lon="127.042273">
        <ele>14.6</ele>
      </trkpt>
      <trkpt lat="37.553205" lon="127.042237">
        <ele>14.6</ele>
      </trkpt>
      <trkpt lat="37.553198" lon="127.042208">
        <ele>14.6</ele>
      </trkpt>
      <trkpt lat="37.553189" lon="127.042171">
        <ele>14.6</ele>
      </trkpt>
      <trkpt lat="37.553183" lon="127.042136">
        <ele>14.6</ele>
      </trkpt>
      <trkpt lat="37.553176" lon="127.042099">
        <ele>14.6</ele>
      </trkpt>
      <trkpt lat="37.553171" lon="127.042063">
        <ele>14.6</ele>
      </trkpt>
      <trkpt lat="37.553163" lon="127.04203">
        <ele>14.6</ele>
      </trkpt>
      <trkpt lat="37.553157" lon="127.041991">
        <ele>14.6</ele>
      </trkpt>
      <trkpt lat="37.553146" lon="127.041962">
        <ele>14.8</ele>
      </trkpt>
      <trkpt lat="37.553138" lon="127.041923">
        <ele>14.6</ele>
      </trkpt>
      <trkpt lat="37.553126" lon="127.04189">
        <ele>14.8</ele>
      </trkpt>
      <trkpt lat="37.553117" lon="127.041846">
        <ele>14.8</ele>
      </trkpt>
      <trkpt lat="37.553108" lon="127.041814">
        <ele>14.6</ele>
      </trkpt>
      <trkpt lat="37.553099" lon="127.041777">
        <ele>14.6</ele>
      </trkpt>
      <trkpt lat="37.553092" lon="127.041747">
        <ele>14.6</ele>
      </trkpt>
      <trkpt lat="37.553082" lon="127.041717">
        <ele>14.8</ele>
      </trkpt>
      <trkpt lat="37.553073" lon="127.041685">
        <ele>14.8</ele>
      </trkpt>
      <trkpt lat="37.55306" lon="127.041658">
        <ele>14.8</ele>
      </trkpt>
      <trkpt lat="37.553052" lon="127.041625">
        <ele>15</ele>
      </trkpt>
      <trkpt lat="37.553042" lon="127.041595">
        <ele>15</ele>
      </trkpt>
      <trkpt lat="37.553034" lon="127.041559">
        <ele>15</ele>
      </trkpt>
      <trkpt lat="37.553023" lon="127.041529">
        <ele>15</ele>
      </trkpt>
      <trkpt lat="37.553014" lon="127.041494">
        <ele>15</ele>
      </trkpt>
      <trkpt lat="37.553009" lon="127.041462">
        <ele>15</ele>
      </trkpt>
      <trkpt lat="37.552999" lon="127.041428">
        <ele>15.2</ele>
      </trkpt>
      <trkpt lat="37.552995" lon="127.041398">
        <ele>15</ele>
      </trkpt>
      <trkpt lat="37.552984" lon="127.041367">
        <ele>15</ele>
      </trkpt>
      <trkpt lat="37.552977" lon="127.041333">
        <ele>15</ele>
      </trkpt>
      <trkpt lat="37.552965" lon="127.041303">
        <ele>15</ele>
      </trkpt>
      <trkpt lat="37.552956" lon="127.041266">
        <ele>15</ele>
      </trkpt>
      <trkpt lat="37.55294" lon="127.041239">
        <ele>15.2</ele>
      </trkpt>
      <trkpt lat="37.55293" lon="127.041206">
        <ele>15.2</ele>
      </trkpt>
      <trkpt lat="37.55292" lon="127.04118">
        <ele>15.4</ele>
      </trkpt>
      <trkpt lat="37.552911" lon="127.041142">
        <ele>15.4</ele>
      </trkpt>
      <trkpt lat="37.552903" lon="127.04111">
        <ele>15.4</ele>
      </trkpt>
      <trkpt lat="37.552892" lon="127.041078">
        <ele>15.4</ele>
      </trkpt>
      <trkpt lat="37.552882" lon="127.041048">
        <ele>15.6</ele>
      </trkpt>
      <trkpt lat="37.552869" lon="127.041016">
        <ele>15.6</ele>
      </trkpt>
      <trkpt lat="37.552861" lon="127.040982">
        <ele>15.4</ele>
      </trkpt>
      <trkpt lat="37.552848" lon="127.040954">
        <ele>15.6</ele>
      </trkpt>
      <trkpt lat="37.552842" lon="127.040919">
        <ele>15.6</ele>
      </trkpt>
      <trkpt lat="37.552826" lon="127.040891">
        <ele>15.6</ele>
      </trkpt>
      <trkpt lat="37.552817" lon="127.040858">
        <ele>15.6</ele>
      </trkpt>
      <trkpt lat="37.552805" lon="127.040832">
        <ele>15.8</ele>
      </trkpt>
      <trkpt lat="37.552796" lon="127.0408">
        <ele>15.8</ele>
      </trkpt>
      <trkpt lat="37.552786" lon="127.040768">
        <ele>16</ele>
      </trkpt>
      <trkpt lat="37.552777" lon="127.040733">
        <ele>16</ele>
      </trkpt>
      <trkpt lat="37.552769" lon="127.040701">
        <ele>16.2</ele>
      </trkpt>
      <trkpt lat="37.552757" lon="127.040668">
        <ele>16.2</ele>
      </trkpt>
      <trkpt lat="37.552751" lon="127.040629">
        <ele>16.2</ele>
      </trkpt>
      <trkpt lat="37.552737" lon="127.040598">
        <ele>16</ele>
      </trkpt>
      <trkpt lat="37.552727" lon="127.040565">
        <ele>15.8</ele>
      </trkpt>
      <trkpt lat="37.552712" lon="127.04054">
        <ele>15.8</ele>
      </trkpt>
      <trkpt lat="37.552704" lon="127.040506">
        <ele>15.6</ele>
      </trkpt>
      <trkpt lat="37.552688" lon="127.04048">
        <ele>15.6</ele>
      </trkpt>
      <trkpt lat="37.552678" lon="127.04044">
        <ele>15.8</ele>
      </trkpt>
      <trkpt lat="37.552667" lon="127.040412">
        <ele>15.8</ele>
      </trkpt>
      <trkpt lat="37.552655" lon="127.040376">
        <ele>15.8</ele>
      </trkpt>
      <trkpt lat="37.552645" lon="127.040345">
        <ele>15.8</ele>
      </trkpt>
      <trkpt lat="37.552633" lon="127.040308">
        <ele>16</ele>
      </trkpt>
      <trkpt lat="37.552621" lon="127.040276">
        <ele>16</ele>
      </trkpt>
      <trkpt lat="37.552609" lon="127.04024">
        <ele>16</ele>
      </trkpt>
      <trkpt lat="37.552601" lon="127.04021">
        <ele>16.2</ele>
      </trkpt>
      <trkpt lat="37.552592" lon="127.040175">
        <ele>16.2</ele>
      </trkpt>
      <trkpt lat="37.55258" lon="127.040148">
        <ele>16.4</ele>
      </trkpt>
      <trkpt lat="37.552564" lon="127.040118">
        <ele>16.4</ele>
      </trkpt>
      <trkpt lat="37.552554" lon="127.040083">
        <ele>16.6</ele>
      </trkpt>
      <trkpt lat="37.552531" lon="127.040054">
        <ele>16.6</ele>
      </trkpt>
      <trkpt lat="37.55252" lon="127.040018">
        <ele>16.4</ele>
      </trkpt>
      <trkpt lat="37.552503" lon="127.039989">
        <ele>16.4</ele>
      </trkpt>
      <trkpt lat="37.552489" lon="127.039954">
        <ele>16.4</ele>
      </trkpt>
      <trkpt lat="37.552475" lon="127.039928">
        <ele>16.4</ele>
      </trkpt>
      <trkpt lat="37.552464" lon="127.039888">
        <ele>16.6</ele>
      </trkpt>
      <trkpt lat="37.552453" lon="127.039858">
        <ele>16.6</ele>
      </trkpt>
      <trkpt lat="37.552441" lon="127.039822">
        <ele>16.8</ele>
      </trkpt>
      <trkpt lat="37.55243" lon="127.039791">
        <ele>16.8</ele>
      </trkpt>
      <trkpt lat="37.552419" lon="127.03976">
        <ele>17</ele>
      </trkpt>
      <trkpt lat="37.552407" lon="127.039726">
        <ele>17</ele>
      </trkpt>
      <trkpt lat="37.552395" lon="127.039695">
        <ele>17.2</ele>
      </trkpt>
      <trkpt lat="37.552388" lon="127.039661">
        <ele>17.2</ele>
      </trkpt>
      <trkpt lat="37.552374" lon="127.03963">
        <ele>17.2</ele>
      </trkpt>
      <trkpt lat="37.552367" lon="127.039595">
        <ele>17.2</ele>
      </trkpt>
      <trkpt lat="37.552355" lon="127.039571">
        <ele>17</ele>
      </trkpt>
      <trkpt lat="37.552344" lon="127.039535">
        <ele>17</ele>
      </trkpt>
      <trkpt lat="37.552333" lon="127.039507">
        <ele>16.8</ele>
      </trkpt>
      <trkpt lat="37.552322" lon="127.039468">
        <ele>16.8</ele>
      </trkpt>
      <trkpt lat="37.552312" lon="127.039436">
        <ele>16.8</ele>
      </trkpt>
      <trkpt lat="37.552299" lon="127.0394">
        <ele>17</ele>
      </trkpt>
      <trkpt lat="37.552291" lon="127.039368">
        <ele>17</ele>
      </trkpt>
      <trkpt lat="37.552278" lon="127.039333">
        <ele>17</ele>
      </trkpt>
      <trkpt lat="37.552266" lon="127.039304">
        <ele>17.2</ele>
      </trkpt>
      <trkpt lat="37.552256" lon="127.039275">
        <ele>17.4</ele>
      </trkpt>
      <trkpt lat="37.552247" lon="127.039239">
        <ele>17.2</ele>
      </trkpt>
      <trkpt lat="37.552234" lon="127.039209">
        <ele>17.2</ele>
      </trkpt>
      <trkpt lat="37.552224" lon="127.039176">
        <ele>17.2</ele>
      </trkpt>
      <trkpt lat="37.552209" lon="127.039149">
        <ele>17</ele>
      </trkpt>
      <trkpt lat="37.5522" lon="127.039112">
        <ele>17</ele>
      </trkpt>
      <trkpt lat="37.552187" lon="127.039086">
        <ele>17.2</ele>
      </trkpt>
      <trkpt lat="37.552177" lon="127.039048">
        <ele>17.2</ele>
      </trkpt>
      <trkpt lat="37.552166" lon="127.03902">
        <ele>17.2</ele>
      </trkpt>
      <trkpt lat="37.552155" lon="127.038984">
        <ele>17.2</ele>
      </trkpt>
      <trkpt lat="37.552145" lon="127.038952">
        <ele>17.2</ele>
      </trkpt>
      <trkpt lat="37.552133" lon="127.038923">
        <ele>17.2</ele>
      </trkpt>
      <trkpt lat="37.552123" lon="127.038887">
        <ele>17</ele>
      </trkpt>
      <trkpt lat="37.552113" lon="127.038855">
        <ele>17.2</ele>
      </trkpt>
      <trkpt lat="37.552101" lon="127.038821">
        <ele>17.2</ele>
      </trkpt>
      <trkpt lat="37.552089" lon="127.03879">
        <ele>17.2</ele>
      </trkpt>
      <trkpt lat="37.55208" lon="127.038755">
        <ele>17.4</ele>
      </trkpt>
      <trkpt lat="37.552064" lon="127.038726">
        <ele>17.6</ele>
      </trkpt>
      <trkpt lat="37.552051" lon="127.038691">
        <ele>17.4</ele>
      </trkpt>
      <trkpt lat="37.552041" lon="127.038662">
        <ele>17.6</ele>
      </trkpt>
      <trkpt lat="37.552026" lon="127.038628">
        <ele>17.6</ele>
      </trkpt>
      <trkpt lat="37.552013" lon="127.038599">
        <ele>17.4</ele>
      </trkpt>
      <trkpt lat="37.551999" lon="127.03857">
        <ele>17.4</ele>
      </trkpt>
      <trkpt lat="37.551985" lon="127.038534">
        <ele>17.4</ele>
      </trkpt>
      <trkpt lat="37.551969" lon="127.038508">
        <ele>17.4</ele>
      </trkpt>
      <trkpt lat="37.551957" lon="127.038474">
        <ele>17.4</ele>
      </trkpt>
      <trkpt lat="37.551941" lon="127.038448">
        <ele>17.2</ele>
      </trkpt>
      <trkpt lat="37.551929" lon="127.03841">
        <ele>17.2</ele>
      </trkpt>
      <trkpt lat="37.551913" lon="127.038383">
        <ele>17</ele>
      </trkpt>
      <trkpt lat="37.551898" lon="127.038349">
        <ele>17</ele>
      </trkpt>
      <trkpt lat="37.551884" lon="127.038323">
        <ele>17</ele>
      </trkpt>
      <trkpt lat="37.55187" lon="127.038288">
        <ele>17.2</ele>
      </trkpt>
      <trkpt lat="37.551858" lon="127.038259">
        <ele>17.2</ele>
      </trkpt>
      <trkpt lat="37.551844" lon="127.038229">
        <ele>17.2</ele>
      </trkpt>
      <trkpt lat="37.551836" lon="127.038195">
        <ele>17.4</ele>
      </trkpt>
      <trkpt lat="37.551824" lon="127.038167">
        <ele>17.4</ele>
      </trkpt>
      <trkpt lat="37.551819" lon="127.038133">
        <ele>17.4</ele>
      </trkpt>
      <trkpt lat="37.551809" lon="127.0381">
        <ele>17.6</ele>
      </trkpt>
      <trkpt lat="37.551804" lon="127.038063">
        <ele>17.8</ele>
      </trkpt>
      <trkpt lat="37.551794" lon="127.038036">
        <ele>17.8</ele>
      </trkpt>
      <trkpt lat="37.551783" lon="127.037999">
        <ele>18</ele>
      </trkpt>
      <trkpt lat="37.551767" lon="127.037974">
        <ele>17.8</ele>
      </trkpt>
      <trkpt lat="37.551751" lon="127.037938">
        <ele>17.8</ele>
      </trkpt>
      <trkpt lat="37.551735" lon="127.037911">
        <ele>17.6</ele>
      </trkpt>
      <trkpt lat="37.551719" lon="127.037878">
        <ele>17.6</ele>
      </trkpt>
      <trkpt lat="37.551705" lon="127.03785">
        <ele>17.4</ele>
      </trkpt>
      <trkpt lat="37.55169" lon="127.037821">
        <ele>17.4</ele>
      </trkpt>
      <trkpt lat="37.551676" lon="127.03779">
        <ele>17.4</ele>
      </trkpt>
      <trkpt lat="37.551661" lon="127.037764">
        <ele>17.6</ele>
      </trkpt>
      <trkpt lat="37.551649" lon="127.037733">
        <ele>17.6</ele>
      </trkpt>
      <trkpt lat="37.551634" lon="127.037745">
        <ele>9.64</ele>
      </trkpt>
      <trkpt lat="37.551055" lon="127.036599">
        <ele>10</ele>
      </trkpt>
      <trkpt lat="37.550836" lon="127.036189">
        <ele>12.3</ele>
      </trkpt>
      <trkpt lat="37.550695" lon="127.035938">
        <ele>11.59</ele>
      </trkpt>
      <trkpt lat="37.550778" lon="127.035874">
        <ele>14.63</ele>
      </trkpt>
      <trkpt lat="37.550913" lon="127.035796">
        <ele>17.96</ele>
      </trkpt>
      <trkpt lat="37.550913" lon="127.035796">
        <ele>17.96</ele>
      </trkpt>
      <trkpt lat="37.550937" lon="127.035782">
        <ele>18.54</ele>
      </trkpt>
      <trkpt lat="37.550975" lon="127.035761">
        <ele>19.47</ele>
      </trkpt>
      <trkpt lat="37.550983" lon="127.035784">
        <ele>22.4</ele>
      </trkpt>
      <trkpt lat="37.550975" lon="127.035761">
        <ele>19.47</ele>
      </trkpt>
      <trkpt lat="37.551067" lon="127.035707">
        <ele>21.75</ele>
      </trkpt>
      <trkpt lat="37.551411" lon="127.035581">
        <ele>20.68</ele>
      </trkpt>
      <trkpt lat="37.551424" lon="127.035576">
        <ele>20.66</ele>
      </trkpt>
      <trkpt lat="37.551412" lon="127.035546">
        <ele>20.81</ele>
      </trkpt>
      <trkpt lat="37.551356" lon="127.035521">
        <ele>20.95</ele>
      </trkpt>
      <trkpt lat="37.551356" lon="127.035521">
        <ele>20.95</ele>
      </trkpt>
      <trkpt lat="37.551294" lon="127.035462">
        <ele>21.2</ele>
      </trkpt>
      <trkpt lat="37.551276" lon="127.035375">
        <ele>21.1</ele>
      </trkpt>
      <trkpt lat="37.551276" lon="127.035375">
        <ele>21.1</ele>
      </trkpt>
      <trkpt lat="37.551271" lon="127.035348">
        <ele>21.07</ele>
      </trkpt>
      <trkpt lat="37.551281" lon="127.035259">
        <ele>21</ele>
      </trkpt>
      <trkpt lat="37.551264" lon="127.035223">
        <ele>21</ele>
      </trkpt>
      <trkpt lat="37.55131" lon="127.035197">
        <ele>21</ele>
      </trkpt>
      <trkpt lat="37.551191" lon="127.035052">
        <ele>20.44</ele>
      </trkpt>
      <trkpt lat="37.550951" lon="127.034978">
        <ele>20.43</ele>
      </trkpt>
      <trkpt lat="37.550951" lon="127.034978">
        <ele>20.43</ele>
      </trkpt>
      <trkpt lat="37.550951" lon="127.034978">
        <ele>20.43</ele>
      </trkpt>
      <trkpt lat="37.550883" lon="127.034957">
        <ele>20.43</ele>
      </trkpt>
      <trkpt lat="37.550632" lon="127.034787">
        <ele>17.8</ele>
      </trkpt>
      <trkpt lat="37.549736" lon="127.034161">
        <ele>17</ele>
      </trkpt>
      <trkpt lat="37.548971" lon="127.033678">
        <ele>16.42</ele>
      </trkpt>
      <trkpt lat="37.548935" lon="127.033622">
        <ele>16.82</ele>
      </trkpt>
      <trkpt lat="37.548935" lon="127.033622">
        <ele>16.82</ele>
      </trkpt>
      <trkpt lat="37.548926" lon="127.033575">
        <ele>17.3</ele>
      </trkpt>
      <trkpt lat="37.548936" lon="127.03352">
        <ele>17.94</ele>
      </trkpt>
      <trkpt lat="37.548775" lon="127.033388">
        <ele>18.93</ele>
      </trkpt>
      <trkpt lat="37.548854" lon="127.033227">
        <ele>21.76</ele>
      </trkpt>
      <trkpt lat="37.548972" lon="127.032988">
        <ele>25.97</ele>
      </trkpt>
      <trkpt lat="37.548543" lon="127.032642">
        <ele>35.36</ele>
      </trkpt>
      <trkpt lat="37.548543" lon="127.032642">
        <ele>35.36</ele>
      </trkpt>
      <trkpt lat="37.548543" lon="127.032642">
        <ele>35.36</ele>
      </trkpt>
      <trkpt lat="37.548537" lon="127.032637">
        <ele>35.5</ele>
      </trkpt>
      <trkpt lat="37.548614" lon="127.032353">
        <ele>40.54</ele>
      </trkpt>
      <trkpt lat="37.548638" lon="127.032213">
        <ele>42.37</ele>
      </trkpt>
      <trkpt lat="37.548638" lon="127.031916">
        <ele>46.67</ele>
      </trkpt>
      <trkpt lat="37.548638" lon="127.031916">
        <ele>46.68</ele>
      </trkpt>
      <trkpt lat="37.548638" lon="127.031891">
        <ele>47.04</ele>
      </trkpt>
      <trkpt lat="37.548588" lon="127.03186">
        <ele>48.74</ele>
      </trkpt>
      <trkpt lat="37.54857" lon="127.031818">
        <ele>50.04</ele>
      </trkpt>
      <trkpt lat="37.548474" lon="127.031806">
        <ele>52.12</ele>
      </trkpt>
      <trkpt lat="37.548251" lon="127.03189">
        <ele>52.21</ele>
      </trkpt>
      <trkpt lat="37.548201" lon="127.031891">
        <ele>51.84</ele>
      </trkpt>
      <trkpt lat="37.548093" lon="127.031792">
        <ele>52.81</ele>
      </trkpt>
      <trkpt lat="37.548092" lon="127.031721">
        <ele>55.09</ele>
      </trkpt>
      <trkpt lat="37.548092" lon="127.031721">
        <ele>55.1</ele>
      </trkpt>
      <trkpt lat="37.548092" lon="127.031695">
        <ele>55.96</ele>
      </trkpt>
      <trkpt lat="37.548122" lon="127.03165">
        <ele>57.69</ele>
      </trkpt>
      <trkpt lat="37.548194" lon="127.031581">
        <ele>60.68</ele>
      </trkpt>
      <trkpt lat="37.548272" lon="127.031494">
        <ele>61.56</ele>
      </trkpt>
      <trkpt lat="37.548315" lon="127.031366">
        <ele>63.15</ele>
      </trkpt>
      <trkpt lat="37.548311" lon="127.031331">
        <ele>63.29</ele>
      </trkpt>
      <trkpt lat="37.548282" lon="127.031286">
        <ele>64.09</ele>
      </trkpt>
      <trkpt lat="37.548282" lon="127.031286">
        <ele>64.1</ele>
      </trkpt>
      <trkpt lat="37.5482" lon="127.031193">
        <ele>66.74</ele>
      </trkpt>
      <trkpt lat="37.548025" lon="127.030914">
        <ele>70.27</ele>
      </trkpt>
      <trkpt lat="37.547939" lon="127.030676">
        <ele>74.56</ele>
      </trkpt>
      <trkpt lat="37.547939" lon="127.030676">
        <ele>74.56</ele>
      </trkpt>
      <trkpt lat="37.548008" lon="127.0306">
        <ele>74.67</ele>
      </trkpt>
      <trkpt lat="37.548353" lon="127.030351">
        <ele>71.43</ele>
      </trkpt>
      <trkpt lat="37.548442" lon="127.030276">
        <ele>70.12</ele>
      </trkpt>
      <trkpt lat="37.54847" lon="127.03021">
        <ele>70.63</ele>
      </trkpt>
      <trkpt lat="37.548475" lon="127.03003">
        <ele>73.1</ele>
      </trkpt>
      <trkpt lat="37.54851" lon="127.02997">
        <ele>72.66</ele>
      </trkpt>
      <trkpt lat="37.548697" lon="127.029852">
        <ele>70.04</ele>
      </trkpt>
      <trkpt lat="37.548856" lon="127.029856">
        <ele>66.45</ele>
      </trkpt>
      <trkpt lat="37.548922" lon="127.029844">
        <ele>65.28</ele>
      </trkpt>
      <trkpt lat="37.548965" lon="127.02981">
        <ele>65.07</ele>
      </trkpt>
      <trkpt lat="37.548996" lon="127.029738">
        <ele>65.25</ele>
      </trkpt>
      <trkpt lat="37.549003" lon="127.02966">
        <ele>66</ele>
      </trkpt>
      <trkpt lat="37.548986" lon="127.029592">
        <ele>66.49</ele>
      </trkpt>
      <trkpt lat="37.548976" lon="127.029577">
        <ele>66.84</ele>
      </trkpt>
      <trkpt lat="37.548976" lon="127.029577">
        <ele>66.84</ele>
      </trkpt>
      <trkpt lat="37.548927" lon="127.029504">
        <ele>68.59</ele>
      </trkpt>
      <trkpt lat="37.548862" lon="127.029441">
        <ele>70.78</ele>
      </trkpt>
      <trkpt lat="37.548822" lon="127.029403">
        <ele>71.42</ele>
      </trkpt>
      <trkpt lat="37.548745" lon="127.029402">
        <ele>73.81</ele>
      </trkpt>
      <trkpt lat="37.548745" lon="127.029402">
        <ele>73.81</ele>
      </trkpt>
      <trkpt lat="37.548708" lon="127.029409">
        <ele>74.97</ele>
      </trkpt>
      <trkpt lat="37.548592" lon="127.029523">
        <ele>77.94</ele>
      </trkpt>
      <trkpt lat="37.548521" lon="127.029544">
        <ele>79.67</ele>
      </trkpt>
      <trkpt lat="37.548459" lon="127.029536">
        <ele>81.39</ele>
      </trkpt>
      <trkpt lat="37.548353" lon="127.029471">
        <ele>84.43</ele>
      </trkpt>
      <trkpt lat="37.548267" lon="127.029475">
        <ele>85.89</ele>
      </trkpt>
      <trkpt lat="37.547915" lon="127.029638">
        <ele>90.92</ele>
      </trkpt>
      <trkpt lat="37.547799" lon="127.029743">
        <ele>90.17</ele>
      </trkpt>
      <trkpt lat="37.547799" lon="127.029743">
        <ele>90.17</ele>
      </trkpt>
      <trkpt lat="37.547915" lon="127.029638">
        <ele>90.92</ele>
      </trkpt>
      <trkpt lat="37.548267" lon="127.029475">
        <ele>85.89</ele>
      </trkpt>
      <trkpt lat="37.548353" lon="127.029471">
        <ele>84.43</ele>
      </trkpt>
      <trkpt lat="37.548459" lon="127.029536">
        <ele>81.39</ele>
      </trkpt>
      <trkpt lat="37.548521" lon="127.029544">
        <ele>79.67</ele>
      </trkpt>
      <trkpt lat="37.548592" lon="127.029523">
        <ele>77.94</ele>
      </trkpt>
      <trkpt lat="37.548708" lon="127.029409">
        <ele>74.97</ele>
      </trkpt>
      <trkpt lat="37.548771" lon="127.029397">
        <ele>72.99</ele>
      </trkpt>
      <trkpt lat="37.548822" lon="127.029403">
        <ele>71.42</ele>
      </trkpt>
      <trkpt lat="37.548862" lon="127.029441">
        <ele>70.78</ele>
      </trkpt>
      <trkpt lat="37.548854" lon="127.029368">
        <ele>69.67</ele>
      </trkpt>
      <trkpt lat="37.548854" lon="127.029368">
        <ele>69.67</ele>
      </trkpt>
      <trkpt lat="37.548837" lon="127.029218">
        <ele>67.39</ele>
      </trkpt>
      <trkpt lat="37.548801" lon="127.029046">
        <ele>64.24</ele>
      </trkpt>
      <trkpt lat="37.548794" lon="127.02896">
        <ele>61.98</ele>
      </trkpt>
      <trkpt lat="37.548824" lon="127.028936">
        <ele>60.43</ele>
      </trkpt>
      <trkpt lat="37.548824" lon="127.028936">
        <ele>60.43</ele>
      </trkpt>
      <trkpt lat="37.548867" lon="127.029011">
        <ele>60.81</ele>
      </trkpt>
      <trkpt lat="37.548894" lon="127.029025">
        <ele>60.13</ele>
      </trkpt>
      <trkpt lat="37.548939" lon="127.029127">
        <ele>61.04</ele>
      </trkpt>
      <trkpt lat="37.54899" lon="127.029202">
        <ele>60.54</ele>
      </trkpt>
      <trkpt lat="37.549039" lon="127.029307">
        <ele>61.03</ele>
      </trkpt>
      <trkpt lat="37.549287" lon="127.029124">
        <ele>51.01</ele>
      </trkpt>
      <trkpt lat="37.549283" lon="127.029085">
        <ele>50.75</ele>
      </trkpt>
      <trkpt lat="37.549306" lon="127.028944">
        <ele>50.36</ele>
      </trkpt>
      <trkpt lat="37.549315" lon="127.028919">
        <ele>50.6</ele>
      </trkpt>
      <trkpt lat="37.549315" lon="127.028919">
        <ele>50.59</ele>
      </trkpt>
      <trkpt lat="37.549366" lon="127.028786">
        <ele>51.85</ele>
      </trkpt>
      <trkpt lat="37.549393" lon="127.028759">
        <ele>52.32</ele>
      </trkpt>
      <trkpt lat="37.549443" lon="127.028743">
        <ele>53.12</ele>
      </trkpt>
      <trkpt lat="37.549521" lon="127.028766">
        <ele>54.16</ele>
      </trkpt>
      <trkpt lat="37.549521" lon="127.028766">
        <ele>54.16</ele>
      </trkpt>
      <trkpt lat="37.54963" lon="127.028802">
        <ele>55.45</ele>
      </trkpt>
      <trkpt lat="37.549753" lon="127.028866">
        <ele>55.98</ele>
      </trkpt>
      <trkpt lat="37.550146" lon="127.029149">
        <ele>58.78</ele>
      </trkpt>
      <trkpt lat="37.550291" lon="127.02923">
        <ele>60.79</ele>
      </trkpt>
      <trkpt lat="37.550344" lon="127.029237">
        <ele>61.47</ele>
      </trkpt>
      <trkpt lat="37.550344" lon="127.029237">
        <ele>61.46</ele>
      </trkpt>
      <trkpt lat="37.550623" lon="127.029276">
        <ele>65.09</ele>
      </trkpt>
      <trkpt lat="37.550916" lon="127.029326">
        <ele>70.51</ele>
      </trkpt>
      <trkpt lat="37.551089" lon="127.029371">
        <ele>72.94</ele>
      </trkpt>
      <trkpt lat="37.551242" lon="127.029381">
        <ele>75.98</ele>
      </trkpt>
      <trkpt lat="37.551533" lon="127.029433">
        <ele>80.63</ele>
      </trkpt>
      <trkpt lat="37.551582" lon="127.029419">
        <ele>81.42</ele>
      </trkpt>
      <trkpt lat="37.551582" lon="127.029419">
        <ele>81.41</ele>
      </trkpt>
      <trkpt lat="37.551654" lon="127.029397">
        <ele>82.57</ele>
      </trkpt>
      <trkpt lat="37.551864" lon="127.029253">
        <ele>85.19</ele>
      </trkpt>
      <trkpt lat="37.552177" lon="127.029139">
        <ele>90.42</ele>
      </trkpt>
      <trkpt lat="37.552366" lon="127.029031">
        <ele>94.07</ele>
      </trkpt>
      <trkpt lat="37.552468" lon="127.028993">
        <ele>95.73</ele>
      </trkpt>
      <trkpt lat="37.552569" lon="127.028974">
        <ele>97.22</ele>
      </trkpt>
      <trkpt lat="37.552676" lon="127.028932">
        <ele>98.52</ele>
      </trkpt>
      <trkpt lat="37.552697" lon="127.028932">
        <ele>98.81</ele>
      </trkpt>
      <trkpt lat="37.552757" lon="127.028898">
        <ele>99.28</ele>
      </trkpt>
      <trkpt lat="37.552753" lon="127.028861">
        <ele>98.8</ele>
      </trkpt>
      <trkpt lat="37.552753" lon="127.028861">
        <ele>98.79</ele>
      </trkpt>
      <trkpt lat="37.552735" lon="127.028695">
        <ele>96.59</ele>
      </trkpt>
      <trkpt lat="37.552793" lon="127.028389">
        <ele>93.15</ele>
      </trkpt>
      <trkpt lat="37.55285" lon="127.028266">
        <ele>92.33</ele>
      </trkpt>
      <trkpt lat="37.552956" lon="127.028156">
        <ele>92.17</ele>
      </trkpt>
      <trkpt lat="37.552956" lon="127.028156">
        <ele>92.17</ele>
      </trkpt>
      <trkpt lat="37.553007" lon="127.028104">
        <ele>92.09</ele>
      </trkpt>
      <trkpt lat="37.553166" lon="127.027975">
        <ele>89.53</ele>
      </trkpt>
      <trkpt lat="37.553418" lon="127.027846">
        <ele>87.84</ele>
      </trkpt>
      <trkpt lat="37.553542" lon="127.027648">
        <ele>85.91</ele>
      </trkpt>
      <trkpt lat="37.553653" lon="127.027498">
        <ele>86.23</ele>
      </trkpt>
      <trkpt lat="37.553795" lon="127.027417">
        <ele>87.73</ele>
      </trkpt>
      <trkpt lat="37.553795" lon="127.027417">
        <ele>87.74</ele>
      </trkpt>
      <trkpt lat="37.55384" lon="127.027391">
        <ele>88.22</ele>
      </trkpt>
      <trkpt lat="37.553925" lon="127.027365">
        <ele>88.48</ele>
      </trkpt>
      <trkpt lat="37.554223" lon="127.027273">
        <ele>85.37</ele>
      </trkpt>
      <trkpt lat="37.55452" lon="127.02725">
        <ele>78.19</ele>
      </trkpt>
      <trkpt lat="37.554548" lon="127.02713">
        <ele>76.15</ele>
      </trkpt>
      <trkpt lat="37.554548" lon="127.02713">
        <ele>76.15</ele>
      </trkpt>
      <trkpt lat="37.554622" lon="127.026814">
        <ele>70.81</ele>
      </trkpt>
      <trkpt lat="37.554784" lon="127.026351">
        <ele>64.16</ele>
      </trkpt>
      <trkpt lat="37.554926" lon="127.026011">
        <ele>60.14</ele>
      </trkpt>
      <trkpt lat="37.555029" lon="127.025823">
        <ele>59.24</ele>
      </trkpt>
      <trkpt lat="37.555029" lon="127.025823">
        <ele>59.25</ele>
      </trkpt>
      <trkpt lat="37.555043" lon="127.025797">
        <ele>59.12</ele>
      </trkpt>
      <trkpt lat="37.555234" lon="127.025654">
        <ele>58.55</ele>
      </trkpt>
      <trkpt lat="37.555529" lon="127.025518">
        <ele>57.99</ele>
      </trkpt>
      <trkpt lat="37.55561" lon="127.025504">
        <ele>58.09</ele>
      </trkpt>
      <trkpt lat="37.55561" lon="127.025504">
        <ele>58.09</ele>
      </trkpt>
      <trkpt lat="37.555668" lon="127.025494">
        <ele>58.16</ele>
      </trkpt>
      <trkpt lat="37.55563" lon="127.02528">
        <ele>59.66</ele>
      </trkpt>
      <trkpt lat="37.555666" lon="127.024813">
        <ele>58.81</ele>
      </trkpt>
      <trkpt lat="37.555687" lon="127.024614">
        <ele>58.72</ele>
      </trkpt>
      <trkpt lat="37.555692" lon="127.024456">
        <ele>58.01</ele>
      </trkpt>
      <trkpt lat="37.555679" lon="127.024292">
        <ele>58.03</ele>
      </trkpt>
      <trkpt lat="37.555669" lon="127.023809">
        <ele>62.69</ele>
      </trkpt>
      <trkpt lat="37.555675" lon="127.02333">
        <ele>67.43</ele>
      </trkpt>
      <trkpt lat="37.555663" lon="127.022765">
        <ele>76</ele>
      </trkpt>
      <trkpt lat="37.555645" lon="127.0227">
        <ele>76.39</ele>
      </trkpt>
      <trkpt lat="37.555645" lon="127.0227">
        <ele>76.4</ele>
      </trkpt>
      <trkpt lat="37.555579" lon="127.022467">
        <ele>77.82</ele>
      </trkpt>
      <trkpt lat="37.555513" lon="127.022351">
        <ele>78.59</ele>
      </trkpt>
      <trkpt lat="37.555461" lon="127.02227">
        <ele>78.96</ele>
      </trkpt>
      <trkpt lat="37.555347" lon="127.022142">
        <ele>79</ele>
      </trkpt>
      <trkpt lat="37.555278" lon="127.022126">
        <ele>78.98</ele>
      </trkpt>
      <trkpt lat="37.555301" lon="127.021926">
        <ele>79</ele>
      </trkpt>
      <trkpt lat="37.555358" lon="127.021929">
        <ele>79</ele>
      </trkpt>
      <trkpt lat="37.555511" lon="127.021878">
        <ele>79</ele>
      </trkpt>
      <trkpt lat="37.556011" lon="127.02178">
        <ele>80.63</ele>
      </trkpt>
      <trkpt lat="37.556261" lon="127.021732">
        <ele>79.81</ele>
      </trkpt>
      <trkpt lat="37.556258" lon="127.021708">
        <ele>79.72</ele>
      </trkpt>
      <trkpt lat="37.556258" lon="127.021708">
        <ele>79.72</ele>
      </trkpt>
      <trkpt lat="37.556134" lon="127.020747">
        <ele>77.96</ele>
      </trkpt>
      <trkpt lat="37.556095" lon="127.020451">
        <ele>74.65</ele>
      </trkpt>
      <trkpt lat="37.55611" lon="127.020446">
        <ele>74.61</ele>
      </trkpt>
      <trkpt lat="37.55611" lon="127.020446">
        <ele>74.61</ele>
      </trkpt>
      <trkpt lat="37.556372" lon="127.020359">
        <ele>74.01</ele>
      </trkpt>
      <trkpt lat="37.556372" lon="127.020354">
        <ele>73.97</ele>
      </trkpt>
      <trkpt lat="37.556317" lon="127.019978">
        <ele>70.81</ele>
      </trkpt>
      <trkpt lat="37.556317" lon="127.019978">
        <ele>70.81</ele>
      </trkpt>
      <trkpt lat="37.556317" lon="127.019978">
        <ele>70.81</ele>
      </trkpt>
      <trkpt lat="37.556315" lon="127.01996">
        <ele>70.66</ele>
      </trkpt>
      <trkpt lat="37.556474" lon="127.019914">
        <ele>72.33</ele>
      </trkpt>
      <trkpt lat="37.556834" lon="127.019729">
        <ele>77.23</ele>
      </trkpt>
      <trkpt lat="37.556813" lon="127.019651">
        <ele>76.45</ele>
      </trkpt>
      <trkpt lat="37.556813" lon="127.019651">
        <ele>76.45</ele>
      </trkpt>
      <trkpt lat="37.556763" lon="127.019439">
        <ele>76.31</ele>
      </trkpt>
      <trkpt lat="37.556768" lon="127.019317">
        <ele>77.93</ele>
      </trkpt>
      <trkpt lat="37.556755" lon="127.019144">
        <ele>80.51</ele>
      </trkpt>
      <trkpt lat="37.556707" lon="127.018917">
        <ele>81.72</ele>
      </trkpt>
      <trkpt lat="37.556714" lon="127.018825">
        <ele>82.42</ele>
      </trkpt>
      <trkpt lat="37.556783" lon="127.018624">
        <ele>85.09</ele>
      </trkpt>
      <trkpt lat="37.5568" lon="127.018488">
        <ele>86</ele>
      </trkpt>
      <trkpt lat="37.5568" lon="127.018488">
        <ele>86</ele>
      </trkpt>
      <trkpt lat="37.556807" lon="127.018431">
        <ele>86.38</ele>
      </trkpt>
      <trkpt lat="37.55674" lon="127.018213">
        <ele>87.46</ele>
      </trkpt>
      <trkpt lat="37.556622" lon="127.017933">
        <ele>91.94</ele>
      </trkpt>
      <trkpt lat="37.55657" lon="127.017893">
        <ele>92.14</ele>
      </trkpt>
      <trkpt lat="37.55657" lon="127.017893">
        <ele>92.14</ele>
      </trkpt>
      <trkpt lat="37.556514" lon="127.017849">
        <ele>92.37</ele>
      </trkpt>
      <trkpt lat="37.556277" lon="127.017785">
        <ele>90.36</ele>
      </trkpt>
      <trkpt lat="37.556198" lon="127.017717">
        <ele>90.75</ele>
      </trkpt>
      <trkpt lat="37.55601" lon="127.017461">
        <ele>95.48</ele>
      </trkpt>
      <trkpt lat="37.555968" lon="127.017446">
        <ele>95.59</ele>
      </trkpt>
      <trkpt lat="37.555968" lon="127.017446">
        <ele>95.6</ele>
      </trkpt>
      <trkpt lat="37.55561" lon="127.017323">
        <ele>96.56</ele>
      </trkpt>
      <trkpt lat="37.555422" lon="127.017285">
        <ele>97.57</ele>
      </trkpt>
      <trkpt lat="37.555157" lon="127.017271">
        <ele>99.75</ele>
      </trkpt>
      <trkpt lat="37.55491" lon="127.01728">
        <ele>102.29</ele>
      </trkpt>
      <trkpt lat="37.554715" lon="127.017124">
        <ele>104.6</ele>
      </trkpt>
      <trkpt lat="37.554559" lon="127.017037">
        <ele>105.39</ele>
      </trkpt>
      <trkpt lat="37.554157" lon="127.017048">
        <ele>110.53</ele>
      </trkpt>
      <trkpt lat="37.553942" lon="127.017032">
        <ele>111.55</ele>
      </trkpt>
      <trkpt lat="37.553626" lon="127.016911">
        <ele>114.18</ele>
      </trkpt>
      <trkpt lat="37.55338" lon="127.016833">
        <ele>116.41</ele>
      </trkpt>
      <trkpt lat="37.553367" lon="127.016842">
        <ele>116.48</ele>
      </trkpt>
      <trkpt lat="37.553367" lon="127.016842">
        <ele>116.48</ele>
      </trkpt>
      <trkpt lat="37.553313" lon="127.016877">
        <ele>116.77</ele>
      </trkpt>
      <trkpt lat="37.553203" lon="127.017002">
        <ele>116.51</ele>
      </trkpt>
      <trkpt lat="37.552658" lon="127.017495">
        <ele>120.39</ele>
      </trkpt>
      <trkpt lat="37.552639" lon="127.017505">
        <ele>120.51</ele>
      </trkpt>
      <trkpt lat="37.552639" lon="127.017505">
        <ele>120.51</ele>
      </trkpt>
      <trkpt lat="37.552572" lon="127.017538">
        <ele>120.91</ele>
      </trkpt>
      <trkpt lat="37.552374" lon="127.017532">
        <ele>121.6</ele>
      </trkpt>
      <trkpt lat="37.55234" lon="127.017531">
        <ele>121.72</ele>
      </trkpt>
      <trkpt lat="37.552242" lon="127.017471">
        <ele>121.74</ele>
      </trkpt>
      <trkpt lat="37.552229" lon="127.017449">
        <ele>121.93</ele>
      </trkpt>
      <trkpt lat="37.552116" lon="127.017517">
        <ele>107.2</ele>
      </trkpt>
      <trkpt lat="37.552103" lon="127.017495">
        <ele>107</ele>
      </trkpt>
      <trkpt lat="37.552092" lon="127.017471">
        <ele>107</ele>
      </trkpt>
      <trkpt lat="37.552084" lon="127.01745">
        <ele>106.8</ele>
      </trkpt>
      <trkpt lat="37.552088" lon="127.017417">
        <ele>106.8</ele>
      </trkpt>
      <trkpt lat="37.552089" lon="127.017392">
        <ele>106.8</ele>
      </trkpt>
      <trkpt lat="37.552091" lon="127.017364">
        <ele>107</ele>
      </trkpt>
      <trkpt lat="37.552097" lon="127.017335">
        <ele>107.2</ele>
      </trkpt>
      <trkpt lat="37.552102" lon="127.017307">
        <ele>107.2</ele>
      </trkpt>
      <trkpt lat="37.552104" lon="127.017272">
        <ele>107.2</ele>
      </trkpt>
      <trkpt lat="37.552107" lon="127.017239">
        <ele>107</ele>
      </trkpt>
      <trkpt lat="37.552107" lon="127.017209">
        <ele>106.6</ele>
      </trkpt>
      <trkpt lat="37.55212" lon="127.017181">
        <ele>106.2</ele>
      </trkpt>
      <trkpt lat="37.552126" lon="127.017153">
        <ele>105.8</ele>
      </trkpt>
      <trkpt lat="37.552136" lon="127.017118">
        <ele>105.6</ele>
      </trkpt>
      <trkpt lat="37.552142" lon="127.017085">
        <ele>105.4</ele>
      </trkpt>
      <trkpt lat="37.552139" lon="127.017059">
        <ele>105.4</ele>
      </trkpt>
      <trkpt lat="37.552128" lon="127.017027">
        <ele>105.4</ele>
      </trkpt>
      <trkpt lat="37.552119" lon="127.017">
        <ele>105.2</ele>
      </trkpt>
      <trkpt lat="37.552104" lon="127.016978">
        <ele>105.2</ele>
      </trkpt>
      <trkpt lat="37.552091" lon="127.016953">
        <ele>105</ele>
      </trkpt>
      <trkpt lat="37.552075" lon="127.01693">
        <ele>104.8</ele>
      </trkpt>
      <trkpt lat="37.55206" lon="127.016902">
        <ele>104.8</ele>
      </trkpt>
      <trkpt lat="37.552047" lon="127.016875">
        <ele>104.8</ele>
      </trkpt>
      <trkpt lat="37.552035" lon="127.016847">
        <ele>104.8</ele>
      </trkpt>
      <trkpt lat="37.552024" lon="127.01682">
        <ele>104.8</ele>
      </trkpt>
      <trkpt lat="37.552011" lon="127.0168">
        <ele>105</ele>
      </trkpt>
      <trkpt lat="37.551997" lon="127.016774">
        <ele>105</ele>
      </trkpt>
      <trkpt lat="37.551984" lon="127.016751">
        <ele>105.2</ele>
      </trkpt>
      <trkpt lat="37.551969" lon="127.01672">
        <ele>105.2</ele>
      </trkpt>
      <trkpt lat="37.551957" lon="127.01669">
        <ele>105.2</ele>
      </trkpt>
      <trkpt lat="37.551942" lon="127.016672">
        <ele>105.2</ele>
      </trkpt>
      <trkpt lat="37.551932" lon="127.016643">
        <ele>105</ele>
      </trkpt>
      <trkpt lat="37.55192" lon="127.016608">
        <ele>104.8</ele>
      </trkpt>
      <trkpt lat="37.551901" lon="127.016585">
        <ele>104.4</ele>
      </trkpt>
      <trkpt lat="37.55189" lon="127.01655">
        <ele>104.2</ele>
      </trkpt>
      <trkpt lat="37.551881" lon="127.016522">
        <ele>104.2</ele>
      </trkpt>
      <trkpt lat="37.551867" lon="127.0165">
        <ele>104</ele>
      </trkpt>
      <trkpt lat="37.551853" lon="127.016472">
        <ele>104</ele>
      </trkpt>
      <trkpt lat="37.551839" lon="127.016447">
        <ele>104</ele>
      </trkpt>
      <trkpt lat="37.551828" lon="127.016415">
        <ele>103.8</ele>
      </trkpt>
      <trkpt lat="37.551829" lon="127.016384">
        <ele>103.8</ele>
      </trkpt>
      <trkpt lat="37.551827" lon="127.016355">
        <ele>103.8</ele>
      </trkpt>
      <trkpt lat="37.551839" lon="127.016322">
        <ele>103.6</ele>
      </trkpt>
      <trkpt lat="37.551847" lon="127.016292">
        <ele>103.6</ele>
      </trkpt>
      <trkpt lat="37.55186" lon="127.016263">
        <ele>103.8</ele>
      </trkpt>
      <trkpt lat="37.551877" lon="127.016238">
        <ele>103.8</ele>
      </trkpt>
      <trkpt lat="37.55189" lon="127.016217">
        <ele>104</ele>
      </trkpt>
      <trkpt lat="37.551916" lon="127.016198">
        <ele>104</ele>
      </trkpt>
      <trkpt lat="37.55194" lon="127.016186">
        <ele>104.2</ele>
      </trkpt>
      <trkpt lat="37.551968" lon="127.016174">
        <ele>104.2</ele>
      </trkpt>
      <trkpt lat="37.551988" lon="127.016164">
        <ele>104.2</ele>
      </trkpt>
      <trkpt lat="37.552005" lon="127.016144">
        <ele>104.2</ele>
      </trkpt>
      <trkpt lat="37.552022" lon="127.01612">
        <ele>104.2</ele>
      </trkpt>
      <trkpt lat="37.552031" lon="127.016097">
        <ele>104.4</ele>
      </trkpt>
      <trkpt lat="37.552045" lon="127.016086">
        <ele>104.6</ele>
      </trkpt>
      <trkpt lat="37.552062" lon="127.016087">
        <ele>104.8</ele>
      </trkpt>
      <trkpt lat="37.552079" lon="127.016088">
        <ele>105.2</ele>
      </trkpt>
      <trkpt lat="37.552089" lon="127.016084">
        <ele>105.8</ele>
      </trkpt>
      <trkpt lat="37.5521" lon="127.016068">
        <ele>106.4</ele>
      </trkpt>
      <trkpt lat="37.552094" lon="127.016055">
        <ele>107</ele>
      </trkpt>
      <trkpt lat="37.552087" lon="127.016054">
        <ele>107.6</ele>
      </trkpt>
      <trkpt lat="37.552075" lon="127.016045">
        <ele>108.2</ele>
      </trkpt>
      <trkpt lat="37.552065" lon="127.016033">
        <ele>108.6</ele>
      </trkpt>
      <trkpt lat="37.552056" lon="127.016025">
        <ele>109</ele>
      </trkpt>
      <trkpt lat="37.552047" lon="127.01601">
        <ele>109.4</ele>
      </trkpt>
      <trkpt lat="37.552042" lon="127.015987">
        <ele>109.8</ele>
      </trkpt>
      <trkpt lat="37.552042" lon="127.01597">
        <ele>110.4</ele>
      </trkpt>
      <trkpt lat="37.552033" lon="127.015961">
        <ele>111</ele>
      </trkpt>
      <trkpt lat="37.552021" lon="127.015943">
        <ele>111.6</ele>
      </trkpt>
      <trkpt lat="37.552014" lon="127.015919">
        <ele>112</ele>
      </trkpt>
      <trkpt lat="37.552009" lon="127.015897">
        <ele>112.6</ele>
      </trkpt>
      <trkpt lat="37.552001" lon="127.015876">
        <ele>112.8</ele>
      </trkpt>
      <trkpt lat="37.551998" lon="127.01585">
        <ele>113.2</ele>
      </trkpt>
      <trkpt lat="37.551998" lon="127.015817">
        <ele>113.6</ele>
      </trkpt>
      <trkpt lat="37.551997" lon="127.015796">
        <ele>114.2</ele>
      </trkpt>
      <trkpt lat="37.55199" lon="127.015773">
        <ele>114.8</ele>
      </trkpt>
      <trkpt lat="37.551978" lon="127.015752">
        <ele>115.4</ele>
      </trkpt>
      <trkpt lat="37.551967" lon="127.015729">
        <ele>115.8</ele>
      </trkpt>
      <trkpt lat="37.551955" lon="127.015714">
        <ele>116</ele>
      </trkpt>
      <trkpt lat="37.551941" lon="127.015683">
        <ele>116.2</ele>
      </trkpt>
      <trkpt lat="37.551985" lon="127.015617">
        <ele>127.39</ele>
      </trkpt>
      <trkpt lat="37.551954" lon="127.015549">
        <ele>126.71</ele>
      </trkpt>
      <trkpt lat="37.551938" lon="127.015512">
        <ele>126.34</ele>
      </trkpt>
      <trkpt lat="37.551884" lon="127.015443">
        <ele>125.12</ele>
      </trkpt>
      <trkpt lat="37.551884" lon="127.015443">
        <ele>125.12</ele>
      </trkpt>
      <trkpt lat="37.551884" lon="127.015443">
        <ele>125.12</ele>
      </trkpt>
      <trkpt lat="37.551773" lon="127.015299">
        <ele>122.59</ele>
      </trkpt>
      <trkpt lat="37.551631" lon="127.015152">
        <ele>119.55</ele>
      </trkpt>
      <trkpt lat="37.551342" lon="127.014805">
        <ele>112.27</ele>
      </trkpt>
      <trkpt lat="37.551168" lon="127.014531">
        <ele>108.61</ele>
      </trkpt>
      <trkpt lat="37.55097" lon="127.014291">
        <ele>105.01</ele>
      </trkpt>
      <trkpt lat="37.550749" lon="127.01432">
        <ele>101.39</ele>
      </trkpt>
      <trkpt lat="37.550619" lon="127.014423">
        <ele>97.31</ele>
      </trkpt>
      <trkpt lat="37.550505" lon="127.014463">
        <ele>93.63</ele>
      </trkpt>
      <trkpt lat="37.550426" lon="127.014306">
        <ele>94.03</ele>
      </trkpt>
      <trkpt lat="37.550324" lon="127.014186">
        <ele>93.5</ele>
      </trkpt>
      <trkpt lat="37.550166" lon="127.014032">
        <ele>93.54</ele>
      </trkpt>
      <trkpt lat="37.550079" lon="127.01398">
        <ele>92.91</ele>
      </trkpt>
      <trkpt lat="37.549975" lon="127.013763">
        <ele>93.95</ele>
      </trkpt>
      <trkpt lat="37.549944" lon="127.013672">
        <ele>94.17</ele>
      </trkpt>
      <trkpt lat="37.549709" lon="127.013395">
        <ele>89.92</ele>
      </trkpt>
      <trkpt lat="37.54953" lon="127.013061">
        <ele>86.87</ele>
      </trkpt>
      <trkpt lat="37.549372" lon="127.012535">
        <ele>89.44</ele>
      </trkpt>
      <trkpt lat="37.549458" lon="127.01248">
        <ele>91.21</ele>
      </trkpt>
      <trkpt lat="37.549458" lon="127.012479">
        <ele>91.22</ele>
      </trkpt>
      <trkpt lat="37.5495" lon="127.012448">
        <ele>92.15</ele>
      </trkpt>
      <trkpt lat="37.549692" lon="127.01222">
        <ele>95</ele>
      </trkpt>
      <trkpt lat="37.549411" lon="127.012032">
        <ele>96.86</ele>
      </trkpt>
      <trkpt lat="37.549171" lon="127.011896">
        <ele>100.79</ele>
      </trkpt>
      <trkpt lat="37.548931" lon="127.011759">
        <ele>108.69</ele>
      </trkpt>
      <trkpt lat="37.54882" lon="127.011688">
        <ele>111.18</ele>
      </trkpt>
      <trkpt lat="37.548748" lon="127.011625">
        <ele>112.61</ele>
      </trkpt>
      <trkpt lat="37.548549" lon="127.011407">
        <ele>111.53</ele>
      </trkpt>
      <trkpt lat="37.54835" lon="127.011189">
        <ele>108.37</ele>
      </trkpt>
      <trkpt lat="37.548151" lon="127.010971">
        <ele>110.01</ele>
      </trkpt>
      <trkpt lat="37.548099" lon="127.010867">
        <ele>111.34</ele>
      </trkpt>
      <trkpt lat="37.548095" lon="127.010826">
        <ele>111.88</ele>
      </trkpt>
      <trkpt lat="37.548095" lon="127.010826">
        <ele>111.88</ele>
      </trkpt>
      <trkpt lat="37.54808" lon="127.01068">
        <ele>113.78</ele>
      </trkpt>
      <trkpt lat="37.548085" lon="127.01054">
        <ele>116.21</ele>
      </trkpt>
      <trkpt lat="37.548106" lon="127.01027">
        <ele>119.03</ele>
      </trkpt>
      <trkpt lat="37.548046" lon="127.010013">
        <ele>121.28</ele>
      </trkpt>
      <trkpt lat="37.548019" lon="127.010001">
        <ele>121.79</ele>
      </trkpt>
      <trkpt lat="37.548003" lon="127.00996">
        <ele>122.38</ele>
      </trkpt>
      <trkpt lat="37.54799" lon="127.009872">
        <ele>123.37</ele>
      </trkpt>
      <trkpt lat="37.548013" lon="127.009709">
        <ele>123.82</ele>
      </trkpt>
      <trkpt lat="37.548002" lon="127.009632">
        <ele>124.16</ele>
      </trkpt>
      <trkpt lat="37.547985" lon="127.009615">
        <ele>124.54</ele>
      </trkpt>
      <trkpt lat="37.547985" lon="127.009615">
        <ele>124.53</ele>
      </trkpt>
      <trkpt lat="37.547985" lon="127.009615">
        <ele>124.54</ele>
      </trkpt>
      <trkpt lat="37.547967" lon="127.009598">
        <ele>124.92</ele>
      </trkpt>
      <trkpt lat="37.547895" lon="127.00958">
        <ele>126.46</ele>
      </trkpt>
      <trkpt lat="37.547735" lon="127.009569">
        <ele>128.97</ele>
      </trkpt>
      <trkpt lat="37.54769" lon="127.009554">
        <ele>129.36</ele>
      </trkpt>
      <trkpt lat="37.547548" lon="127.009417">
        <ele>131.04</ele>
      </trkpt>
      <trkpt lat="37.547418" lon="127.009316">
        <ele>132.32</ele>
      </trkpt>
      <trkpt lat="37.547138" lon="127.009202">
        <ele>131.76</ele>
      </trkpt>
      <trkpt lat="37.5471" lon="127.009169">
        <ele>132.04</ele>
      </trkpt>
      <trkpt lat="37.546895" lon="127.009152">
        <ele>129.86</ele>
      </trkpt>
      <trkpt lat="37.546783" lon="127.009166">
        <ele>129.47</ele>
      </trkpt>
      <trkpt lat="37.546582" lon="127.009212">
        <ele>129.18</ele>
      </trkpt>
      <trkpt lat="37.54654" lon="127.009241">
        <ele>128.52</ele>
      </trkpt>
      <trkpt lat="37.54637" lon="127.009228">
        <ele>128.69</ele>
      </trkpt>
      <trkpt lat="37.54637" lon="127.009228">
        <ele>128.69</ele>
      </trkpt>
      <trkpt lat="37.546275" lon="127.009184">
        <ele>129.79</ele>
      </trkpt>
      <trkpt lat="37.546142" lon="127.008991">
        <ele>134.06</ele>
      </trkpt>
      <trkpt lat="37.54605" lon="127.00882">
        <ele>134.98</ele>
      </trkpt>
      <trkpt lat="37.54594" lon="127.008695">
        <ele>136.23</ele>
      </trkpt>
      <trkpt lat="37.54586" lon="127.008597">
        <ele>137.25</ele>
      </trkpt>
      <trkpt lat="37.545716" lon="127.008367">
        <ele>142.53</ele>
      </trkpt>
      <trkpt lat="37.545608" lon="127.008266">
        <ele>147.34</ele>
      </trkpt>
      <trkpt lat="37.545554" lon="127.00819">
        <ele>149.46</ele>
      </trkpt>
      <trkpt lat="37.545515" lon="127.008118">
        <ele>150.86</ele>
      </trkpt>
      <trkpt lat="37.545441" lon="127.008038">
        <ele>153.24</ele>
      </trkpt>
      <trkpt lat="37.545353" lon="127.007826">
        <ele>152.44</ele>
      </trkpt>
      <trkpt lat="37.545342" lon="127.007684">
        <ele>148.1</ele>
      </trkpt>
      <trkpt lat="37.545323" lon="127.007635">
        <ele>147.34</ele>
      </trkpt>
      <trkpt lat="37.545323" lon="127.007635">
        <ele>147.34</ele>
      </trkpt>
      <trkpt lat="37.5453" lon="127.007577">
        <ele>146.43</ele>
      </trkpt>
      <trkpt lat="37.545313" lon="127.007466">
        <ele>142.69</ele>
      </trkpt>
      <trkpt lat="37.545313" lon="127.007466">
        <ele>142.69</ele>
      </trkpt>
      <trkpt lat="37.545313" lon="127.007466">
        <ele>142.69</ele>
      </trkpt>
      <trkpt lat="37.545296" lon="127.007398">
        <ele>141.56</ele>
      </trkpt>
      <trkpt lat="37.545295" lon="127.007394">
        <ele>141.49</ele>
      </trkpt>
      <trkpt lat="37.545298" lon="127.007253">
        <ele>138.11</ele>
      </trkpt>
      <trkpt lat="37.545355" lon="127.007143">
        <ele>133.2</ele>
      </trkpt>
      <trkpt lat="37.545385" lon="127.007101">
        <ele>130.87</ele>
      </trkpt>
      <trkpt lat="37.545424" lon="127.007065">
        <ele>128.4</ele>
      </trkpt>
      <trkpt lat="37.545436" lon="127.007009">
        <ele>127.08</ele>
      </trkpt>
      <trkpt lat="37.545467" lon="127.006958">
        <ele>125.04</ele>
      </trkpt>
      <trkpt lat="37.545466" lon="127.006893">
        <ele>124.62</ele>
      </trkpt>
      <trkpt lat="37.545432" lon="127.006756">
        <ele>124.46</ele>
      </trkpt>
      <trkpt lat="37.5454" lon="127.006701">
        <ele>123.89</ele>
      </trkpt>
      <trkpt lat="37.545411" lon="127.006691">
        <ele>101.6</ele>
      </trkpt>
      <trkpt lat="37.545422" lon="127.006678">
        <ele>101.4</ele>
      </trkpt>
      <trkpt lat="37.545442" lon="127.00666">
        <ele>101.4</ele>
      </trkpt>
      <trkpt lat="37.545467" lon="127.006655">
        <ele>101.2</ele>
      </trkpt>
      <trkpt lat="37.545485" lon="127.00664">
        <ele>101.2</ele>
      </trkpt>
      <trkpt lat="37.545508" lon="127.006622">
        <ele>101.2</ele>
      </trkpt>
      <trkpt lat="37.545523" lon="127.006603">
        <ele>101.2</ele>
      </trkpt>
      <trkpt lat="37.545533" lon="127.00657">
        <ele>101.2</ele>
      </trkpt>
      <trkpt lat="37.545547" lon="127.006543">
        <ele>101</ele>
      </trkpt>
      <trkpt lat="37.545566" lon="127.006514">
        <ele>101</ele>
      </trkpt>
      <trkpt lat="37.54558" lon="127.006499">
        <ele>100.8</ele>
      </trkpt>
      <trkpt lat="37.545593" lon="127.00648">
        <ele>100.6</ele>
      </trkpt>
      <trkpt lat="37.545613" lon="127.006471">
        <ele>100.4</ele>
      </trkpt>
      <trkpt lat="37.545633" lon="127.006453">
        <ele>100.2</ele>
      </trkpt>
      <trkpt lat="37.545654" lon="127.006447">
        <ele>99.8</ele>
      </trkpt>
      <trkpt lat="37.545678" lon="127.006437">
        <ele>99.4</ele>
      </trkpt>
      <trkpt lat="37.545698" lon="127.00642">
        <ele>98.8</ele>
      </trkpt>
      <trkpt lat="37.54572" lon="127.00641">
        <ele>98.2</ele>
      </trkpt>
      <trkpt lat="37.545745" lon="127.006404">
        <ele>97.4</ele>
      </trkpt>
      <trkpt lat="37.545767" lon="127.006397">
        <ele>96.6</ele>
      </trkpt>
      <trkpt lat="37.545794" lon="127.006386">
        <ele>95.8</ele>
      </trkpt>
      <trkpt lat="37.545819" lon="127.006371">
        <ele>95</ele>
      </trkpt>
      <trkpt lat="37.545849" lon="127.006361">
        <ele>94.4</ele>
      </trkpt>
      <trkpt lat="37.545877" lon="127.006355">
        <ele>93.8</ele>
      </trkpt>
      <trkpt lat="37.545897" lon="127.006348">
        <ele>93.2</ele>
      </trkpt>
      <trkpt lat="37.545915" lon="127.00634">
        <ele>92.8</ele>
      </trkpt>
      <trkpt lat="37.545922" lon="127.006328">
        <ele>92.4</ele>
      </trkpt>
      <trkpt lat="37.545937" lon="127.006319">
        <ele>92</ele>
      </trkpt>
      <trkpt lat="37.545958" lon="127.006304">
        <ele>91.6</ele>
      </trkpt>
      <trkpt lat="37.545975" lon="127.006293">
        <ele>91</ele>
      </trkpt>
      <trkpt lat="37.545995" lon="127.006279">
        <ele>90.6</ele>
      </trkpt>
      <trkpt lat="37.546011" lon="127.006263">
        <ele>90.2</ele>
      </trkpt>
      <trkpt lat="37.546021" lon="127.006243">
        <ele>90</ele>
      </trkpt>
      <trkpt lat="37.546039" lon="127.006217">
        <ele>89.4</ele>
      </trkpt>
      <trkpt lat="37.546051" lon="127.00619">
        <ele>89.2</ele>
      </trkpt>
      <trkpt lat="37.546063" lon="127.006162">
        <ele>88.8</ele>
      </trkpt>
      <trkpt lat="37.546072" lon="127.006138">
        <ele>88.6</ele>
      </trkpt>
      <trkpt lat="37.54609" lon="127.006114">
        <ele>88.4</ele>
      </trkpt>
      <trkpt lat="37.546099" lon="127.006093">
        <ele>88.2</ele>
      </trkpt>
      <trkpt lat="37.546114" lon="127.006065">
        <ele>88.2</ele>
      </trkpt>
      <trkpt lat="37.546123" lon="127.006039">
        <ele>88</ele>
      </trkpt>
      <trkpt lat="37.546135" lon="127.006018">
        <ele>88</ele>
      </trkpt>
      <trkpt lat="37.546148" lon="127.005989">
        <ele>88</ele>
      </trkpt>
      <trkpt lat="37.546154" lon="127.005964">
        <ele>88</ele>
      </trkpt>
      <trkpt lat="37.546168" lon="127.005947">
        <ele>88</ele>
      </trkpt>
      <trkpt lat="37.546183" lon="127.005928">
        <ele>87.6</ele>
      </trkpt>
      <trkpt lat="37.546202" lon="127.0059">
        <ele>87.2</ele>
      </trkpt>
      <trkpt lat="37.546218" lon="127.005874">
        <ele>86.4</ele>
      </trkpt>
      <trkpt lat="37.546243" lon="127.005848">
        <ele>85.6</ele>
      </trkpt>
      <trkpt lat="37.54626" lon="127.005826">
        <ele>85</ele>
      </trkpt>
      <trkpt lat="37.546286" lon="127.005798">
        <ele>84.4</ele>
      </trkpt>
      <trkpt lat="37.546307" lon="127.005782">
        <ele>84</ele>
      </trkpt>
      <trkpt lat="37.546329" lon="127.005764">
        <ele>83.6</ele>
      </trkpt>
      <trkpt lat="37.546357" lon="127.005749">
        <ele>83.2</ele>
      </trkpt>
      <trkpt lat="37.546378" lon="127.005735">
        <ele>83</ele>
      </trkpt>
      <trkpt lat="37.5464" lon="127.005711">
        <ele>82.8</ele>
      </trkpt>
      <trkpt lat="37.546416" lon="127.005692">
        <ele>82.6</ele>
      </trkpt>
      <trkpt lat="37.54643" lon="127.005674">
        <ele>82.4</ele>
      </trkpt>
      <trkpt lat="37.54645" lon="127.005659">
        <ele>82.2</ele>
      </trkpt>
      <trkpt lat="37.546463" lon="127.005643">
        <ele>81.8</ele>
      </trkpt>
      <trkpt lat="37.546485" lon="127.005625">
        <ele>81.6</ele>
      </trkpt>
      <trkpt lat="37.546507" lon="127.005613">
        <ele>81</ele>
      </trkpt>
      <trkpt lat="37.546527" lon="127.0056">
        <ele>80.6</ele>
      </trkpt>
      <trkpt lat="37.546546" lon="127.005588">
        <ele>80.4</ele>
      </trkpt>
      <trkpt lat="37.546562" lon="127.005568">
        <ele>80.2</ele>
      </trkpt>
      <trkpt lat="37.546581" lon="127.005552">
        <ele>80</ele>
      </trkpt>
      <trkpt lat="37.546598" lon="127.005542">
        <ele>80</ele>
      </trkpt>
      <trkpt lat="37.546622" lon="127.005525">
        <ele>80.2</ele>
      </trkpt>
      <trkpt lat="37.546639" lon="127.005509">
        <ele>80.2</ele>
      </trkpt>
      <trkpt lat="37.546661" lon="127.005488">
        <ele>80.2</ele>
      </trkpt>
      <trkpt lat="37.54668" lon="127.00547">
        <ele>80.2</ele>
      </trkpt>
      <trkpt lat="37.546702" lon="127.005446">
        <ele>80.2</ele>
      </trkpt>
      <trkpt lat="37.546724" lon="127.005424">
        <ele>80.2</ele>
      </trkpt>
      <trkpt lat="37.546743" lon="127.005404">
        <ele>80.2</ele>
      </trkpt>
      <trkpt lat="37.546767" lon="127.005391">
        <ele>80.2</ele>
      </trkpt>
      <trkpt lat="37.546787" lon="127.005377">
        <ele>80.2</ele>
      </trkpt>
      <trkpt lat="37.546813" lon="127.005363">
        <ele>80.4</ele>
      </trkpt>
      <trkpt lat="37.546831" lon="127.005355">
        <ele>80.4</ele>
      </trkpt>
      <trkpt lat="37.546858" lon="127.005348">
        <ele>80.6</ele>
      </trkpt>
      <trkpt lat="37.546881" lon="127.005346">
        <ele>80.6</ele>
      </trkpt>
      <trkpt lat="37.546908" lon="127.005341">
        <ele>80.6</ele>
      </trkpt>
      <trkpt lat="37.546932" lon="127.00534">
        <ele>80.6</ele>
      </trkpt>
      <trkpt lat="37.546954" lon="127.005331">
        <ele>80.6</ele>
      </trkpt>
      <trkpt lat="37.546981" lon="127.005317">
        <ele>80.4</ele>
      </trkpt>
      <trkpt lat="37.547004" lon="127.005313">
        <ele>80.4</ele>
      </trkpt>
      <trkpt lat="37.547029" lon="127.005293">
        <ele>80</ele>
      </trkpt>
      <trkpt lat="37.547055" lon="127.005284">
        <ele>79.6</ele>
      </trkpt>
      <trkpt lat="37.547078" lon="127.005271">
        <ele>79.2</ele>
      </trkpt>
      <trkpt lat="37.547101" lon="127.00525">
        <ele>78.8</ele>
      </trkpt>
      <trkpt lat="37.547128" lon="127.005237">
        <ele>78.4</ele>
      </trkpt>
      <trkpt lat="37.547158" lon="127.005227">
        <ele>78</ele>
      </trkpt>
      <trkpt lat="37.547183" lon="127.005211">
        <ele>77.6</ele>
      </trkpt>
      <trkpt lat="37.547207" lon="127.005195">
        <ele>77.4</ele>
      </trkpt>
      <trkpt lat="37.547226" lon="127.00518">
        <ele>77</ele>
      </trkpt>
      <trkpt lat="37.547252" lon="127.005168">
        <ele>77</ele>
      </trkpt>
      <trkpt lat="37.547271" lon="127.005142">
        <ele>77</ele>
      </trkpt>
      <trkpt lat="37.547284" lon="127.005119">
        <ele>77</ele>
      </trkpt>
      <trkpt lat="37.547291" lon="127.005095">
        <ele>77</ele>
      </trkpt>
      <trkpt lat="37.547287" lon="127.005072">
        <ele>77</ele>
      </trkpt>
      <trkpt lat="37.547279" lon="127.005043">
        <ele>77</ele>
      </trkpt>
      <trkpt lat="37.547267" lon="127.005016">
        <ele>76.8</ele>
      </trkpt>
      <trkpt lat="37.54725" lon="127.004978">
        <ele>76.6</ele>
      </trkpt>
      <trkpt lat="37.547241" lon="127.00495">
        <ele>76.4</ele>
      </trkpt>
      <trkpt lat="37.547232" lon="127.004922">
        <ele>76.2</ele>
      </trkpt>
      <trkpt lat="37.547229" lon="127.004894">
        <ele>76</ele>
      </trkpt>
      <trkpt lat="37.54722" lon="127.00488">
        <ele>75.8</ele>
      </trkpt>
      <trkpt lat="37.547215" lon="127.004865">
        <ele>75.4</ele>
      </trkpt>
      <trkpt lat="37.547214" lon="127.00484">
        <ele>75</ele>
      </trkpt>
      <trkpt lat="37.547206" lon="127.004829">
        <ele>74.6</ele>
      </trkpt>
      <trkpt lat="37.547198" lon="127.004814">
        <ele>74.2</ele>
      </trkpt>
      <trkpt lat="37.547191" lon="127.004793">
        <ele>73.8</ele>
      </trkpt>
      <trkpt lat="37.547187" lon="127.00478">
        <ele>73.6</ele>
      </trkpt>
      <trkpt lat="37.54718" lon="127.004764">
        <ele>73.4</ele>
      </trkpt>
      <trkpt lat="37.547171" lon="127.004749">
        <ele>73.2</ele>
      </trkpt>
      <trkpt lat="37.547161" lon="127.004748">
        <ele>72.8</ele>
      </trkpt>
      <trkpt lat="37.54715" lon="127.004742">
        <ele>72.4</ele>
      </trkpt>
      <trkpt lat="37.54714" lon="127.004735">
        <ele>72</ele>
      </trkpt>
      <trkpt lat="37.54713" lon="127.00473">
        <ele>71.6</ele>
      </trkpt>
      <trkpt lat="37.547116" lon="127.004722">
        <ele>71.2</ele>
      </trkpt>
      <trkpt lat="37.547106" lon="127.004712">
        <ele>70.8</ele>
      </trkpt>
      <trkpt lat="37.547097" lon="127.004701">
        <ele>70.4</ele>
      </trkpt>
      <trkpt lat="37.547085" lon="127.004694">
        <ele>70</ele>
      </trkpt>
      <trkpt lat="37.547077" lon="127.004679">
        <ele>69.6</ele>
      </trkpt>
      <trkpt lat="37.547066" lon="127.004661">
        <ele>69</ele>
      </trkpt>
      <trkpt lat="37.54707" lon="127.004639">
        <ele>68.6</ele>
      </trkpt>
      <trkpt lat="37.547079" lon="127.004625">
        <ele>68.4</ele>
      </trkpt>
      <trkpt lat="37.547083" lon="127.004608">
        <ele>68.2</ele>
      </trkpt>
      <trkpt lat="37.547078" lon="127.004584">
        <ele>68.2</ele>
      </trkpt>
      <trkpt lat="37.547067" lon="127.004565">
        <ele>68</ele>
      </trkpt>
      <trkpt lat="37.547057" lon="127.004551">
        <ele>68</ele>
      </trkpt>
      <trkpt lat="37.547047" lon="127.004534">
        <ele>67.8</ele>
      </trkpt>
      <trkpt lat="37.547041" lon="127.004515">
        <ele>67.6</ele>
      </trkpt>
      <trkpt lat="37.547061" lon="127.004488">
        <ele>67.4</ele>
      </trkpt>
      <trkpt lat="37.547078" lon="127.004464">
        <ele>67.2</ele>
      </trkpt>
      <trkpt lat="37.547088" lon="127.004447">
        <ele>67</ele>
      </trkpt>
      <trkpt lat="37.547096" lon="127.004431">
        <ele>66.8</ele>
      </trkpt>
      <trkpt lat="37.547101" lon="127.004416">
        <ele>66.6</ele>
      </trkpt>
      <trkpt lat="37.547102280194416" lon="127.00441386634263">
        <ele>66.54310246828317</ele>
      </trkpt>
      <trkpt lat="37.547102" lon="127.004413">
        <ele>87.19</ele>
      </trkpt>
      <trkpt lat="37.547154" lon="127.004394">
        <ele>86.1</ele>
      </trkpt>
      <trkpt lat="37.547154" lon="127.004394">
        <ele>86.08</ele>
      </trkpt>
      <trkpt lat="37.547453" lon="127.004269">
        <ele>75.62</ele>
      </trkpt>
      <trkpt lat="37.547689" lon="127.004119">
        <ele>73.8</ele>
      </trkpt>
      <trkpt lat="37.547812" lon="127.004071">
        <ele>77.86</ele>
      </trkpt>
      <trkpt lat="37.54787" lon="127.004055">
        <ele>80.13</ele>
      </trkpt>
      <trkpt lat="37.547997" lon="127.004039">
        <ele>84.89</ele>
      </trkpt>
      <trkpt lat="37.548067" lon="127.004055">
        <ele>87.37</ele>
      </trkpt>
      <trkpt lat="37.548158" lon="127.004155">
        <ele>90.02</ele>
      </trkpt>
      <trkpt lat="37.548232" lon="127.004269">
        <ele>91.74</ele>
      </trkpt>
      <trkpt lat="37.548292" lon="127.004494">
        <ele>93.78</ele>
      </trkpt>
      <trkpt lat="37.548325" lon="127.004473">
        <ele>94.33</ele>
      </trkpt>
      <trkpt lat="37.548325" lon="127.004473">
        <ele>94.33</ele>
      </trkpt>
      <trkpt lat="37.548376" lon="127.004441">
        <ele>95.17</ele>
      </trkpt>
      <trkpt lat="37.548504" lon="127.004413">
        <ele>96.89</ele>
      </trkpt>
      <trkpt lat="37.548667" lon="127.00443">
        <ele>99.38</ele>
      </trkpt>
      <trkpt lat="37.548727" lon="127.004361">
        <ele>99.85</ele>
      </trkpt>
      <trkpt lat="37.548732" lon="127.004304">
        <ele>99.92</ele>
      </trkpt>
      <trkpt lat="37.548771" lon="127.004208">
        <ele>100.76</ele>
      </trkpt>
      <trkpt lat="37.548837" lon="127.004186">
        <ele>102.19</ele>
      </trkpt>
      <trkpt lat="37.548963" lon="127.004218">
        <ele>104.97</ele>
      </trkpt>
      <trkpt lat="37.549109" lon="127.004304">
        <ele>107.47</ele>
      </trkpt>
      <trkpt lat="37.549156" lon="127.00432">
        <ele>108.09</ele>
      </trkpt>
      <trkpt lat="37.549222" lon="127.004232">
        <ele>108.98</ele>
      </trkpt>
      <trkpt lat="37.549335" lon="127.004213">
        <ele>110.25</ele>
      </trkpt>
      <trkpt lat="37.549409" lon="127.004361">
        <ele>109.94</ele>
      </trkpt>
      <trkpt lat="37.5495" lon="127.004425">
        <ele>109.48</ele>
      </trkpt>
      <trkpt lat="37.549607" lon="127.004409">
        <ele>110.66</ele>
      </trkpt>
      <trkpt lat="37.549832" lon="127.004446">
        <ele>113.07</ele>
      </trkpt>
      <trkpt lat="37.549945" lon="127.004328">
        <ele>114.2</ele>
      </trkpt>
      <trkpt lat="37.550134" lon="127.004248">
        <ele>113.1</ele>
      </trkpt>
      <trkpt lat="37.550264" lon="127.004089">
        <ele>112.03</ele>
      </trkpt>
      <trkpt lat="37.550264" lon="127.004089">
        <ele>112.04</ele>
      </trkpt>
      <trkpt lat="37.550345" lon="127.004012">
        <ele>111.79</ele>
      </trkpt>
      <trkpt lat="37.54987" lon="127.003198">
        <ele>111.06</ele>
      </trkpt>
      <trkpt lat="37.549626" lon="127.002807">
        <ele>110.7</ele>
      </trkpt>
      <trkpt lat="37.549648" lon="127.002589">
        <ele>110.53</ele>
      </trkpt>
      <trkpt lat="37.549686" lon="127.002413">
        <ele>110.39</ele>
      </trkpt>
      <trkpt lat="37.549699" lon="127.002214">
        <ele>110.24</ele>
      </trkpt>
      <trkpt lat="37.549694" lon="127.002002">
        <ele>110.08</ele>
      </trkpt>
      <trkpt lat="37.549853" lon="127.001841">
        <ele>109.93</ele>
      </trkpt>
      <trkpt lat="37.550027" lon="127.001544">
        <ele>109.66</ele>
      </trkpt>
      <trkpt lat="37.550041" lon="127.001415">
        <ele>109.56</ele>
      </trkpt>
      <trkpt lat="37.550071" lon="127.001186">
        <ele>110.25</ele>
      </trkpt>
      <trkpt lat="37.55015" lon="127.001094">
        <ele>111</ele>
      </trkpt>
      <trkpt lat="37.5502" lon="127.001167">
        <ele>110.89</ele>
      </trkpt>
      <trkpt lat="37.550275" lon="127.00121">
        <ele>111.09</ele>
      </trkpt>
      <trkpt lat="37.550406" lon="127.001211">
        <ele>111.31</ele>
      </trkpt>
      <trkpt lat="37.550347" lon="127.001743">
        <ele>111.15</ele>
      </trkpt>
      <trkpt lat="37.550366" lon="127.001853">
        <ele>111.05</ele>
      </trkpt>
      <trkpt lat="37.550375" lon="127.001868">
        <ele>110.94</ele>
      </trkpt>
      <trkpt lat="37.550375" lon="127.001868">
        <ele>110.94</ele>
      </trkpt>
      <trkpt lat="37.550375" lon="127.001868">
        <ele>110.94</ele>
      </trkpt>
      <trkpt lat="37.550415" lon="127.001936">
        <ele>110.42</ele>
      </trkpt>
      <trkpt lat="37.5505" lon="127.001974">
        <ele>108.03</ele>
      </trkpt>
      <trkpt lat="37.550587" lon="127.001942">
        <ele>107.4</ele>
      </trkpt>
      <trkpt lat="37.55064" lon="127.001869">
        <ele>107.08</ele>
      </trkpt>
      <trkpt lat="37.550725" lon="127.001668">
        <ele>106.05</ele>
      </trkpt>
      <trkpt lat="37.550974" lon="127.001158">
        <ele>102.34</ele>
      </trkpt>
      <trkpt lat="37.551098" lon="127.000904">
        <ele>97.41</ele>
      </trkpt>
      <trkpt lat="37.551154" lon="127.000803">
        <ele>95.35</ele>
      </trkpt>
      <trkpt lat="37.551195" lon="127.00075">
        <ele>93.95</ele>
      </trkpt>
      <trkpt lat="37.551269" lon="127.000844">
        <ele>92.86</ele>
      </trkpt>
      <trkpt lat="37.55135" lon="127.000769">
        <ele>91.98</ele>
      </trkpt>
      <trkpt lat="37.551424" lon="127.000663">
        <ele>92.5</ele>
      </trkpt>
      <trkpt lat="37.551484" lon="127.000554">
        <ele>93.53</ele>
      </trkpt>
      <trkpt lat="37.551665" lon="127.00034">
        <ele>96.76</ele>
      </trkpt>
      <trkpt lat="37.551694" lon="127.00026">
        <ele>97.69</ele>
      </trkpt>
      <trkpt lat="37.551703" lon="127.000205">
        <ele>98.17</ele>
      </trkpt>
      <trkpt lat="37.551703" lon="127.000205">
        <ele>98.16</ele>
      </trkpt>
      <trkpt lat="37.551714" lon="127.000148">
        <ele>98.66</ele>
      </trkpt>
      <trkpt lat="37.551711" lon="127.000024">
        <ele>99.81</ele>
      </trkpt>
      <trkpt lat="37.551681" lon="126.9999">
        <ele>101.69</ele>
      </trkpt>
      <trkpt lat="37.551662" lon="126.999859">
        <ele>102.45</ele>
      </trkpt>
      <trkpt lat="37.551662" lon="126.999859">
        <ele>102.44</ele>
      </trkpt>
      <trkpt lat="37.551586" lon="126.999694">
        <ele>105.43</ele>
      </trkpt>
      <trkpt lat="37.551416" lon="126.99948">
        <ele>108.71</ele>
      </trkpt>
      <trkpt lat="37.551083" lon="126.999101">
        <ele>113</ele>
      </trkpt>
      <trkpt lat="37.550917" lon="126.998911">
        <ele>116.71</ele>
      </trkpt>
      <trkpt lat="37.550856" lon="126.998811">
        <ele>118.65</ele>
      </trkpt>
      <trkpt lat="37.550806" lon="126.998813">
        <ele>119.74</ele>
      </trkpt>
      <trkpt lat="37.550793" lon="126.998724">
        <ele>120.53</ele>
      </trkpt>
      <trkpt lat="37.550793" lon="126.998724">
        <ele>120.53</ele>
      </trkpt>
      <trkpt lat="37.550791" lon="126.998706">
        <ele>120.69</ele>
      </trkpt>
      <trkpt lat="37.550765" lon="126.99842">
        <ele>123.93</ele>
      </trkpt>
      <trkpt lat="37.550809" lon="126.997748">
        <ele>128.31</ele>
      </trkpt>
      <trkpt lat="37.550902" lon="126.997585">
        <ele>128.5</ele>
      </trkpt>
      <trkpt lat="37.551043" lon="126.99749">
        <ele>128.45</ele>
      </trkpt>
      <trkpt lat="37.551043" lon="126.99749">
        <ele>128.45</ele>
      </trkpt>
      <trkpt lat="37.551151" lon="126.997417">
        <ele>128.41</ele>
      </trkpt>
      <trkpt lat="37.551301" lon="126.997433">
        <ele>126.81</ele>
      </trkpt>
      <trkpt lat="37.55159" lon="126.997566">
        <ele>123.55</ele>
      </trkpt>
      <trkpt lat="37.552244" lon="126.997866">
        <ele>122.93</ele>
      </trkpt>
      <trkpt lat="37.553059" lon="126.998308">
        <ele>121.37</ele>
      </trkpt>
      <trkpt lat="37.553231" lon="126.998384">
        <ele>122.24</ele>
      </trkpt>
      <trkpt lat="37.553477" lon="126.998451">
        <ele>123.15</ele>
      </trkpt>
      <trkpt lat="37.554037" lon="126.998532">
        <ele>120.89</ele>
      </trkpt>
      <trkpt lat="37.554145" lon="126.998558">
        <ele>120.74</ele>
      </trkpt>
      <trkpt lat="37.554202" lon="126.998593">
        <ele>120.79</ele>
      </trkpt>
      <trkpt lat="37.554202" lon="126.998593">
        <ele>120.79</ele>
      </trkpt>
      <trkpt lat="37.55426" lon="126.998628">
        <ele>120.84</ele>
      </trkpt>
      <trkpt lat="37.554321" lon="126.998762">
        <ele>120.06</ele>
      </trkpt>
      <trkpt lat="37.554547" lon="126.999444">
        <ele>114.81</ele>
      </trkpt>
      <trkpt lat="37.554683" lon="126.999739">
        <ele>114.97</ele>
      </trkpt>
      <trkpt lat="37.554838" lon="126.99994">
        <ele>114.61</ele>
      </trkpt>
      <trkpt lat="37.554914" lon="127.000009">
        <ele>114.29</ele>
      </trkpt>
      <trkpt lat="37.554914" lon="127.000009">
        <ele>114.29</ele>
      </trkpt>
      <trkpt lat="37.555206" lon="127.000275">
        <ele>113.05</ele>
      </trkpt>
      <trkpt lat="37.555338" lon="127.000337">
        <ele>112.84</ele>
      </trkpt>
      <trkpt lat="37.555464" lon="127.000341">
        <ele>112.66</ele>
      </trkpt>
      <trkpt lat="37.555508" lon="127.000308">
        <ele>112.63</ele>
      </trkpt>
      <trkpt lat="37.555508" lon="127.000308">
        <ele>112.63</ele>
      </trkpt>
      <trkpt lat="37.555532" lon="127.00029">
        <ele>112.62</ele>
      </trkpt>
      <trkpt lat="37.55563" lon="127.000073">
        <ele>114.14</ele>
      </trkpt>
      <trkpt lat="37.555687" lon="126.999799">
        <ele>115.61</ele>
      </trkpt>
      <trkpt lat="37.555753" lon="126.998882">
        <ele>114.09</ele>
      </trkpt>
      <trkpt lat="37.555755" lon="126.998689">
        <ele>113.08</ele>
      </trkpt>
      <trkpt lat="37.555745" lon="126.998653">
        <ele>112.62</ele>
      </trkpt>
      <trkpt lat="37.555745" lon="126.998653">
        <ele>112.62</ele>
      </trkpt>
      <trkpt lat="37.555702" lon="126.998506">
        <ele>110.72</ele>
      </trkpt>
      <trkpt lat="37.555638" lon="126.998383">
        <ele>109.6</ele>
      </trkpt>
      <trkpt lat="37.555519" lon="126.998198">
        <ele>107.19</ele>
      </trkpt>
      <trkpt lat="37.555336" lon="126.997959">
        <ele>103.79</ele>
      </trkpt>
      <trkpt lat="37.55516" lon="126.997785">
        <ele>102.75</ele>
      </trkpt>
      <trkpt lat="37.555026" lon="126.99757">
        <ele>99.83</ele>
      </trkpt>
      <trkpt lat="37.554937" lon="126.997482">
        <ele>98.55</ele>
      </trkpt>
      <trkpt lat="37.554916" lon="126.997476">
        <ele>98.43</ele>
      </trkpt>
      <trkpt lat="37.554916" lon="126.997476">
        <ele>98.43</ele>
      </trkpt>
      <trkpt lat="37.554811" lon="126.997444">
        <ele>97.83</ele>
      </trkpt>
      <trkpt lat="37.55469" lon="126.997444">
        <ele>97.37</ele>
      </trkpt>
      <trkpt lat="37.554407" lon="126.997482">
        <ele>95.6</ele>
      </trkpt>
      <trkpt lat="37.55392" lon="126.997428">
        <ele>90.46</ele>
      </trkpt>
      <trkpt lat="37.553586" lon="126.997431">
        <ele>90.24</ele>
      </trkpt>
      <trkpt lat="37.553356" lon="126.99746">
        <ele>92.52</ele>
      </trkpt>
      <trkpt lat="37.553023" lon="126.997495">
        <ele>100.27</ele>
      </trkpt>
      <trkpt lat="37.552854" lon="126.997429">
        <ele>102.44</ele>
      </trkpt>
      <trkpt lat="37.552854" lon="126.997429">
        <ele>102.44</ele>
      </trkpt>
      <trkpt lat="37.552512" lon="126.997294">
        <ele>106.83</ele>
      </trkpt>
      <trkpt lat="37.552306" lon="126.997128">
        <ele>109.95</ele>
      </trkpt>
      <trkpt lat="37.55211" lon="126.996826">
        <ele>112.6</ele>
      </trkpt>
      <trkpt lat="37.551738" lon="126.99621">
        <ele>121.95</ele>
      </trkpt>
      <trkpt lat="37.551716" lon="126.996137">
        <ele>123.03</ele>
      </trkpt>
      <trkpt lat="37.551716" lon="126.996137">
        <ele>123.04</ele>
      </trkpt>
      <trkpt lat="37.551685" lon="126.996036">
        <ele>124.54</ele>
      </trkpt>
      <trkpt lat="37.551685" lon="126.995854">
        <ele>126.72</ele>
      </trkpt>
      <trkpt lat="37.551775" lon="126.99569">
        <ele>128.1</ele>
      </trkpt>
      <trkpt lat="37.551998" lon="126.995458">
        <ele>129.74</ele>
      </trkpt>
      <trkpt lat="37.552221" lon="126.995226">
        <ele>127.23</ele>
      </trkpt>
      <trkpt lat="37.552242" lon="126.995071">
        <ele>125.86</ele>
      </trkpt>
      <trkpt lat="37.552193" lon="126.994703">
        <ele>125.65</ele>
      </trkpt>
      <trkpt lat="37.55224" lon="126.994526">
        <ele>125.28</ele>
      </trkpt>
      <trkpt lat="37.552353" lon="126.994438">
        <ele>123.83</ele>
      </trkpt>
      <trkpt lat="37.552429" lon="126.994439">
        <ele>122.35</ele>
      </trkpt>
      <trkpt lat="37.552429" lon="126.994439">
        <ele>122.35</ele>
      </trkpt>
      <trkpt lat="37.552495" lon="126.99444">
        <ele>121.05</ele>
      </trkpt>
      <trkpt lat="37.552953" lon="126.994641">
        <ele>110.7</ele>
      </trkpt>
      <trkpt lat="37.553114" lon="126.994649">
        <ele>108.55</ele>
      </trkpt>
      <trkpt lat="37.553382" lon="126.994585">
        <ele>104.09</ele>
      </trkpt>
      <trkpt lat="37.553401" lon="126.994556">
        <ele>104.07</ele>
      </trkpt>
      <trkpt lat="37.553478" lon="126.99444">
        <ele>103.96</ele>
      </trkpt>
      <trkpt lat="37.553512" lon="126.994207">
        <ele>106.02</ele>
      </trkpt>
      <trkpt lat="37.553588" lon="126.994065">
        <ele>106.49</ele>
      </trkpt>
      <trkpt lat="37.553744" lon="126.99399">
        <ele>107.2</ele>
      </trkpt>
      <trkpt lat="37.553899" lon="126.994006">
        <ele>107.69</ele>
      </trkpt>
      <trkpt lat="37.554129" lon="126.994078">
        <ele>107.69</ele>
      </trkpt>
      <trkpt lat="37.55425" lon="126.994078">
        <ele>107.81</ele>
      </trkpt>
      <trkpt lat="37.55436" lon="126.993995">
        <ele>107.88</ele>
      </trkpt>
      <trkpt lat="37.554379" lon="126.99397">
        <ele>107.93</ele>
      </trkpt>
      <trkpt lat="37.554381" lon="126.993972">
        <ele>91.4</ele>
      </trkpt>
      <trkpt lat="37.554379" lon="126.99397">
        <ele>107.93</ele>
      </trkpt>
      <trkpt lat="37.55445" lon="126.993874">
        <ele>108.13</ele>
      </trkpt>
      <trkpt lat="37.554506" lon="126.993689">
        <ele>107.32</ele>
      </trkpt>
      <trkpt lat="37.554552" lon="126.993413">
        <ele>103.76</ele>
      </trkpt>
      <trkpt lat="37.554594" lon="126.993086">
        <ele>103.18</ele>
      </trkpt>
      <trkpt lat="37.554942" lon="126.992196">
        <ele>109.95</ele>
      </trkpt>
      <trkpt lat="37.555173" lon="126.991602">
        <ele>108.17</ele>
      </trkpt>
      <trkpt lat="37.555249" lon="126.99143">
        <ele>111.1</ele>
      </trkpt>
      <trkpt lat="37.555287" lon="126.991415">
        <ele>111.18</ele>
      </trkpt>
      <trkpt lat="37.555287" lon="126.991415">
        <ele>111.18</ele>
      </trkpt>
      <trkpt lat="37.555398" lon="126.99137">
        <ele>111.42</ele>
      </trkpt>
      <trkpt lat="37.555545" lon="126.991438">
        <ele>108.01</ele>
      </trkpt>
      <trkpt lat="37.556008" lon="126.991714">
        <ele>103.54</ele>
      </trkpt>
      <trkpt lat="37.55641" lon="126.991948">
        <ele>102.56</ele>
      </trkpt>
      <trkpt lat="37.556576" lon="126.991973">
        <ele>103.64</ele>
      </trkpt>
      <trkpt lat="37.556614" lon="126.991966">
        <ele>103.76</ele>
      </trkpt>
      <trkpt lat="37.556614" lon="126.991966">
        <ele>103.76</ele>
      </trkpt>
      <trkpt lat="37.556772" lon="126.991938">
        <ele>104.23</ele>
      </trkpt>
      <trkpt lat="37.556891" lon="126.991822">
        <ele>105.11</ele>
      </trkpt>
      <trkpt lat="37.557031" lon="126.991514">
        <ele>105.13</ele>
      </trkpt>
      <trkpt lat="37.557032" lon="126.991426">
        <ele>105.38</ele>
      </trkpt>
      <trkpt lat="37.557032" lon="126.991426">
        <ele>105.38</ele>
      </trkpt>
      <trkpt lat="37.557033" lon="126.991369">
        <ele>105.54</ele>
      </trkpt>
      <trkpt lat="37.556982" lon="126.991232">
        <ele>106.26</ele>
      </trkpt>
      <trkpt lat="37.556734" lon="126.990862">
        <ele>111.4</ele>
      </trkpt>
      <trkpt lat="37.556721" lon="126.99074">
        <ele>111.89</ele>
      </trkpt>
      <trkpt lat="37.556773" lon="126.990581">
        <ele>111.3</ele>
      </trkpt>
      <trkpt lat="37.556875" lon="126.990312">
        <ele>111.09</ele>
      </trkpt>
      <trkpt lat="37.556895" lon="126.990152">
        <ele>111.44</ele>
      </trkpt>
      <trkpt lat="37.556888" lon="126.990133">
        <ele>111.57</ele>
      </trkpt>
      <trkpt lat="37.556888" lon="126.990133">
        <ele>111.57</ele>
      </trkpt>
      <trkpt lat="37.556835" lon="126.990001">
        <ele>112.52</ele>
      </trkpt>
      <trkpt lat="37.556752" lon="126.989854">
        <ele>113.79</ele>
      </trkpt>
      <trkpt lat="37.556574" lon="126.989647">
        <ele>118.1</ele>
      </trkpt>
      <trkpt lat="37.556521" lon="126.989481">
        <ele>119.7</ele>
      </trkpt>
      <trkpt lat="37.556521" lon="126.989207">
        <ele>120.64</ele>
      </trkpt>
      <trkpt lat="37.556502" lon="126.98907">
        <ele>120.27</ele>
      </trkpt>
      <trkpt lat="37.556487" lon="126.989042">
        <ele>120.28</ele>
      </trkpt>
      <trkpt lat="37.556487" lon="126.989042">
        <ele>120.28</ele>
      </trkpt>
      <trkpt lat="37.556419" lon="126.988912">
        <ele>120.35</ele>
      </trkpt>
      <trkpt lat="37.55632" lon="126.988848">
        <ele>121.37</ele>
      </trkpt>
      <trkpt lat="37.55561" lon="126.988446">
        <ele>123.19</ele>
      </trkpt>
      <trkpt lat="37.555373" lon="126.988312">
        <ele>129.25</ele>
      </trkpt>
      <trkpt lat="37.55526" lon="126.988233">
        <ele>132.53</ele>
      </trkpt>
      <trkpt lat="37.555205" lon="126.988073">
        <ele>133.42</ele>
      </trkpt>
      <trkpt lat="37.55521" lon="126.988059">
        <ele>133.37</ele>
      </trkpt>
      <trkpt lat="37.55521" lon="126.988059">
        <ele>133.37</ele>
      </trkpt>
      <trkpt lat="37.555243" lon="126.987958">
        <ele>133.03</ele>
      </trkpt>
      <trkpt lat="37.555308" lon="126.987852">
        <ele>133.38</ele>
      </trkpt>
      <trkpt lat="37.555653" lon="126.987714">
        <ele>130.01</ele>
      </trkpt>
      <trkpt lat="37.555789" lon="126.987619">
        <ele>128.58</ele>
      </trkpt>
      <trkpt lat="37.55587" lon="126.987395">
        <ele>129.71</ele>
      </trkpt>
      <trkpt lat="37.555872" lon="126.987279">
        <ele>128.86</ele>
      </trkpt>
      <trkpt lat="37.555872" lon="126.987279">
        <ele>128.86</ele>
      </trkpt>
      <trkpt lat="37.555876" lon="126.987008">
        <ele>126.85</ele>
      </trkpt>
      <trkpt lat="37.555765" lon="126.986716">
        <ele>122.55</ele>
      </trkpt>
      <trkpt lat="37.555644" lon="126.986627">
        <ele>122.07</ele>
      </trkpt>
      <trkpt lat="37.555332" lon="126.986626">
        <ele>126.04</ele>
      </trkpt>
      <trkpt lat="37.555215" lon="126.986563">
        <ele>127.74</ele>
      </trkpt>
      <trkpt lat="37.555193" lon="126.986416">
        <ele>127.94</ele>
      </trkpt>
      <trkpt lat="37.555193" lon="126.986416">
        <ele>127.94</ele>
      </trkpt>
      <trkpt lat="37.5552" lon="126.986311">
        <ele>128.35</ele>
      </trkpt>
      <trkpt lat="37.555263" lon="126.98622">
        <ele>127.15</ele>
      </trkpt>
      <trkpt lat="37.555595" lon="126.985965">
        <ele>117.52</ele>
      </trkpt>
      <trkpt lat="37.555793" lon="126.985654">
        <ele>111</ele>
      </trkpt>
      <trkpt lat="37.555831" lon="126.985552">
        <ele>109.57</ele>
      </trkpt>
      <trkpt lat="37.555837" lon="126.985429">
        <ele>108.71</ele>
      </trkpt>
      <trkpt lat="37.555816" lon="126.985346">
        <ele>108.01</ele>
      </trkpt>
      <trkpt lat="37.555707" lon="126.985267">
        <ele>107.85</ele>
      </trkpt>
      <trkpt lat="37.555554" lon="126.98508">
        <ele>108.02</ele>
      </trkpt>
      <trkpt lat="37.555539" lon="126.985001">
        <ele>108.4</ele>
      </trkpt>
      <trkpt lat="37.555546" lon="126.984844">
        <ele>108.72</ele>
      </trkpt>
      <trkpt lat="37.555597" lon="126.984641">
        <ele>108.38</ele>
      </trkpt>
      <trkpt lat="37.555611" lon="126.984519">
        <ele>107.65</ele>
      </trkpt>
      <trkpt lat="37.555606" lon="126.984433">
        <ele>107.05</ele>
      </trkpt>
      <trkpt lat="37.555588" lon="126.984378">
        <ele>106.77</ele>
      </trkpt>
      <trkpt lat="37.555549" lon="126.984332">
        <ele>106.73</ele>
      </trkpt>
      <trkpt lat="37.555492" lon="126.984297">
        <ele>106.97</ele>
      </trkpt>
      <trkpt lat="37.555409" lon="126.984277">
        <ele>107.84</ele>
      </trkpt>
      <trkpt lat="37.555089" lon="126.98414">
        <ele>110.83</ele>
      </trkpt>
      <trkpt lat="37.554968" lon="126.983953">
        <ele>109.11</ele>
      </trkpt>
      <trkpt lat="37.554857" lon="126.983811">
        <ele>109.12</ele>
      </trkpt>
      <trkpt lat="37.554688" lon="126.983722">
        <ele>112.44</ele>
      </trkpt>
      <trkpt lat="37.554578" lon="126.983613">
        <ele>113.13</ele>
      </trkpt>
      <trkpt lat="37.554514" lon="126.983391">
        <ele>111.65</ele>
      </trkpt>
      <trkpt lat="37.554514" lon="126.983391">
        <ele>111.65</ele>
      </trkpt>
      <trkpt lat="37.554497" lon="126.983333">
        <ele>111.26</ele>
      </trkpt>
      <trkpt lat="37.554493" lon="126.983189">
        <ele>109.84</ele>
      </trkpt>
      <trkpt lat="37.554527" lon="126.983123">
        <ele>108.19</ele>
      </trkpt>
      <trkpt lat="37.554456" lon="126.982895">
        <ele>110.42</ele>
      </trkpt>
      <trkpt lat="37.554432" lon="126.982758">
        <ele>112.22</ele>
      </trkpt>
      <trkpt lat="37.554442" lon="126.982652">
        <ele>112.74</ele>
      </trkpt>
      <trkpt lat="37.554466" lon="126.982531">
        <ele>113.72</ele>
      </trkpt>
      <trkpt lat="37.554466" lon="126.982531">
        <ele>113.72</ele>
      </trkpt>
      <trkpt lat="37.554508" lon="126.982426">
        <ele>114.51</ele>
      </trkpt>
      <trkpt lat="37.554669" lon="126.982108">
        <ele>111.97</ele>
      </trkpt>
      <trkpt lat="37.55478" lon="126.981825">
        <ele>110.75</ele>
      </trkpt>
      <trkpt lat="37.554728" lon="126.981795">
        <ele>112.59</ele>
      </trkpt>
      <trkpt lat="37.554636" lon="126.981722">
        <ele>115.16</ele>
      </trkpt>
      <trkpt lat="37.554636" lon="126.981722">
        <ele>115.17</ele>
      </trkpt>
      <trkpt lat="37.554503" lon="126.981616">
        <ele>118.92</ele>
      </trkpt>
      <trkpt lat="37.554398" lon="126.981616">
        <ele>119.96</ele>
      </trkpt>
      <trkpt lat="37.554274" lon="126.98151">
        <ele>121.82</ele>
      </trkpt>
      <trkpt lat="37.554193" lon="126.981439">
        <ele>122</ele>
      </trkpt>
      <trkpt lat="37.553964" lon="126.981275">
        <ele>123.15</ele>
      </trkpt>
      <trkpt lat="37.553836" lon="126.981232">
        <ele>124.08</ele>
      </trkpt>
      <trkpt lat="37.553732" lon="126.98112">
        <ele>125.05</ele>
      </trkpt>
      <trkpt lat="37.553685" lon="126.981246">
        <ele>124.92</ele>
      </trkpt>
      <trkpt lat="37.553575" lon="126.981564">
        <ele>123.72</ele>
      </trkpt>
      <trkpt lat="37.553484" lon="126.98183">
        <ele>120.44</ele>
      </trkpt>
      <trkpt lat="37.553372" lon="126.982103">
        <ele>118.99</ele>
      </trkpt>
      <trkpt lat="37.553289" lon="126.982245">
        <ele>118.19</ele>
      </trkpt>
      <trkpt lat="37.553137" lon="126.982433">
        <ele>117.55</ele>
      </trkpt>
      <trkpt lat="37.553068" lon="126.982492">
        <ele>117.7</ele>
      </trkpt>
      <trkpt lat="37.553055" lon="126.982492">
        <ele>117.7</ele>
      </trkpt>
      <trkpt lat="37.553055" lon="126.982486">
        <ele>108.8</ele>
      </trkpt>
      <trkpt lat="37.55303" lon="126.982503">
        <ele>108.8</ele>
      </trkpt>
      <trkpt lat="37.553006" lon="126.982516">
        <ele>108.6</ele>
      </trkpt>
      <trkpt lat="37.552985" lon="126.982525">
        <ele>108.4</ele>
      </trkpt>
      <trkpt lat="37.552956" lon="126.98252">
        <ele>108.4</ele>
      </trkpt>
      <trkpt lat="37.552934" lon="126.982521">
        <ele>108.4</ele>
      </trkpt>
      <trkpt lat="37.552909" lon="126.982506">
        <ele>108.2</ele>
      </trkpt>
      <trkpt lat="37.552884" lon="126.982497">
        <ele>108</ele>
      </trkpt>
      <trkpt lat="37.552857" lon="126.982489">
        <ele>107.4</ele>
      </trkpt>
      <trkpt lat="37.552832" lon="126.98248">
        <ele>107</ele>
      </trkpt>
      <trkpt lat="37.552807" lon="126.982473">
        <ele>106.6</ele>
      </trkpt>
      <trkpt lat="37.552779" lon="126.982456">
        <ele>106.4</ele>
      </trkpt>
      <trkpt lat="37.552753" lon="126.982445">
        <ele>106.2</ele>
      </trkpt>
      <trkpt lat="37.552726" lon="126.982432">
        <ele>106</ele>
      </trkpt>
      <trkpt lat="37.552703" lon="126.982415">
        <ele>106</ele>
      </trkpt>
      <trkpt lat="37.55268" lon="126.982404">
        <ele>105.8</ele>
      </trkpt>
      <trkpt lat="37.552655" lon="126.982388">
        <ele>105.6</ele>
      </trkpt>
      <trkpt lat="37.552633" lon="126.982378">
        <ele>105.2</ele>
      </trkpt>
      <trkpt lat="37.552606" lon="126.982371">
        <ele>105.2</ele>
      </trkpt>
      <trkpt lat="37.552583" lon="126.982356">
        <ele>104.8</ele>
      </trkpt>
      <trkpt lat="37.552555" lon="126.982345">
        <ele>104.6</ele>
      </trkpt>
      <trkpt lat="37.552525" lon="126.98233">
        <ele>104.4</ele>
      </trkpt>
      <trkpt lat="37.552501" lon="126.98232">
        <ele>104</ele>
      </trkpt>
      <trkpt lat="37.552473" lon="126.982308">
        <ele>103.8</ele>
      </trkpt>
      <trkpt lat="37.552446" lon="126.982294">
        <ele>103.4</ele>
      </trkpt>
      <trkpt lat="37.552425" lon="126.982297">
        <ele>103.2</ele>
      </trkpt>
      <trkpt lat="37.552406" lon="126.982298">
        <ele>103.2</ele>
      </trkpt>
      <trkpt lat="37.552391" lon="126.982294">
        <ele>103</ele>
      </trkpt>
      <trkpt lat="37.55238" lon="126.982294">
        <ele>102.8</ele>
      </trkpt>
      <trkpt lat="37.552365" lon="126.982291">
        <ele>102.6</ele>
      </trkpt>
      <trkpt lat="37.552353" lon="126.982291">
        <ele>102.4</ele>
      </trkpt>
      <trkpt lat="37.552343" lon="126.982297">
        <ele>102.4</ele>
      </trkpt>
      <trkpt lat="37.55233" lon="126.9823">
        <ele>102.4</ele>
      </trkpt>
      <trkpt lat="37.552319" lon="126.982304">
        <ele>102.4</ele>
      </trkpt>
      <trkpt lat="37.552304" lon="126.9823">
        <ele>102.4</ele>
      </trkpt>
      <trkpt lat="37.552288" lon="126.982306">
        <ele>102.4</ele>
      </trkpt>
      <trkpt lat="37.552279" lon="126.982323">
        <ele>102.4</ele>
      </trkpt>
      <trkpt lat="37.552274" lon="126.982346">
        <ele>102.4</ele>
      </trkpt>
      <trkpt lat="37.552266" lon="126.982364">
        <ele>102.4</ele>
      </trkpt>
      <trkpt lat="37.552257" lon="126.982385">
        <ele>102.6</ele>
      </trkpt>
      <trkpt lat="37.552254" lon="126.982407">
        <ele>102.8</ele>
      </trkpt>
      <trkpt lat="37.552248" lon="126.982426">
        <ele>103</ele>
      </trkpt>
      <trkpt lat="37.552245" lon="126.982452">
        <ele>103.2</ele>
      </trkpt>
      <trkpt lat="37.552245" lon="126.982473">
        <ele>103.6</ele>
      </trkpt>
      <trkpt lat="37.552235" lon="126.982498">
        <ele>103.8</ele>
      </trkpt>
      <trkpt lat="37.552231" lon="126.982521">
        <ele>104</ele>
      </trkpt>
      <trkpt lat="37.552224" lon="126.982546">
        <ele>104.2</ele>
      </trkpt>
      <trkpt lat="37.552215" lon="126.982571">
        <ele>104.4</ele>
      </trkpt>
      <trkpt lat="37.552204" lon="126.982596">
        <ele>104.6</ele>
      </trkpt>
      <trkpt lat="37.552196" lon="126.982617">
        <ele>104.6</ele>
      </trkpt>
      <trkpt lat="37.552185" lon="126.982646">
        <ele>104.8</ele>
      </trkpt>
      <trkpt lat="37.552176" lon="126.982667">
        <ele>105</ele>
      </trkpt>
      <trkpt lat="37.552166" lon="126.98269">
        <ele>105.4</ele>
      </trkpt>
      <trkpt lat="37.552157" lon="126.982715">
        <ele>105.6</ele>
      </trkpt>
      <trkpt lat="37.552151" lon="126.982735">
        <ele>105.8</ele>
      </trkpt>
      <trkpt lat="37.552144" lon="126.982762">
        <ele>106.2</ele>
      </trkpt>
      <trkpt lat="37.552137" lon="126.98278">
        <ele>106.2</ele>
      </trkpt>
      <trkpt lat="37.552127" lon="126.982801">
        <ele>106.6</ele>
      </trkpt>
      <trkpt lat="37.552117" lon="126.982823">
        <ele>106.8</ele>
      </trkpt>
      <trkpt lat="37.552104" lon="126.982845">
        <ele>107</ele>
      </trkpt>
      <trkpt lat="37.552093" lon="126.982865">
        <ele>107.2</ele>
      </trkpt>
      <trkpt lat="37.552084" lon="126.982883">
        <ele>107.4</ele>
      </trkpt>
      <trkpt lat="37.552072" lon="126.9829">
        <ele>107.6</ele>
      </trkpt>
      <trkpt lat="37.552064" lon="126.982919">
        <ele>107.8</ele>
      </trkpt>
      <trkpt lat="37.552052" lon="126.982936">
        <ele>108</ele>
      </trkpt>
      <trkpt lat="37.552042" lon="126.982957">
        <ele>108.4</ele>
      </trkpt>
      <trkpt lat="37.552028" lon="126.982979">
        <ele>108.6</ele>
      </trkpt>
      <trkpt lat="37.552018" lon="126.982996">
        <ele>108.8</ele>
      </trkpt>
      <trkpt lat="37.552" lon="126.983019">
        <ele>109</ele>
      </trkpt>
      <trkpt lat="37.551987" lon="126.983037">
        <ele>109.2</ele>
      </trkpt>
      <trkpt lat="37.551969" lon="126.983058">
        <ele>109.4</ele>
      </trkpt>
      <trkpt lat="37.551949" lon="126.983069">
        <ele>109.6</ele>
      </trkpt>
      <trkpt lat="37.55193" lon="126.983089">
        <ele>109.8</ele>
      </trkpt>
      <trkpt lat="37.551913" lon="126.983103">
        <ele>110</ele>
      </trkpt>
      <trkpt lat="37.551904" lon="126.983117">
        <ele>110.4</ele>
      </trkpt>
      <trkpt lat="37.551888" lon="126.983139">
        <ele>110.6</ele>
      </trkpt>
      <trkpt lat="37.551879" lon="126.983153">
        <ele>110.8</ele>
      </trkpt>
      <trkpt lat="37.551862" lon="126.98317">
        <ele>111</ele>
      </trkpt>
      <trkpt lat="37.551853" lon="126.983184">
        <ele>111.2</ele>
      </trkpt>
      <trkpt lat="37.551836" lon="126.983206">
        <ele>111.4</ele>
      </trkpt>
      <trkpt lat="37.551823" lon="126.983223">
        <ele>111.8</ele>
      </trkpt>
      <trkpt lat="37.551809" lon="126.983242">
        <ele>112</ele>
      </trkpt>
      <trkpt lat="37.551797" lon="126.98326">
        <ele>112.2</ele>
      </trkpt>
      <trkpt lat="37.551782" lon="126.983278">
        <ele>112.4</ele>
      </trkpt>
      <trkpt lat="37.551766" lon="126.983297">
        <ele>112.8</ele>
      </trkpt>
      <trkpt lat="37.551756" lon="126.983314">
        <ele>113.2</ele>
      </trkpt>
      <trkpt lat="37.551738" lon="126.983332">
        <ele>113.4</ele>
      </trkpt>
      <trkpt lat="37.551724" lon="126.983354">
        <ele>113.8</ele>
      </trkpt>
      <trkpt lat="37.551709" lon="126.98337">
        <ele>114</ele>
      </trkpt>
      <trkpt lat="37.551701" lon="126.983392">
        <ele>114.2</ele>
      </trkpt>
      <trkpt lat="37.55169" lon="126.983413">
        <ele>114.6</ele>
      </trkpt>
      <trkpt lat="37.551681" lon="126.983434">
        <ele>114.8</ele>
      </trkpt>
      <trkpt lat="37.551667" lon="126.983454">
        <ele>115</ele>
      </trkpt>
      <trkpt lat="37.551654" lon="126.983472">
        <ele>115.2</ele>
      </trkpt>
      <trkpt lat="37.551639" lon="126.983498">
        <ele>115.6</ele>
      </trkpt>
      <trkpt lat="37.551633" lon="126.983519">
        <ele>115.8</ele>
      </trkpt>
      <trkpt lat="37.551619" lon="126.983547">
        <ele>116.2</ele>
      </trkpt>
      <trkpt lat="37.551609" lon="126.983569">
        <ele>116.4</ele>
      </trkpt>
      <trkpt lat="37.551601" lon="126.983591">
        <ele>116.8</ele>
      </trkpt>
      <trkpt lat="37.551591" lon="126.983617">
        <ele>117</ele>
      </trkpt>
      <trkpt lat="37.551581" lon="126.983642">
        <ele>117.4</ele>
      </trkpt>
      <trkpt lat="37.551573" lon="126.983663">
        <ele>117.6</ele>
      </trkpt>
      <trkpt lat="37.551561" lon="126.983686">
        <ele>118</ele>
      </trkpt>
      <trkpt lat="37.551551" lon="126.98371">
        <ele>118.4</ele>
      </trkpt>
      <trkpt lat="37.551543" lon="126.983734">
        <ele>118.6</ele>
      </trkpt>
      <trkpt lat="37.551535" lon="126.983762">
        <ele>119</ele>
      </trkpt>
      <trkpt lat="37.551532" lon="126.983787">
        <ele>119.2</ele>
      </trkpt>
      <trkpt lat="37.551525" lon="126.983811">
        <ele>119.4</ele>
      </trkpt>
      <trkpt lat="37.551518" lon="126.983835">
        <ele>119.8</ele>
      </trkpt>
      <trkpt lat="37.551509" lon="126.983858">
        <ele>120</ele>
      </trkpt>
      <trkpt lat="37.551504" lon="126.983883">
        <ele>120.4</ele>
      </trkpt>
      <trkpt lat="37.551495" lon="126.98391">
        <ele>120.6</ele>
      </trkpt>
      <trkpt lat="37.551493" lon="126.983933">
        <ele>121</ele>
      </trkpt>
      <trkpt lat="37.551479" lon="126.983963">
        <ele>121.4</ele>
      </trkpt>
      <trkpt lat="37.551469" lon="126.983986">
        <ele>121.6</ele>
      </trkpt>
      <trkpt lat="37.551459" lon="126.984011">
        <ele>121.8</ele>
      </trkpt>
      <trkpt lat="37.551452" lon="126.984029">
        <ele>122.2</ele>
      </trkpt>
      <trkpt lat="37.551438" lon="126.984057">
        <ele>122.4</ele>
      </trkpt>
      <trkpt lat="37.551428" lon="126.98408">
        <ele>122.6</ele>
      </trkpt>
      <trkpt lat="37.551411" lon="126.984103">
        <ele>123</ele>
      </trkpt>
      <trkpt lat="37.551397" lon="126.98412">
        <ele>123</ele>
      </trkpt>
      <trkpt lat="37.551385" lon="126.984147">
        <ele>123.4</ele>
      </trkpt>
      <trkpt lat="37.55137" lon="126.984167">
        <ele>123.8</ele>
      </trkpt>
      <trkpt lat="37.551357" lon="126.984183">
        <ele>124.2</ele>
      </trkpt>
      <trkpt lat="37.551337" lon="126.984201">
        <ele>124.4</ele>
      </trkpt>
      <trkpt lat="37.551322" lon="126.98422">
        <ele>124.8</ele>
      </trkpt>
      <trkpt lat="37.551303" lon="126.984236">
        <ele>125.2</ele>
      </trkpt>
      <trkpt lat="37.551285" lon="126.984253">
        <ele>125.4</ele>
      </trkpt>
      <trkpt lat="37.551265" lon="126.984266">
        <ele>125.8</ele>
      </trkpt>
      <trkpt lat="37.551248" lon="126.984278">
        <ele>126</ele>
      </trkpt>
      <trkpt lat="37.551228" lon="126.984298">
        <ele>126.4</ele>
      </trkpt>
      <trkpt lat="37.551213" lon="126.984314">
        <ele>126.6</ele>
      </trkpt>
      <trkpt lat="37.551193" lon="126.984334">
        <ele>126.8</ele>
      </trkpt>
      <trkpt lat="37.551175" lon="126.984347">
        <ele>127.2</ele>
      </trkpt>
      <trkpt lat="37.551152" lon="126.984365">
        <ele>127.4</ele>
      </trkpt>
      <trkpt lat="37.551133" lon="126.984379">
        <ele>127.6</ele>
      </trkpt>
      <trkpt lat="37.551114" lon="126.984393">
        <ele>127.8</ele>
      </trkpt>
      <trkpt lat="37.551094" lon="126.984406">
        <ele>128</ele>
      </trkpt>
      <trkpt lat="37.551075" lon="126.984418">
        <ele>128.2</ele>
      </trkpt>
      <trkpt lat="37.551059" lon="126.984436">
        <ele>128.4</ele>
      </trkpt>
      <trkpt lat="37.551047" lon="126.984458">
        <ele>128.6</ele>
      </trkpt>
      <trkpt lat="37.551028" lon="126.984478">
        <ele>128.8</ele>
      </trkpt>
      <trkpt lat="37.551012" lon="126.984501">
        <ele>129</ele>
      </trkpt>
      <trkpt lat="37.550996" lon="126.984523">
        <ele>129.4</ele>
      </trkpt>
      <trkpt lat="37.550978" lon="126.984542">
        <ele>129.6</ele>
      </trkpt>
      <trkpt lat="37.550961" lon="126.984558">
        <ele>129.8</ele>
      </trkpt>
      <trkpt lat="37.550947" lon="126.984575">
        <ele>130.2</ele>
      </trkpt>
      <trkpt lat="37.55093" lon="126.984595">
        <ele>130.4</ele>
      </trkpt>
      <trkpt lat="37.550915" lon="126.984612">
        <ele>130.6</ele>
      </trkpt>
      <trkpt lat="37.550897" lon="126.984632">
        <ele>131</ele>
      </trkpt>
      <trkpt lat="37.550878" lon="126.984647">
        <ele>131.2</ele>
      </trkpt>
      <trkpt lat="37.550863" lon="126.984666">
        <ele>131.4</ele>
      </trkpt>
      <trkpt lat="37.55085" lon="126.984684">
        <ele>131.6</ele>
      </trkpt>
      <trkpt lat="37.550836" lon="126.984708">
        <ele>131.8</ele>
      </trkpt>
      <trkpt lat="37.55082" lon="126.984727">
        <ele>132.2</ele>
      </trkpt>
      <trkpt lat="37.550808" lon="126.984748">
        <ele>132.4</ele>
      </trkpt>
      <trkpt lat="37.550793" lon="126.98477">
        <ele>132.6</ele>
      </trkpt>
      <trkpt lat="37.550785" lon="126.98479">
        <ele>132.8</ele>
      </trkpt>
      <trkpt lat="37.550773" lon="126.984816">
        <ele>133.2</ele>
      </trkpt>
      <trkpt lat="37.550763" lon="126.984838">
        <ele>133.4</ele>
      </trkpt>
      <trkpt lat="37.550751" lon="126.984866">
        <ele>133.6</ele>
      </trkpt>
      <trkpt lat="37.550741" lon="126.98489">
        <ele>133.8</ele>
      </trkpt>
      <trkpt lat="37.55073" lon="126.984915">
        <ele>134.2</ele>
      </trkpt>
      <trkpt lat="37.550717" lon="126.984941">
        <ele>134.4</ele>
      </trkpt>
      <trkpt lat="37.550706" lon="126.984968">
        <ele>134.6</ele>
      </trkpt>
      <trkpt lat="37.550692" lon="126.984994">
        <ele>134.8</ele>
      </trkpt>
      <trkpt lat="37.550675" lon="126.985017">
        <ele>135</ele>
      </trkpt>
      <trkpt lat="37.550656" lon="126.985035">
        <ele>135.2</ele>
      </trkpt>
      <trkpt lat="37.55064" lon="126.985053">
        <ele>135.4</ele>
      </trkpt>
      <trkpt lat="37.550619" lon="126.985067">
        <ele>135.6</ele>
      </trkpt>
      <trkpt lat="37.550595" lon="126.985074">
        <ele>135.8</ele>
      </trkpt>
      <trkpt lat="37.550571" lon="126.98508">
        <ele>136</ele>
      </trkpt>
      <trkpt lat="37.550548" lon="126.98508">
        <ele>136.2</ele>
      </trkpt>
      <trkpt lat="37.55052" lon="126.985084">
        <ele>136.4</ele>
      </trkpt>
      <trkpt lat="37.550495" lon="126.98508">
        <ele>136.6</ele>
      </trkpt>
      <trkpt lat="37.550468" lon="126.985077">
        <ele>136.8</ele>
      </trkpt>
      <trkpt lat="37.55044" lon="126.985071">
        <ele>137</ele>
      </trkpt>
      <trkpt lat="37.550415" lon="126.985069">
        <ele>137.2</ele>
      </trkpt>
      <trkpt lat="37.550393" lon="126.985062">
        <ele>137.4</ele>
      </trkpt>
      <trkpt lat="37.550367" lon="126.985046">
        <ele>137.4</ele>
      </trkpt>
      <trkpt lat="37.550343" lon="126.985034">
        <ele>137.6</ele>
      </trkpt>
      <trkpt lat="37.550319" lon="126.985024">
        <ele>137.8</ele>
      </trkpt>
      <trkpt lat="37.55029" lon="126.985011">
        <ele>138</ele>
      </trkpt>
      <trkpt lat="37.550265" lon="126.985005">
        <ele>138</ele>
      </trkpt>
      <trkpt lat="37.55024" lon="126.984993">
        <ele>138.2</ele>
      </trkpt>
      <trkpt lat="37.550218" lon="126.984983">
        <ele>138.4</ele>
      </trkpt>
      <trkpt lat="37.550191" lon="126.98497">
        <ele>138.4</ele>
      </trkpt>
      <trkpt lat="37.55017" lon="126.984964">
        <ele>138.6</ele>
      </trkpt>
      <trkpt lat="37.550146" lon="126.984953">
        <ele>138.8</ele>
      </trkpt>
      <trkpt lat="37.550122" lon="126.984948">
        <ele>138.8</ele>
      </trkpt>
      <trkpt lat="37.550092" lon="126.984939">
        <ele>138.8</ele>
      </trkpt>
      <trkpt lat="37.55007" lon="126.984939">
        <ele>139</ele>
      </trkpt>
      <trkpt lat="37.550043" lon="126.984928">
        <ele>139.2</ele>
      </trkpt>
      <trkpt lat="37.550021" lon="126.984921">
        <ele>139.2</ele>
      </trkpt>
      <trkpt lat="37.549996" lon="126.984916">
        <ele>139.4</ele>
      </trkpt>
      <trkpt lat="37.549975" lon="126.984911">
        <ele>139.6</ele>
      </trkpt>
      <trkpt lat="37.549948" lon="126.984912">
        <ele>139.6</ele>
      </trkpt>
      <trkpt lat="37.549925" lon="126.984915">
        <ele>139.8</ele>
      </trkpt>
      <trkpt lat="37.5499" lon="126.984918">
        <ele>140</ele>
      </trkpt>
      <trkpt lat="37.549881" lon="126.984924">
        <ele>140</ele>
      </trkpt>
      <trkpt lat="37.549856" lon="126.98493">
        <ele>140.2</ele>
      </trkpt>
      <trkpt lat="37.549833" lon="126.984935">
        <ele>140.4</ele>
      </trkpt>
      <trkpt lat="37.549812" lon="126.984947">
        <ele>140.6</ele>
      </trkpt>
      <trkpt lat="37.549791" lon="126.984958">
        <ele>140.8</ele>
      </trkpt>
      <trkpt lat="37.54977" lon="126.984975">
        <ele>141</ele>
      </trkpt>
      <trkpt lat="37.549753" lon="126.984992">
        <ele>141.2</ele>
      </trkpt>
      <trkpt lat="37.54974" lon="126.985017">
        <ele>141.4</ele>
      </trkpt>
      <trkpt lat="37.54973" lon="126.985044">
        <ele>141.6</ele>
      </trkpt>
      <trkpt lat="37.54972" lon="126.985067">
        <ele>141.6</ele>
      </trkpt>
      <trkpt lat="37.54971" lon="126.985094">
        <ele>141.8</ele>
      </trkpt>
      <trkpt lat="37.549704" lon="126.98512">
        <ele>142</ele>
      </trkpt>
      <trkpt lat="37.549695" lon="126.985149">
        <ele>142.2</ele>
      </trkpt>
      <trkpt lat="37.549686" lon="126.985174">
        <ele>142.4</ele>
      </trkpt>
      <trkpt lat="37.549672" lon="126.985198">
        <ele>142.6</ele>
      </trkpt>
      <trkpt lat="37.549662" lon="126.985222">
        <ele>142.8</ele>
      </trkpt>
      <trkpt lat="37.54965" lon="126.985248">
        <ele>143</ele>
      </trkpt>
      <trkpt lat="37.549633" lon="126.985274">
        <ele>143.4</ele>
      </trkpt>
      <trkpt lat="37.549617" lon="126.985303">
        <ele>143.6</ele>
      </trkpt>
      <trkpt lat="37.549611" lon="126.985327">
        <ele>143.8</ele>
      </trkpt>
      <trkpt lat="37.5496" lon="126.985351">
        <ele>144.2</ele>
      </trkpt>
      <trkpt lat="37.549588" lon="126.985372">
        <ele>144.4</ele>
      </trkpt>
      <trkpt lat="37.549574" lon="126.985395">
        <ele>144.8</ele>
      </trkpt>
      <trkpt lat="37.549565" lon="126.98542">
        <ele>145</ele>
      </trkpt>
      <trkpt lat="37.549549" lon="126.985442">
        <ele>145.4</ele>
      </trkpt>
      <trkpt lat="37.549538" lon="126.985465">
        <ele>145.6</ele>
      </trkpt>
      <trkpt lat="37.54952" lon="126.985492">
        <ele>146</ele>
      </trkpt>
      <trkpt lat="37.549506" lon="126.985514">
        <ele>146.4</ele>
      </trkpt>
      <trkpt lat="37.549486" lon="126.985542">
        <ele>146.6</ele>
      </trkpt>
      <trkpt lat="37.549472" lon="126.985567">
        <ele>147</ele>
      </trkpt>
      <trkpt lat="37.549455" lon="126.98559">
        <ele>147.2</ele>
      </trkpt>
      <trkpt lat="37.549442" lon="126.98561">
        <ele>147.6</ele>
      </trkpt>
      <trkpt lat="37.549425" lon="126.985635">
        <ele>147.8</ele>
      </trkpt>
      <trkpt lat="37.549412" lon="126.98566">
        <ele>148.2</ele>
      </trkpt>
      <trkpt lat="37.549393" lon="126.985687">
        <ele>148.4</ele>
      </trkpt>
      <trkpt lat="37.54938" lon="126.985706">
        <ele>148.6</ele>
      </trkpt>
      <trkpt lat="37.549362" lon="126.985737">
        <ele>149</ele>
      </trkpt>
      <trkpt lat="37.54935" lon="126.98576">
        <ele>149.4</ele>
      </trkpt>
      <trkpt lat="37.549333" lon="126.985786">
        <ele>149.6</ele>
      </trkpt>
      <trkpt lat="37.549319" lon="126.985803">
        <ele>150</ele>
      </trkpt>
      <trkpt lat="37.549305" lon="126.985824">
        <ele>150.4</ele>
      </trkpt>
      <trkpt lat="37.549293" lon="126.985846">
        <ele>150.8</ele>
      </trkpt>
      <trkpt lat="37.549281" lon="126.985868">
        <ele>151.2</ele>
      </trkpt>
      <trkpt lat="37.549263" lon="126.985893">
        <ele>151.4</ele>
      </trkpt>
      <trkpt lat="37.549252" lon="126.985913">
        <ele>151.8</ele>
      </trkpt>
      <trkpt lat="37.549233" lon="126.985934">
        <ele>152</ele>
      </trkpt>
      <trkpt lat="37.54922" lon="126.985953">
        <ele>152.4</ele>
      </trkpt>
      <trkpt lat="37.5492" lon="126.985977">
        <ele>152.8</ele>
      </trkpt>
      <trkpt lat="37.549185" lon="126.985996">
        <ele>153.2</ele>
      </trkpt>
      <trkpt lat="37.549167" lon="126.98602">
        <ele>153.4</ele>
      </trkpt>
      <trkpt lat="37.549153" lon="126.986038">
        <ele>153.8</ele>
      </trkpt>
      <trkpt lat="37.549139" lon="126.98606">
        <ele>154</ele>
      </trkpt>
      <trkpt lat="37.549126" lon="126.986078">
        <ele>154.4</ele>
      </trkpt>
      <trkpt lat="37.549116" lon="126.986105">
        <ele>154.6</ele>
      </trkpt>
      <trkpt lat="37.549108" lon="126.986126">
        <ele>154.8</ele>
      </trkpt>
      <trkpt lat="37.549094" lon="126.986152">
        <ele>155.2</ele>
      </trkpt>
      <trkpt lat="37.549081" lon="126.986175">
        <ele>155.4</ele>
      </trkpt>
      <trkpt lat="37.549064" lon="126.986203">
        <ele>155.8</ele>
      </trkpt>
      <trkpt lat="37.549051" lon="126.986222">
        <ele>156</ele>
      </trkpt>
      <trkpt lat="37.549035" lon="126.986248">
        <ele>156.4</ele>
      </trkpt>
      <trkpt lat="37.549021" lon="126.986267">
        <ele>156.8</ele>
      </trkpt>
      <trkpt lat="37.549005" lon="126.98629">
        <ele>157.2</ele>
      </trkpt>
      <trkpt lat="37.548989" lon="126.986306">
        <ele>157.4</ele>
      </trkpt>
      <trkpt lat="37.548973" lon="126.986328">
        <ele>157.8</ele>
      </trkpt>
      <trkpt lat="37.548959" lon="126.986349">
        <ele>158</ele>
      </trkpt>
      <trkpt lat="37.548942" lon="126.986371">
        <ele>158.2</ele>
      </trkpt>
      <trkpt lat="37.548921" lon="126.986389">
        <ele>158.6</ele>
      </trkpt>
      <trkpt lat="37.548906" lon="126.986403">
        <ele>158.8</ele>
      </trkpt>
      <trkpt lat="37.548894" lon="126.986423">
        <ele>159</ele>
      </trkpt>
      <trkpt lat="37.54888" lon="126.986439">
        <ele>159</ele>
      </trkpt>
      <trkpt lat="37.548865" lon="126.986455">
        <ele>159.2</ele>
      </trkpt>
      <trkpt lat="37.54885" lon="126.986468">
        <ele>159.4</ele>
      </trkpt>
      <trkpt lat="37.548834" lon="126.986479">
        <ele>159.6</ele>
      </trkpt>
      <trkpt lat="37.548815" lon="126.98649">
        <ele>159.8</ele>
      </trkpt>
      <trkpt lat="37.548797" lon="126.986502">
        <ele>160</ele>
      </trkpt>
      <trkpt lat="37.548783" lon="126.986516">
        <ele>160.2</ele>
      </trkpt>
      <trkpt lat="37.548767" lon="126.986532">
        <ele>160.4</ele>
      </trkpt>
      <trkpt lat="37.548752" lon="126.986543">
        <ele>160.6</ele>
      </trkpt>
      <trkpt lat="37.54873" lon="126.986561">
        <ele>161</ele>
      </trkpt>
      <trkpt lat="37.548713" lon="126.986573">
        <ele>161.2</ele>
      </trkpt>
      <trkpt lat="37.548689" lon="126.986584">
        <ele>161.6</ele>
      </trkpt>
      <trkpt lat="37.548668" lon="126.986593">
        <ele>162</ele>
      </trkpt>
      <trkpt lat="37.548644" lon="126.986604">
        <ele>162.2</ele>
      </trkpt>
      <trkpt lat="37.548625" lon="126.986614">
        <ele>162.6</ele>
      </trkpt>
      <trkpt lat="37.548597" lon="126.986628">
        <ele>163</ele>
      </trkpt>
      <trkpt lat="37.548572" lon="126.986633">
        <ele>163.2</ele>
      </trkpt>
      <trkpt lat="37.548543" lon="126.98664">
        <ele>163.4</ele>
      </trkpt>
      <trkpt lat="37.548519" lon="126.986647">
        <ele>163.8</ele>
      </trkpt>
      <trkpt lat="37.548494" lon="126.98666">
        <ele>164</ele>
      </trkpt>
      <trkpt lat="37.548473" lon="126.986669">
        <ele>164.4</ele>
      </trkpt>
      <trkpt lat="37.54845" lon="126.986677">
        <ele>164.6</ele>
      </trkpt>
      <trkpt lat="37.548429" lon="126.986686">
        <ele>165</ele>
      </trkpt>
      <trkpt lat="37.54841" lon="126.986693">
        <ele>165.4</ele>
      </trkpt>
      <trkpt lat="37.54839" lon="126.986698">
        <ele>165.8</ele>
      </trkpt>
      <trkpt lat="37.548372" lon="126.986703">
        <ele>166.2</ele>
      </trkpt>
      <trkpt lat="37.548354" lon="126.986712">
        <ele>166.6</ele>
      </trkpt>
      <trkpt lat="37.548338" lon="126.986722">
        <ele>166.8</ele>
      </trkpt>
      <trkpt lat="37.548319" lon="126.986733">
        <ele>167.2</ele>
      </trkpt>
      <trkpt lat="37.548302" lon="126.986749">
        <ele>167.6</ele>
      </trkpt>
      <trkpt lat="37.548283" lon="126.986769">
        <ele>168</ele>
      </trkpt>
      <trkpt lat="37.548271" lon="126.986791">
        <ele>168.2</ele>
      </trkpt>
      <trkpt lat="37.548255" lon="126.98682">
        <ele>168.6</ele>
      </trkpt>
      <trkpt lat="37.548243" lon="126.986847">
        <ele>169</ele>
      </trkpt>
      <trkpt lat="37.548227" lon="126.986879">
        <ele>169.4</ele>
      </trkpt>
      <trkpt lat="37.548225" lon="126.986906">
        <ele>169.8</ele>
      </trkpt>
      <trkpt lat="37.548219" lon="126.986937">
        <ele>170</ele>
      </trkpt>
      <trkpt lat="37.548217" lon="126.986966">
        <ele>170.4</ele>
      </trkpt>
      <trkpt lat="37.548219" lon="126.986992">
        <ele>170.6</ele>
      </trkpt>
      <trkpt lat="37.548221" lon="126.987018">
        <ele>170.8</ele>
      </trkpt>
      <trkpt lat="37.548223" lon="126.987046">
        <ele>171.2</ele>
      </trkpt>
      <trkpt lat="37.548225" lon="126.987074">
        <ele>171.4</ele>
      </trkpt>
      <trkpt lat="37.548227" lon="126.987104">
        <ele>171.8</ele>
      </trkpt>
      <trkpt lat="37.548227" lon="126.987137">
        <ele>172</ele>
      </trkpt>
      <trkpt lat="37.548229" lon="126.987165">
        <ele>172.4</ele>
      </trkpt>
      <trkpt lat="37.548233" lon="126.987198">
        <ele>172.8</ele>
      </trkpt>
      <trkpt lat="37.548245" lon="126.987225">
        <ele>173.2</ele>
      </trkpt>
      <trkpt lat="37.548255" lon="126.987255">
        <ele>173.4</ele>
      </trkpt>
      <trkpt lat="37.548264" lon="126.987274">
        <ele>173.8</ele>
      </trkpt>
      <trkpt lat="37.548271" lon="126.987304">
        <ele>174</ele>
      </trkpt>
      <trkpt lat="37.54828" lon="126.987329">
        <ele>174.4</ele>
      </trkpt>
      <trkpt lat="37.548283" lon="126.987358">
        <ele>174.6</ele>
      </trkpt>
      <trkpt lat="37.548289" lon="126.987377">
        <ele>175</ele>
      </trkpt>
      <trkpt lat="37.548299" lon="126.987409">
        <ele>175.2</ele>
      </trkpt>
      <trkpt lat="37.548305" lon="126.987427">
        <ele>175.4</ele>
      </trkpt>
      <trkpt lat="37.548318" lon="126.987458">
        <ele>175.8</ele>
      </trkpt>
      <trkpt lat="37.54833" lon="126.987482">
        <ele>176</ele>
      </trkpt>
      <trkpt lat="37.548346" lon="126.987507">
        <ele>176.4</ele>
      </trkpt>
      <trkpt lat="37.548364" lon="126.987524">
        <ele>176.6</ele>
      </trkpt>
      <trkpt lat="37.548387" lon="126.987542">
        <ele>177</ele>
      </trkpt>
      <trkpt lat="37.548409" lon="126.987559">
        <ele>177.2</ele>
      </trkpt>
      <trkpt lat="37.548431" lon="126.987569">
        <ele>177.4</ele>
      </trkpt>
      <trkpt lat="37.548453" lon="126.98758">
        <ele>177.6</ele>
      </trkpt>
      <trkpt lat="37.548476" lon="126.987583">
        <ele>177.8</ele>
      </trkpt>
      <trkpt lat="37.548498" lon="126.987592">
        <ele>178.2</ele>
      </trkpt>
      <trkpt lat="37.54852" lon="126.987595">
        <ele>178.4</ele>
      </trkpt>
      <trkpt lat="37.548544" lon="126.987603">
        <ele>178.8</ele>
      </trkpt>
      <trkpt lat="37.548561" lon="126.987601">
        <ele>179</ele>
      </trkpt>
      <trkpt lat="37.54859" lon="126.987601">
        <ele>179.2</ele>
      </trkpt>
      <trkpt lat="37.54861" lon="126.987592">
        <ele>179.6</ele>
      </trkpt>
      <trkpt lat="37.548637" lon="126.987588">
        <ele>179.8</ele>
      </trkpt>
      <trkpt lat="37.548657" lon="126.987583">
        <ele>180.2</ele>
      </trkpt>
      <trkpt lat="37.548685" lon="126.987579">
        <ele>180.4</ele>
      </trkpt>
      <trkpt lat="37.548707" lon="126.987573">
        <ele>180.8</ele>
      </trkpt>
      <trkpt lat="37.54873" lon="126.987564">
        <ele>181</ele>
      </trkpt>
      <trkpt lat="37.548752" lon="126.987563">
        <ele>181.2</ele>
      </trkpt>
      <trkpt lat="37.548773" lon="126.987555">
        <ele>181.4</ele>
      </trkpt>
      <trkpt lat="37.548796" lon="126.987548">
        <ele>181.6</ele>
      </trkpt>
      <trkpt lat="37.548818" lon="126.987541">
        <ele>182</ele>
      </trkpt>
      <trkpt lat="37.548845" lon="126.987537">
        <ele>182.2</ele>
      </trkpt>
      <trkpt lat="37.548867" lon="126.98753">
        <ele>182.4</ele>
      </trkpt>
      <trkpt lat="37.548897" lon="126.987528">
        <ele>182.8</ele>
      </trkpt>
      <trkpt lat="37.548918" lon="126.987518">
        <ele>183</ele>
      </trkpt>
      <trkpt lat="37.548947" lon="126.987514">
        <ele>183.4</ele>
      </trkpt>
      <trkpt lat="37.548971" lon="126.987506">
        <ele>183.6</ele>
      </trkpt>
      <trkpt lat="37.549003" lon="126.987498">
        <ele>184</ele>
      </trkpt>
      <trkpt lat="37.549025" lon="126.987489">
        <ele>184.2</ele>
      </trkpt>
      <trkpt lat="37.549059" lon="126.987485">
        <ele>184.6</ele>
      </trkpt>
      <trkpt lat="37.54908" lon="126.98748">
        <ele>184.8</ele>
      </trkpt>
      <trkpt lat="37.549109" lon="126.987474">
        <ele>185.2</ele>
      </trkpt>
      <trkpt lat="37.549131" lon="126.987466">
        <ele>185.6</ele>
      </trkpt>
      <trkpt lat="37.549154" lon="126.987464">
        <ele>186</ele>
      </trkpt>
      <trkpt lat="37.549177" lon="126.987463">
        <ele>186.4</ele>
      </trkpt>
      <trkpt lat="37.5492" lon="126.987455">
        <ele>186.6</ele>
      </trkpt>
      <trkpt lat="37.549228" lon="126.987452">
        <ele>187</ele>
      </trkpt>
      <trkpt lat="37.549247" lon="126.987452">
        <ele>187.4</ele>
      </trkpt>
      <trkpt lat="37.549271" lon="126.987452">
        <ele>187.8</ele>
      </trkpt>
      <trkpt lat="37.549294" lon="126.987447">
        <ele>188.2</ele>
      </trkpt>
      <trkpt lat="37.549317" lon="126.987449">
        <ele>188.6</ele>
      </trkpt>
      <trkpt lat="37.549339" lon="126.987449">
        <ele>189</ele>
      </trkpt>
      <trkpt lat="37.549362" lon="126.987452">
        <ele>189.6</ele>
      </trkpt>
      <trkpt lat="37.549382" lon="126.987454">
        <ele>190</ele>
      </trkpt>
      <trkpt lat="37.549403" lon="126.987463">
        <ele>190.4</ele>
      </trkpt>
      <trkpt lat="37.549425" lon="126.98747">
        <ele>191</ele>
      </trkpt>
      <trkpt lat="37.549446" lon="126.987471">
        <ele>191.4</ele>
      </trkpt>
      <trkpt lat="37.549469" lon="126.987472">
        <ele>191.8</ele>
      </trkpt>
      <trkpt lat="37.549505" lon="126.98747">
        <ele>192.4</ele>
      </trkpt>
      <trkpt lat="37.549527" lon="126.987472">
        <ele>192.8</ele>
      </trkpt>
      <trkpt lat="37.549551" lon="126.987475">
        <ele>193.2</ele>
      </trkpt>
      <trkpt lat="37.549574" lon="126.987483">
        <ele>193.6</ele>
      </trkpt>
      <trkpt lat="37.549595" lon="126.987488">
        <ele>194.2</ele>
      </trkpt>
      <trkpt lat="37.549614" lon="126.987501">
        <ele>194.6</ele>
      </trkpt>
      <trkpt lat="37.549636" lon="126.987511">
        <ele>195</ele>
      </trkpt>
      <trkpt lat="37.549656" lon="126.987517">
        <ele>195.4</ele>
      </trkpt>
      <trkpt lat="37.549677" lon="126.98752">
        <ele>195.8</ele>
      </trkpt>
      <trkpt lat="37.549702" lon="126.987529">
        <ele>196.2</ele>
      </trkpt>
      <trkpt lat="37.549719" lon="126.987537">
        <ele>196.6</ele>
      </trkpt>
      <trkpt lat="37.549745" lon="126.987548">
        <ele>197</ele>
      </trkpt>
      <trkpt lat="37.549765" lon="126.987558">
        <ele>197.6</ele>
      </trkpt>
      <trkpt lat="37.549785" lon="126.987576">
        <ele>198</ele>
      </trkpt>
      <trkpt lat="37.549803" lon="126.987589">
        <ele>198.4</ele>
      </trkpt>
      <trkpt lat="37.549824" lon="126.987602">
        <ele>198.8</ele>
      </trkpt>
      <trkpt lat="37.549844" lon="126.987621">
        <ele>199.2</ele>
      </trkpt>
      <trkpt lat="37.549863" lon="126.987638">
        <ele>199.6</ele>
      </trkpt>
      <trkpt lat="37.549884" lon="126.987658">
        <ele>200</ele>
      </trkpt>
      <trkpt lat="37.549903" lon="126.987672">
        <ele>200.4</ele>
      </trkpt>
      <trkpt lat="37.54992" lon="126.98769">
        <ele>200.8</ele>
      </trkpt>
      <trkpt lat="37.549937" lon="126.987706">
        <ele>201.2</ele>
      </trkpt>
      <trkpt lat="37.549955" lon="126.987733">
        <ele>201.6</ele>
      </trkpt>
      <trkpt lat="37.54997" lon="126.98775">
        <ele>202</ele>
      </trkpt>
      <trkpt lat="37.549987" lon="126.987781">
        <ele>202.2</ele>
      </trkpt>
      <trkpt lat="37.550002" lon="126.9878">
        <ele>202.6</ele>
      </trkpt>
      <trkpt lat="37.550019" lon="126.987828">
        <ele>203</ele>
      </trkpt>
      <trkpt lat="37.550033" lon="126.987847">
        <ele>203.4</ele>
      </trkpt>
      <trkpt lat="37.550047" lon="126.987873">
        <ele>203.6</ele>
      </trkpt>
      <trkpt lat="37.550062" lon="126.987891">
        <ele>204</ele>
      </trkpt>
      <trkpt lat="37.550077" lon="126.987913">
        <ele>204.6</ele>
      </trkpt>
      <trkpt lat="37.550095" lon="126.987936">
        <ele>205</ele>
      </trkpt>
      <trkpt lat="37.550114" lon="126.987964">
        <ele>205.4</ele>
      </trkpt>
      <trkpt lat="37.550129" lon="126.987988">
        <ele>205.8</ele>
      </trkpt>
      <trkpt lat="37.550144" lon="126.988019">
        <ele>206.4</ele>
      </trkpt>
      <trkpt lat="37.550161" lon="126.988041">
        <ele>207</ele>
      </trkpt>
      <trkpt lat="37.550177" lon="126.988069">
        <ele>207.4</ele>
      </trkpt>
      <trkpt lat="37.550192" lon="126.98809">
        <ele>207.8</ele>
      </trkpt>
      <trkpt lat="37.550206" lon="126.988116">
        <ele>208.2</ele>
      </trkpt>
      <trkpt lat="37.55022" lon="126.988138">
        <ele>208.8</ele>
      </trkpt>
      <trkpt lat="37.550235" lon="126.988165">
        <ele>209.2</ele>
      </trkpt>
      <trkpt lat="37.550254" lon="126.988193">
        <ele>209.6</ele>
      </trkpt>
      <trkpt lat="37.550271" lon="126.988215">
        <ele>210</ele>
      </trkpt>
      <trkpt lat="37.550287" lon="126.988243">
        <ele>210.4</ele>
      </trkpt>
      <trkpt lat="37.550306" lon="126.988263">
        <ele>210.8</ele>
      </trkpt>
      <trkpt lat="37.550326" lon="126.988287">
        <ele>211.2</ele>
      </trkpt>
      <trkpt lat="37.550348" lon="126.988308">
        <ele>211.6</ele>
      </trkpt>
      <trkpt lat="37.55037" lon="126.988329">
        <ele>212</ele>
      </trkpt>
      <trkpt lat="37.55039" lon="126.988349">
        <ele>212.4</ele>
      </trkpt>
      <trkpt lat="37.550412" lon="126.988376">
        <ele>212.8</ele>
      </trkpt>
      <trkpt lat="37.550429" lon="126.988395">
        <ele>213.2</ele>
      </trkpt>
      <trkpt lat="37.550449" lon="126.988419">
        <ele>213.6</ele>
      </trkpt>
      <trkpt lat="37.550472" lon="126.988433">
        <ele>214</ele>
      </trkpt>
      <trkpt lat="37.550493" lon="126.988458">
        <ele>214.4</ele>
      </trkpt>
      <trkpt lat="37.55051" lon="126.988474">
        <ele>214.8</ele>
      </trkpt>
      <trkpt lat="37.550532" lon="126.988498">
        <ele>215</ele>
      </trkpt>
      <trkpt lat="37.550552" lon="126.988517">
        <ele>215.4</ele>
      </trkpt>
      <trkpt lat="37.55057" lon="126.988543">
        <ele>215.8</ele>
      </trkpt>
      <trkpt lat="37.550583" lon="126.988564">
        <ele>216</ele>
      </trkpt>
      <trkpt lat="37.550603" lon="126.988591">
        <ele>216.4</ele>
      </trkpt>
      <trkpt lat="37.550626" lon="126.988616">
        <ele>216.6</ele>
      </trkpt>
      <trkpt lat="37.550649" lon="126.988644">
        <ele>217</ele>
      </trkpt>
      <trkpt lat="37.550666" lon="126.988667">
        <ele>217.2</ele>
      </trkpt>
      <trkpt lat="37.550683" lon="126.988696">
        <ele>217.6</ele>
      </trkpt>
      <trkpt lat="37.550701" lon="126.988717">
        <ele>218</ele>
      </trkpt>
      <trkpt lat="37.55072" lon="126.988751">
        <ele>218.2</ele>
      </trkpt>
      <trkpt lat="37.550734" lon="126.988773">
        <ele>218.6</ele>
      </trkpt>
      <trkpt lat="37.550748" lon="126.988803">
        <ele>219</ele>
      </trkpt>
      <trkpt lat="37.550758" lon="126.988825">
        <ele>219.4</ele>
      </trkpt>
      <trkpt lat="37.550776" lon="126.988852">
        <ele>219.8</ele>
      </trkpt>
      <trkpt lat="37.550784" lon="126.988876">
        <ele>220.2</ele>
      </trkpt>
      <trkpt lat="37.550803" lon="126.988904">
        <ele>220.6</ele>
      </trkpt>
      <trkpt lat="37.550822" lon="126.98893">
        <ele>221</ele>
      </trkpt>
      <trkpt lat="37.550839" lon="126.988961">
        <ele>221.4</ele>
      </trkpt>
      <trkpt lat="37.550851" lon="126.988988">
        <ele>221.8</ele>
      </trkpt>
      <trkpt lat="37.550867" lon="126.989015">
        <ele>222.2</ele>
      </trkpt>
      <trkpt lat="37.550883" lon="126.989039">
        <ele>222.8</ele>
      </trkpt>
      <trkpt lat="37.550902" lon="126.98907">
        <ele>223.2</ele>
      </trkpt>
      <trkpt lat="37.550918" lon="126.989097">
        <ele>223.6</ele>
      </trkpt>
      <trkpt lat="37.550936" lon="126.989126">
        <ele>224</ele>
      </trkpt>
      <trkpt lat="37.550957" lon="126.989159">
        <ele>224.4</ele>
      </trkpt>
      <trkpt lat="37.550979" lon="126.989191">
        <ele>224.8</ele>
      </trkpt>
      <trkpt lat="37.551001" lon="126.989228">
        <ele>225.2</ele>
      </trkpt>
      <trkpt lat="37.551025" lon="126.989272">
        <ele>225.8</ele>
      </trkpt>
      <trkpt lat="37.551039" lon="126.989312">
        <ele>226.2</ele>
      </trkpt>
      <trkpt lat="37.551059" lon="126.989354">
        <ele>226.8</ele>
      </trkpt>
      <trkpt lat="37.551077" lon="126.989395">
        <ele>227.2</ele>
      </trkpt>
      <trkpt lat="37.551093" lon="126.989445">
        <ele>227.8</ele>
      </trkpt>
      <trkpt lat="37.551108" lon="126.989482">
        <ele>228.4</ele>
      </trkpt>
      <trkpt lat="37.551125" lon="126.989527">
        <ele>229</ele>
      </trkpt>
      <trkpt lat="37.551143" lon="126.989556">
        <ele>229.6</ele>
      </trkpt>
      <trkpt lat="37.551166" lon="126.989599">
        <ele>230</ele>
      </trkpt>
      <trkpt lat="37.551179" lon="126.989633">
        <ele>230.4</ele>
      </trkpt>
      <trkpt lat="37.551194" lon="126.989675">
        <ele>230.8</ele>
      </trkpt>
      <trkpt lat="37.551202" lon="126.989711">
        <ele>231</ele>
      </trkpt>
      <trkpt lat="37.551211" lon="126.989755">
        <ele>231.4</ele>
      </trkpt>
      <trkpt lat="37.551219" lon="126.989794">
        <ele>231.8</ele>
      </trkpt>
      <trkpt lat="37.55122" lon="126.989834">
        <ele>232</ele>
      </trkpt>
      <trkpt lat="37.551221" lon="126.989868">
        <ele>232.2</ele>
      </trkpt>
      <trkpt lat="37.551223" lon="126.989909">
        <ele>232.6</ele>
      </trkpt>
      <trkpt lat="37.551222" lon="126.989952">
        <ele>232.8</ele>
      </trkpt>
      <trkpt lat="37.551221" lon="126.989996">
        <ele>233</ele>
      </trkpt>
      <trkpt lat="37.551222" lon="126.990035">
        <ele>233.2</ele>
      </trkpt>
      <trkpt lat="37.551226" lon="126.99007">
        <ele>233.2</ele>
      </trkpt>
      <trkpt lat="37.551222" lon="126.990112">
        <ele>233.4</ele>
      </trkpt>
      <trkpt lat="37.551226" lon="126.990145">
        <ele>233.6</ele>
      </trkpt>
      <trkpt lat="37.551223" lon="126.990186">
        <ele>233.6</ele>
      </trkpt>
      <trkpt lat="37.551221" lon="126.990219">
        <ele>233.8</ele>
      </trkpt>
      <trkpt lat="37.551215" lon="126.990257">
        <ele>234</ele>
      </trkpt>
      <trkpt lat="37.551208" lon="126.990297">
        <ele>234</ele>
      </trkpt>
      <trkpt lat="37.551196" lon="126.990341">
        <ele>234.2</ele>
      </trkpt>
      <trkpt lat="37.551189" lon="126.990373">
        <ele>234.2</ele>
      </trkpt>
      <trkpt lat="37.551176" lon="126.990412">
        <ele>234.4</ele>
      </trkpt>
      <trkpt lat="37.551162" lon="126.990445">
        <ele>234.4</ele>
      </trkpt>
      <trkpt lat="37.551149" lon="126.990481">
        <ele>234.6</ele>
      </trkpt>
      <trkpt lat="37.551134" lon="126.990515">
        <ele>234.6</ele>
      </trkpt>
      <trkpt lat="37.551122" lon="126.990549">
        <ele>234.8</ele>
      </trkpt>
      <trkpt lat="37.551103" lon="126.990579">
        <ele>234.8</ele>
      </trkpt>
      <trkpt lat="37.551088" lon="126.990615">
        <ele>235</ele>
      </trkpt>
      <trkpt lat="37.551077" lon="126.990652">
        <ele>235.2</ele>
      </trkpt>
      <trkpt lat="37.551072" lon="126.990688">
        <ele>235.2</ele>
      </trkpt>
      <trkpt lat="37.551074" lon="126.990733">
        <ele>235.4</ele>
      </trkpt>
      <trkpt lat="37.551086" lon="126.990765">
        <ele>235.6</ele>
      </trkpt>
      <trkpt lat="37.551103" lon="126.990797">
        <ele>235.8</ele>
      </trkpt>
      <trkpt lat="37.55112" lon="126.990813">
        <ele>236</ele>
      </trkpt>
      <trkpt lat="37.551147" lon="126.990829">
        <ele>236.4</ele>
      </trkpt>
      <trkpt lat="37.551147" lon="126.990829">
        <ele>239.66</ele>
      </trkpt>
      <trkpt lat="37.551204" lon="126.990748">
        <ele>240.06</ele>
      </trkpt>
      <trkpt lat="37.551332" lon="126.990481">
        <ele>242.35</ele>
      </trkpt>
      <trkpt lat="37.551408" lon="126.990266">
        <ele>243.92</ele>
      </trkpt>
      <trkpt lat="37.551477" lon="126.9895">
        <ele>252.94</ele>
      </trkpt>
      <trkpt lat="37.551529" lon="126.989322">
        <ele>256.16</ele>
      </trkpt>
      <trkpt lat="37.551718" lon="126.988788">
        <ele>267.67</ele>
      </trkpt>
      <trkpt lat="37.551758" lon="126.988627">
        <ele>269.4</ele>
      </trkpt>
      <trkpt lat="37.551748" lon="126.988486">
        <ele>269.92</ele>
      </trkpt>
      <trkpt lat="37.551753" lon="126.988487">
        <ele>269.86</ele>
      </trkpt>
      <trkpt lat="37.551753" lon="126.988487">
        <ele>269.86</ele>
      </trkpt>
      <trkpt lat="37.551748" lon="126.988486">
        <ele>269.92</ele>
      </trkpt>
      <trkpt lat="37.551758" lon="126.988627">
        <ele>269.4</ele>
      </trkpt>
      <trkpt lat="37.551718" lon="126.988788">
        <ele>267.67</ele>
      </trkpt>
      <trkpt lat="37.551507" lon="126.989386">
        <ele>254.78</ele>
      </trkpt>
      <trkpt lat="37.551477" lon="126.9895">
        <ele>252.94</ele>
      </trkpt>
      <trkpt lat="37.55144" lon="126.990279">
        <ele>243.77</ele>
      </trkpt>
      <trkpt lat="37.551366" lon="126.990528">
        <ele>241.42</ele>
      </trkpt>
      <trkpt lat="37.551198" lon="126.990856">
        <ele>239.52</ele>
      </trkpt>
      <trkpt lat="37.551191" lon="126.990851">
        <ele>238.6</ele>
      </trkpt>
      <trkpt lat="37.551172" lon="126.990876">
        <ele>238.6</ele>
      </trkpt>
      <trkpt lat="37.551146" lon="126.990895">
        <ele>238.4</ele>
      </trkpt>
      <trkpt lat="37.551126" lon="126.990915">
        <ele>238.4</ele>
      </trkpt>
      <trkpt lat="37.551101" lon="126.990932">
        <ele>238.4</ele>
      </trkpt>
      <trkpt lat="37.551082" lon="126.990951">
        <ele>238.2</ele>
      </trkpt>
      <trkpt lat="37.551058" lon="126.990971">
        <ele>238</ele>
      </trkpt>
      <trkpt lat="37.55104" lon="126.99099">
        <ele>238</ele>
      </trkpt>
      <trkpt lat="37.551016" lon="126.991013">
        <ele>238</ele>
      </trkpt>
      <trkpt lat="37.550997" lon="126.991033">
        <ele>237.8</ele>
      </trkpt>
      <trkpt lat="37.550972" lon="126.991058">
        <ele>237.8</ele>
      </trkpt>
      <trkpt lat="37.550951" lon="126.991079">
        <ele>237.8</ele>
      </trkpt>
      <trkpt lat="37.550931" lon="126.9911">
        <ele>237.6</ele>
      </trkpt>
      <trkpt lat="37.550911" lon="126.991118">
        <ele>237.6</ele>
      </trkpt>
      <trkpt lat="37.550893" lon="126.991139">
        <ele>237.4</ele>
      </trkpt>
      <trkpt lat="37.550869" lon="126.991155">
        <ele>237.4</ele>
      </trkpt>
      <trkpt lat="37.550854" lon="126.991174">
        <ele>237.2</ele>
      </trkpt>
      <trkpt lat="37.550831" lon="126.991196">
        <ele>237.2</ele>
      </trkpt>
      <trkpt lat="37.550812" lon="126.991213">
        <ele>237</ele>
      </trkpt>
      <trkpt lat="37.550793" lon="126.991234">
        <ele>236.8</ele>
      </trkpt>
      <trkpt lat="37.550769" lon="126.99125">
        <ele>236.4</ele>
      </trkpt>
      <trkpt lat="37.55075" lon="126.991272">
        <ele>236.2</ele>
      </trkpt>
      <trkpt lat="37.550725" lon="126.991294">
        <ele>236</ele>
      </trkpt>
      <trkpt lat="37.55071" lon="126.991313">
        <ele>235.6</ele>
      </trkpt>
      <trkpt lat="37.550685" lon="126.991335">
        <ele>235.4</ele>
      </trkpt>
      <trkpt lat="37.550662" lon="126.991354">
        <ele>235.2</ele>
      </trkpt>
      <trkpt lat="37.55064" lon="126.991378">
        <ele>234.8</ele>
      </trkpt>
      <trkpt lat="37.550617" lon="126.991395">
        <ele>234.6</ele>
      </trkpt>
      <trkpt lat="37.550598" lon="126.991416">
        <ele>234.2</ele>
      </trkpt>
      <trkpt lat="37.550566" lon="126.991434">
        <ele>234</ele>
      </trkpt>
      <trkpt lat="37.550543" lon="126.991457">
        <ele>233.6</ele>
      </trkpt>
      <trkpt lat="37.550516" lon="126.991479">
        <ele>233.2</ele>
      </trkpt>
      <trkpt lat="37.550497" lon="126.991501">
        <ele>233</ele>
      </trkpt>
      <trkpt lat="37.550477" lon="126.991529">
        <ele>232.6</ele>
      </trkpt>
      <trkpt lat="37.550454" lon="126.991549">
        <ele>232.4</ele>
      </trkpt>
      <trkpt lat="37.550436" lon="126.991572">
        <ele>232</ele>
      </trkpt>
      <trkpt lat="37.550412" lon="126.991595">
        <ele>231.8</ele>
      </trkpt>
      <trkpt lat="37.550398" lon="126.991618">
        <ele>231.6</ele>
      </trkpt>
      <trkpt lat="37.550373" lon="126.991643">
        <ele>231.4</ele>
      </trkpt>
      <trkpt lat="37.550359" lon="126.991668">
        <ele>231.2</ele>
      </trkpt>
      <trkpt lat="37.550345" lon="126.991696">
        <ele>231</ele>
      </trkpt>
      <trkpt lat="37.550331" lon="126.991728">
        <ele>231</ele>
      </trkpt>
      <trkpt lat="37.550316" lon="126.991767">
        <ele>230.8</ele>
      </trkpt>
      <trkpt lat="37.550304" lon="126.991797">
        <ele>230.4</ele>
      </trkpt>
      <trkpt lat="37.550295" lon="126.991833">
        <ele>230.2</ele>
      </trkpt>
      <trkpt lat="37.550286" lon="126.991867">
        <ele>230</ele>
      </trkpt>
      <trkpt lat="37.550277" lon="126.991902">
        <ele>229.8</ele>
      </trkpt>
      <trkpt lat="37.550262" lon="126.991937">
        <ele>229.8</ele>
      </trkpt>
      <trkpt lat="37.550257" lon="126.991968">
        <ele>229.6</ele>
      </trkpt>
      <trkpt lat="37.550244" lon="126.992">
        <ele>229.6</ele>
      </trkpt>
      <trkpt lat="37.550239" lon="126.992028">
        <ele>229.6</ele>
      </trkpt>
      <trkpt lat="37.550227" lon="126.992063">
        <ele>229.4</ele>
      </trkpt>
      <trkpt lat="37.550219" lon="126.99209">
        <ele>229.2</ele>
      </trkpt>
      <trkpt lat="37.550207" lon="126.992121">
        <ele>229.2</ele>
      </trkpt>
      <trkpt lat="37.550198" lon="126.992149">
        <ele>229</ele>
      </trkpt>
      <trkpt lat="37.550182" lon="126.992185">
        <ele>228.8</ele>
      </trkpt>
      <trkpt lat="37.550169" lon="126.992218">
        <ele>228.6</ele>
      </trkpt>
      <trkpt lat="37.55015" lon="126.992252">
        <ele>228.6</ele>
      </trkpt>
      <trkpt lat="37.550137" lon="126.992292">
        <ele>228.4</ele>
      </trkpt>
      <trkpt lat="37.550122" lon="126.992328">
        <ele>228.2</ele>
      </trkpt>
      <trkpt lat="37.550103" lon="126.992362">
        <ele>228</ele>
      </trkpt>
      <trkpt lat="37.550084" lon="126.992391">
        <ele>228</ele>
      </trkpt>
      <trkpt lat="37.55006" lon="126.992413">
        <ele>227.8</ele>
      </trkpt>
      <trkpt lat="37.55004" lon="126.992437">
        <ele>227.8</ele>
      </trkpt>
      <trkpt lat="37.550015" lon="126.992461">
        <ele>227.6</ele>
      </trkpt>
      <trkpt lat="37.549996" lon="126.992485">
        <ele>227.4</ele>
      </trkpt>
      <trkpt lat="37.549973" lon="126.992511">
        <ele>227.4</ele>
      </trkpt>
      <trkpt lat="37.549956" lon="126.992531">
        <ele>227.2</ele>
      </trkpt>
      <trkpt lat="37.549929" lon="126.992556">
        <ele>227</ele>
      </trkpt>
      <trkpt lat="37.549907" lon="126.992576">
        <ele>226.8</ele>
      </trkpt>
      <trkpt lat="37.54988" lon="126.992598">
        <ele>226.8</ele>
      </trkpt>
      <trkpt lat="37.549858" lon="126.99262">
        <ele>226.6</ele>
      </trkpt>
      <trkpt lat="37.549833" lon="126.992644">
        <ele>226.6</ele>
      </trkpt>
      <trkpt lat="37.549814" lon="126.992668">
        <ele>226.4</ele>
      </trkpt>
      <trkpt lat="37.549792" lon="126.992691">
        <ele>226.2</ele>
      </trkpt>
      <trkpt lat="37.54977" lon="126.992712">
        <ele>226</ele>
      </trkpt>
      <trkpt lat="37.549745" lon="126.992738">
        <ele>225.8</ele>
      </trkpt>
      <trkpt lat="37.549723" lon="126.992758">
        <ele>225.6</ele>
      </trkpt>
      <trkpt lat="37.549698" lon="126.992784">
        <ele>225.6</ele>
      </trkpt>
      <trkpt lat="37.549676" lon="126.992805">
        <ele>225.6</ele>
      </trkpt>
      <trkpt lat="37.549657" lon="126.99283">
        <ele>225.4</ele>
      </trkpt>
      <trkpt lat="37.549636" lon="126.992849">
        <ele>225.2</ele>
      </trkpt>
      <trkpt lat="37.549616" lon="126.992869">
        <ele>225</ele>
      </trkpt>
      <trkpt lat="37.549593" lon="126.992887">
        <ele>224.8</ele>
      </trkpt>
      <trkpt lat="37.54957" lon="126.992911">
        <ele>224.8</ele>
      </trkpt>
      <trkpt lat="37.54955" lon="126.992929">
        <ele>224.8</ele>
      </trkpt>
      <trkpt lat="37.549527" lon="126.992947">
        <ele>224.8</ele>
      </trkpt>
      <trkpt lat="37.549508" lon="126.992966">
        <ele>224.8</ele>
      </trkpt>
      <trkpt lat="37.549483" lon="126.992988">
        <ele>224.8</ele>
      </trkpt>
      <trkpt lat="37.54946" lon="126.993009">
        <ele>224.8</ele>
      </trkpt>
      <trkpt lat="37.549439" lon="126.993033">
        <ele>224.8</ele>
      </trkpt>
      <trkpt lat="37.549413" lon="126.993051">
        <ele>224.8</ele>
      </trkpt>
      <trkpt lat="37.549388" lon="126.993074">
        <ele>224.8</ele>
      </trkpt>
      <trkpt lat="37.549365" lon="126.993092">
        <ele>224.8</ele>
      </trkpt>
      <trkpt lat="37.549342" lon="126.993114">
        <ele>224.8</ele>
      </trkpt>
      <trkpt lat="37.549319" lon="126.99313">
        <ele>224.8</ele>
      </trkpt>
      <trkpt lat="37.549292" lon="126.993149">
        <ele>224.8</ele>
      </trkpt>
      <trkpt lat="37.54927" lon="126.993165">
        <ele>224.8</ele>
      </trkpt>
      <trkpt lat="37.549244" lon="126.993176">
        <ele>224.8</ele>
      </trkpt>
      <trkpt lat="37.549219" lon="126.993183">
        <ele>224.8</ele>
      </trkpt>
      <trkpt lat="37.549189" lon="126.993189">
        <ele>224.6</ele>
      </trkpt>
      <trkpt lat="37.549161" lon="126.993185">
        <ele>224.6</ele>
      </trkpt>
      <trkpt lat="37.549132" lon="126.993185">
        <ele>224.6</ele>
      </trkpt>
      <trkpt lat="37.549102" lon="126.993183">
        <ele>224.4</ele>
      </trkpt>
      <trkpt lat="37.549074" lon="126.99318">
        <ele>224.4</ele>
      </trkpt>
      <trkpt lat="37.54904" lon="126.993168">
        <ele>224.2</ele>
      </trkpt>
      <trkpt lat="37.549011" lon="126.993162">
        <ele>224.2</ele>
      </trkpt>
      <trkpt lat="37.548976" lon="126.993147">
        <ele>224</ele>
      </trkpt>
      <trkpt lat="37.548945" lon="126.993139">
        <ele>223.8</ele>
      </trkpt>
      <trkpt lat="37.548914" lon="126.993135">
        <ele>223.6</ele>
      </trkpt>
      <trkpt lat="37.548882" lon="126.993137">
        <ele>223.4</ele>
      </trkpt>
      <trkpt lat="37.548856" lon="126.993143">
        <ele>223</ele>
      </trkpt>
      <trkpt lat="37.548827" lon="126.993143">
        <ele>222.6</ele>
      </trkpt>
      <trkpt lat="37.548805" lon="126.99315">
        <ele>222.2</ele>
      </trkpt>
      <trkpt lat="37.548773" lon="126.993155">
        <ele>222</ele>
      </trkpt>
      <trkpt lat="37.548749" lon="126.993159">
        <ele>221.6</ele>
      </trkpt>
      <trkpt lat="37.548719" lon="126.993163">
        <ele>221.2</ele>
      </trkpt>
      <trkpt lat="37.548689" lon="126.993162">
        <ele>221</ele>
      </trkpt>
      <trkpt lat="37.548662" lon="126.993173">
        <ele>220.6</ele>
      </trkpt>
      <trkpt lat="37.548635" lon="126.993179">
        <ele>220.2</ele>
      </trkpt>
      <trkpt lat="37.548608" lon="126.993193">
        <ele>220</ele>
      </trkpt>
      <trkpt lat="37.548579" lon="126.993203">
        <ele>219.6</ele>
      </trkpt>
      <trkpt lat="37.548554" lon="126.993214">
        <ele>219.4</ele>
      </trkpt>
      <trkpt lat="37.548526" lon="126.99323">
        <ele>219.2</ele>
      </trkpt>
      <trkpt lat="37.548501" lon="126.993239">
        <ele>218.8</ele>
      </trkpt>
      <trkpt lat="37.548472" lon="126.993253">
        <ele>218.4</ele>
      </trkpt>
      <trkpt lat="37.548441" lon="126.993261">
        <ele>218.2</ele>
      </trkpt>
      <trkpt lat="37.548418" lon="126.993271">
        <ele>217.8</ele>
      </trkpt>
      <trkpt lat="37.548387" lon="126.993281">
        <ele>217.4</ele>
      </trkpt>
      <trkpt lat="37.548362" lon="126.993295">
        <ele>217.2</ele>
      </trkpt>
      <trkpt lat="37.548331" lon="126.993305">
        <ele>217</ele>
      </trkpt>
      <trkpt lat="37.548305" lon="126.993316">
        <ele>216.6</ele>
      </trkpt>
      <trkpt lat="37.548277" lon="126.993327">
        <ele>216.4</ele>
      </trkpt>
      <trkpt lat="37.548254" lon="126.993341">
        <ele>216.2</ele>
      </trkpt>
      <trkpt lat="37.548233" lon="126.993354">
        <ele>216</ele>
      </trkpt>
      <trkpt lat="37.548206" lon="126.993362">
        <ele>215.8</ele>
      </trkpt>
      <trkpt lat="37.54818" lon="126.993378">
        <ele>215.4</ele>
      </trkpt>
      <trkpt lat="37.548154" lon="126.993386">
        <ele>215.2</ele>
      </trkpt>
      <trkpt lat="37.548128" lon="126.993395">
        <ele>215</ele>
      </trkpt>
      <trkpt lat="37.548103" lon="126.993406">
        <ele>214.8</ele>
      </trkpt>
      <trkpt lat="37.54808" lon="126.993414">
        <ele>214.6</ele>
      </trkpt>
      <trkpt lat="37.548055" lon="126.993425">
        <ele>214.4</ele>
      </trkpt>
      <trkpt lat="37.548031" lon="126.993434">
        <ele>214.2</ele>
      </trkpt>
      <trkpt lat="37.548" lon="126.993446">
        <ele>214.2</ele>
      </trkpt>
      <trkpt lat="37.547976" lon="126.993459">
        <ele>214</ele>
      </trkpt>
      <trkpt lat="37.54795" lon="126.993472">
        <ele>214</ele>
      </trkpt>
      <trkpt lat="37.547926" lon="126.993487">
        <ele>213.8</ele>
      </trkpt>
      <trkpt lat="37.547899" lon="126.993503">
        <ele>213.4</ele>
      </trkpt>
      <trkpt lat="37.547876" lon="126.993519">
        <ele>213.2</ele>
      </trkpt>
      <trkpt lat="37.547846" lon="126.993533">
        <ele>213</ele>
      </trkpt>
      <trkpt lat="37.547819" lon="126.993546">
        <ele>212.8</ele>
      </trkpt>
      <trkpt lat="37.547785" lon="126.993557">
        <ele>212.6</ele>
      </trkpt>
      <trkpt lat="37.547759" lon="126.993565">
        <ele>212.4</ele>
      </trkpt>
      <trkpt lat="37.547733" lon="126.993581">
        <ele>212.2</ele>
      </trkpt>
      <trkpt lat="37.547708" lon="126.993592">
        <ele>212.2</ele>
      </trkpt>
      <trkpt lat="37.547685" lon="126.993608">
        <ele>212</ele>
      </trkpt>
      <trkpt lat="37.547658" lon="126.993619">
        <ele>211.8</ele>
      </trkpt>
      <trkpt lat="37.547634" lon="126.99363">
        <ele>211.6</ele>
      </trkpt>
      <trkpt lat="37.547605" lon="126.993635">
        <ele>211.4</ele>
      </trkpt>
      <trkpt lat="37.547576" lon="126.993642">
        <ele>211.2</ele>
      </trkpt>
      <trkpt lat="37.547542" lon="126.993637">
        <ele>211</ele>
      </trkpt>
      <trkpt lat="37.547517" lon="126.993636">
        <ele>210.8</ele>
      </trkpt>
      <trkpt lat="37.547486" lon="126.993636">
        <ele>210.4</ele>
      </trkpt>
      <trkpt lat="37.547458" lon="126.993628">
        <ele>210.2</ele>
      </trkpt>
      <trkpt lat="37.547432" lon="126.993615">
        <ele>210</ele>
      </trkpt>
      <trkpt lat="37.547406" lon="126.993594">
        <ele>209.6</ele>
      </trkpt>
      <trkpt lat="37.54738" lon="126.993581">
        <ele>209.2</ele>
      </trkpt>
      <trkpt lat="37.547353" lon="126.993563">
        <ele>208.8</ele>
      </trkpt>
      <trkpt lat="37.54733" lon="126.993546">
        <ele>208.4</ele>
      </trkpt>
      <trkpt lat="37.547305" lon="126.99353">
        <ele>208.2</ele>
      </trkpt>
      <trkpt lat="37.547282" lon="126.993511">
        <ele>207.8</ele>
      </trkpt>
      <trkpt lat="37.547257" lon="126.993499">
        <ele>207.6</ele>
      </trkpt>
      <trkpt lat="37.547232" lon="126.99348">
        <ele>207.4</ele>
      </trkpt>
      <trkpt lat="37.547211" lon="126.993468">
        <ele>207.2</ele>
      </trkpt>
      <trkpt lat="37.547186" lon="126.993445">
        <ele>207</ele>
      </trkpt>
      <trkpt lat="37.547161" lon="126.993428">
        <ele>206.8</ele>
      </trkpt>
      <trkpt lat="37.547132" lon="126.993407">
        <ele>206.6</ele>
      </trkpt>
      <trkpt lat="37.54711" lon="126.993385">
        <ele>206.4</ele>
      </trkpt>
      <trkpt lat="37.547085" lon="126.993363">
        <ele>206.2</ele>
      </trkpt>
      <trkpt lat="37.547063" lon="126.993345">
        <ele>206</ele>
      </trkpt>
      <trkpt lat="37.54704" lon="126.993328">
        <ele>205.8</ele>
      </trkpt>
      <trkpt lat="37.547017" lon="126.993304">
        <ele>205.6</ele>
      </trkpt>
      <trkpt lat="37.546992" lon="126.993285">
        <ele>205.4</ele>
      </trkpt>
      <trkpt lat="37.546962" lon="126.993259">
        <ele>205.2</ele>
      </trkpt>
      <trkpt lat="37.546939" lon="126.993245">
        <ele>205</ele>
      </trkpt>
      <trkpt lat="37.54691" lon="126.99323">
        <ele>204.8</ele>
      </trkpt>
      <trkpt lat="37.546884" lon="126.993229">
        <ele>204.8</ele>
      </trkpt>
      <trkpt lat="37.546855" lon="126.993221">
        <ele>204.6</ele>
      </trkpt>
      <trkpt lat="37.546831" lon="126.993211">
        <ele>204.6</ele>
      </trkpt>
      <trkpt lat="37.546803" lon="126.99321">
        <ele>204.4</ele>
      </trkpt>
      <trkpt lat="37.546772" lon="126.993207">
        <ele>204.2</ele>
      </trkpt>
      <trkpt lat="37.546745" lon="126.993206">
        <ele>204</ele>
      </trkpt>
      <trkpt lat="37.546716" lon="126.993209">
        <ele>203.8</ele>
      </trkpt>
      <trkpt lat="37.546688" lon="126.993213">
        <ele>203.6</ele>
      </trkpt>
      <trkpt lat="37.546656" lon="126.993207">
        <ele>203.6</ele>
      </trkpt>
      <trkpt lat="37.54663" lon="126.993205">
        <ele>203.4</ele>
      </trkpt>
      <trkpt lat="37.546596" lon="126.993201">
        <ele>203.2</ele>
      </trkpt>
      <trkpt lat="37.546565" lon="126.993198">
        <ele>203.2</ele>
      </trkpt>
      <trkpt lat="37.54653" lon="126.99319">
        <ele>203</ele>
      </trkpt>
      <trkpt lat="37.546502" lon="126.993186">
        <ele>203</ele>
      </trkpt>
      <trkpt lat="37.546473" lon="126.993184">
        <ele>203</ele>
      </trkpt>
      <trkpt lat="37.546441" lon="126.993181">
        <ele>202.8</ele>
      </trkpt>
      <trkpt lat="37.546411" lon="126.993185">
        <ele>202.8</ele>
      </trkpt>
      <trkpt lat="37.54638" lon="126.993189">
        <ele>202.6</ele>
      </trkpt>
      <trkpt lat="37.546354" lon="126.993204">
        <ele>202.4</ele>
      </trkpt>
      <trkpt lat="37.546326" lon="126.993227">
        <ele>202.2</ele>
      </trkpt>
      <trkpt lat="37.546304" lon="126.99325">
        <ele>202</ele>
      </trkpt>
      <trkpt lat="37.546294" lon="126.993277">
        <ele>201.6</ele>
      </trkpt>
      <trkpt lat="37.546275" lon="126.993312">
        <ele>201.4</ele>
      </trkpt>
      <trkpt lat="37.546262" lon="126.993341">
        <ele>201</ele>
      </trkpt>
      <trkpt lat="37.546254" lon="126.993379">
        <ele>200.8</ele>
      </trkpt>
      <trkpt lat="37.546244" lon="126.993414">
        <ele>200.4</ele>
      </trkpt>
      <trkpt lat="37.546236" lon="126.993452">
        <ele>200</ele>
      </trkpt>
      <trkpt lat="37.546222" lon="126.993494">
        <ele>199.6</ele>
      </trkpt>
      <trkpt lat="37.546219" lon="126.993528">
        <ele>199.2</ele>
      </trkpt>
      <trkpt lat="37.546208" lon="126.993564">
        <ele>198.8</ele>
      </trkpt>
      <trkpt lat="37.546203" lon="126.993596">
        <ele>198.6</ele>
      </trkpt>
      <trkpt lat="37.5462" lon="126.993634">
        <ele>198.2</ele>
      </trkpt>
      <trkpt lat="37.546189" lon="126.99366">
        <ele>197.8</ele>
      </trkpt>
      <trkpt lat="37.546177" lon="126.993695">
        <ele>197.4</ele>
      </trkpt>
      <trkpt lat="37.546158" lon="126.993729">
        <ele>197</ele>
      </trkpt>
      <trkpt lat="37.546148" lon="126.99376">
        <ele>196.6</ele>
      </trkpt>
      <trkpt lat="37.546129" lon="126.993792">
        <ele>196.4</ele>
      </trkpt>
      <trkpt lat="37.546115" lon="126.993822">
        <ele>196</ele>
      </trkpt>
      <trkpt lat="37.546097" lon="126.993848">
        <ele>195.8</ele>
      </trkpt>
      <trkpt lat="37.546071" lon="126.993868">
        <ele>195.4</ele>
      </trkpt>
      <trkpt lat="37.546049" lon="126.993888">
        <ele>195</ele>
      </trkpt>
      <trkpt lat="37.546021" lon="126.993902">
        <ele>194.8</ele>
      </trkpt>
      <trkpt lat="37.545995" lon="126.993917">
        <ele>194.6</ele>
      </trkpt>
      <trkpt lat="37.545964" lon="126.99393">
        <ele>194.2</ele>
      </trkpt>
      <trkpt lat="37.545941" lon="126.993943">
        <ele>194</ele>
      </trkpt>
      <trkpt lat="37.545914" lon="126.993955">
        <ele>193.8</ele>
      </trkpt>
      <trkpt lat="37.54589" lon="126.993966">
        <ele>193.4</ele>
      </trkpt>
      <trkpt lat="37.545863" lon="126.993983">
        <ele>193.2</ele>
      </trkpt>
      <trkpt lat="37.545836" lon="126.993999">
        <ele>192.8</ele>
      </trkpt>
      <trkpt lat="37.545813" lon="126.994019">
        <ele>192.6</ele>
      </trkpt>
      <trkpt lat="37.545791" lon="126.994046">
        <ele>192.4</ele>
      </trkpt>
      <trkpt lat="37.545776" lon="126.994076">
        <ele>192.2</ele>
      </trkpt>
      <trkpt lat="37.54576" lon="126.994108">
        <ele>192</ele>
      </trkpt>
      <trkpt lat="37.545755" lon="126.994135">
        <ele>191.6</ele>
      </trkpt>
      <trkpt lat="37.545753" lon="126.99418">
        <ele>191.4</ele>
      </trkpt>
      <trkpt lat="37.545746" lon="126.994213">
        <ele>191.2</ele>
      </trkpt>
      <trkpt lat="37.545736" lon="126.99425">
        <ele>190.8</ele>
      </trkpt>
      <trkpt lat="37.545724" lon="126.994287">
        <ele>190.6</ele>
      </trkpt>
      <trkpt lat="37.54572" lon="126.994326">
        <ele>190.2</ele>
      </trkpt>
      <trkpt lat="37.545711" lon="126.994366">
        <ele>190</ele>
      </trkpt>
      <trkpt lat="37.545707" lon="126.994401">
        <ele>189.6</ele>
      </trkpt>
      <trkpt lat="37.545694" lon="126.994436">
        <ele>189.2</ele>
      </trkpt>
      <trkpt lat="37.545683" lon="126.994469">
        <ele>189</ele>
      </trkpt>
      <trkpt lat="37.545675" lon="126.994503">
        <ele>188.6</ele>
      </trkpt>
      <trkpt lat="37.545662" lon="126.994534">
        <ele>188.2</ele>
      </trkpt>
      <trkpt lat="37.545652" lon="126.994569">
        <ele>188</ele>
      </trkpt>
      <trkpt lat="37.545635" lon="126.994602">
        <ele>187.8</ele>
      </trkpt>
      <trkpt lat="37.545626" lon="126.994631">
        <ele>187.4</ele>
      </trkpt>
      <trkpt lat="37.545609" lon="126.994665">
        <ele>187.2</ele>
      </trkpt>
      <trkpt lat="37.545601" lon="126.994695">
        <ele>186.8</ele>
      </trkpt>
      <trkpt lat="37.545584" lon="126.994732">
        <ele>186.4</ele>
      </trkpt>
      <trkpt lat="37.545571" lon="126.994761">
        <ele>186.2</ele>
      </trkpt>
      <trkpt lat="37.545552" lon="126.994796">
        <ele>185.8</ele>
      </trkpt>
      <trkpt lat="37.545537" lon="126.994831">
        <ele>185.6</ele>
      </trkpt>
      <trkpt lat="37.545522" lon="126.994864">
        <ele>185.2</ele>
      </trkpt>
      <trkpt lat="37.545509" lon="126.994898">
        <ele>185</ele>
      </trkpt>
      <trkpt lat="37.545502" lon="126.994935">
        <ele>184.8</ele>
      </trkpt>
      <trkpt lat="37.545487" lon="126.994973">
        <ele>184.6</ele>
      </trkpt>
      <trkpt lat="37.545477" lon="126.995005">
        <ele>184.2</ele>
      </trkpt>
      <trkpt lat="37.54546" lon="126.995039">
        <ele>184</ele>
      </trkpt>
      <trkpt lat="37.545456" lon="126.995069">
        <ele>183.8</ele>
      </trkpt>
      <trkpt lat="37.545438" lon="126.995104">
        <ele>183.6</ele>
      </trkpt>
      <trkpt lat="37.545425" lon="126.995132">
        <ele>183.4</ele>
      </trkpt>
      <trkpt lat="37.545407" lon="126.995165">
        <ele>183</ele>
      </trkpt>
      <trkpt lat="37.545392" lon="126.995195">
        <ele>182.8</ele>
      </trkpt>
      <trkpt lat="37.545376" lon="126.995226">
        <ele>182.6</ele>
      </trkpt>
      <trkpt lat="37.545365" lon="126.995261">
        <ele>182.4</ele>
      </trkpt>
      <trkpt lat="37.545362" lon="126.995295">
        <ele>182.2</ele>
      </trkpt>
      <trkpt lat="37.545355" lon="126.995337">
        <ele>182</ele>
      </trkpt>
      <trkpt lat="37.54535" lon="126.995373">
        <ele>181.8</ele>
      </trkpt>
      <trkpt lat="37.545344" lon="126.995415">
        <ele>181.4</ele>
      </trkpt>
      <trkpt lat="37.545338" lon="126.995453">
        <ele>181.2</ele>
      </trkpt>
      <trkpt lat="37.545337" lon="126.995488">
        <ele>180.8</ele>
      </trkpt>
      <trkpt lat="37.54533" lon="126.995529">
        <ele>180.4</ele>
      </trkpt>
      <trkpt lat="37.545331" lon="126.995567">
        <ele>180.2</ele>
      </trkpt>
      <trkpt lat="37.545327" lon="126.995608">
        <ele>180</ele>
      </trkpt>
      <trkpt lat="37.545325" lon="126.995641">
        <ele>179.8</ele>
      </trkpt>
      <trkpt lat="37.545315" lon="126.995679">
        <ele>179.6</ele>
      </trkpt>
      <trkpt lat="37.545306" lon="126.995711">
        <ele>179.2</ele>
      </trkpt>
      <trkpt lat="37.545296" lon="126.995747">
        <ele>179</ele>
      </trkpt>
      <trkpt lat="37.545283" lon="126.995781">
        <ele>178.8</ele>
      </trkpt>
      <trkpt lat="37.545273" lon="126.995814">
        <ele>178.4</ele>
      </trkpt>
      <trkpt lat="37.545258" lon="126.995847">
        <ele>178</ele>
      </trkpt>
      <trkpt lat="37.545246" lon="126.995878">
        <ele>177.8</ele>
      </trkpt>
      <trkpt lat="37.545226" lon="126.995905">
        <ele>177.4</ele>
      </trkpt>
      <trkpt lat="37.545211" lon="126.995934">
        <ele>177</ele>
      </trkpt>
      <trkpt lat="37.545186" lon="126.995963">
        <ele>176.8</ele>
      </trkpt>
      <trkpt lat="37.54516" lon="126.995983">
        <ele>176.6</ele>
      </trkpt>
      <trkpt lat="37.545131" lon="126.996002">
        <ele>176.2</ele>
      </trkpt>
      <trkpt lat="37.545102" lon="126.996018">
        <ele>176</ele>
      </trkpt>
      <trkpt lat="37.545073" lon="126.996038">
        <ele>175.6</ele>
      </trkpt>
      <trkpt lat="37.545042" lon="126.99605">
        <ele>175.4</ele>
      </trkpt>
      <trkpt lat="37.545014" lon="126.996063">
        <ele>175.2</ele>
      </trkpt>
      <trkpt lat="37.544982" lon="126.996074">
        <ele>175</ele>
      </trkpt>
      <trkpt lat="37.544956" lon="126.996086">
        <ele>174.8</ele>
      </trkpt>
      <trkpt lat="37.544926" lon="126.9961">
        <ele>174.6</ele>
      </trkpt>
      <trkpt lat="37.544901" lon="126.996111">
        <ele>174.4</ele>
      </trkpt>
      <trkpt lat="37.544871" lon="126.99612">
        <ele>174.2</ele>
      </trkpt>
      <trkpt lat="37.544843" lon="126.99613">
        <ele>174</ele>
      </trkpt>
      <trkpt lat="37.544815" lon="126.996143">
        <ele>174</ele>
      </trkpt>
      <trkpt lat="37.544786" lon="126.996153">
        <ele>173.8</ele>
      </trkpt>
      <trkpt lat="37.54476" lon="126.996165">
        <ele>173.6</ele>
      </trkpt>
      <trkpt lat="37.544732" lon="126.99617">
        <ele>173.4</ele>
      </trkpt>
      <trkpt lat="37.544704" lon="126.996182">
        <ele>173.2</ele>
      </trkpt>
      <trkpt lat="37.544671" lon="126.996196">
        <ele>172.8</ele>
      </trkpt>
      <trkpt lat="37.544642" lon="126.996208">
        <ele>172.6</ele>
      </trkpt>
      <trkpt lat="37.54461" lon="126.996224">
        <ele>172.4</ele>
      </trkpt>
      <trkpt lat="37.54458" lon="126.996234">
        <ele>172.2</ele>
      </trkpt>
      <trkpt lat="37.544548" lon="126.996246">
        <ele>172</ele>
      </trkpt>
      <trkpt lat="37.54452" lon="126.996255">
        <ele>172</ele>
      </trkpt>
      <trkpt lat="37.544492" lon="126.996278">
        <ele>171.8</ele>
      </trkpt>
      <trkpt lat="37.544469" lon="126.996294">
        <ele>171.6</ele>
      </trkpt>
      <trkpt lat="37.544447" lon="126.996313">
        <ele>171.6</ele>
      </trkpt>
      <trkpt lat="37.544425" lon="126.996331">
        <ele>171.4</ele>
      </trkpt>
      <trkpt lat="37.544402" lon="126.996351">
        <ele>171.4</ele>
      </trkpt>
      <trkpt lat="37.544383" lon="126.996375">
        <ele>171.2</ele>
      </trkpt>
      <trkpt lat="37.544367" lon="126.996408">
        <ele>171</ele>
      </trkpt>
      <trkpt lat="37.544353" lon="126.996445">
        <ele>171</ele>
      </trkpt>
      <trkpt lat="37.544344" lon="126.996482">
        <ele>170.8</ele>
      </trkpt>
      <trkpt lat="37.544337" lon="126.996524">
        <ele>170.6</ele>
      </trkpt>
      <trkpt lat="37.544338" lon="126.99656">
        <ele>170.6</ele>
      </trkpt>
      <trkpt lat="37.54434" lon="126.9966">
        <ele>170.4</ele>
      </trkpt>
      <trkpt lat="37.544345" lon="126.996637">
        <ele>170.2</ele>
      </trkpt>
      <trkpt lat="37.544348" lon="126.996679">
        <ele>170</ele>
      </trkpt>
      <trkpt lat="37.544356" lon="126.996714">
        <ele>169.8</ele>
      </trkpt>
      <trkpt lat="37.544371" lon="126.996752">
        <ele>169.6</ele>
      </trkpt>
      <trkpt lat="37.544384" lon="126.996789">
        <ele>169.4</ele>
      </trkpt>
      <trkpt lat="37.544402" lon="126.996814">
        <ele>169.2</ele>
      </trkpt>
      <trkpt lat="37.544424" lon="126.996846">
        <ele>168.8</ele>
      </trkpt>
      <trkpt lat="37.54445" lon="126.996869">
        <ele>168.6</ele>
      </trkpt>
      <trkpt lat="37.544477" lon="126.996902">
        <ele>168.4</ele>
      </trkpt>
      <trkpt lat="37.544497" lon="126.996927">
        <ele>168.2</ele>
      </trkpt>
      <trkpt lat="37.544517" lon="126.996959">
        <ele>167.8</ele>
      </trkpt>
      <trkpt lat="37.544534" lon="126.996986">
        <ele>167.6</ele>
      </trkpt>
      <trkpt lat="37.544549" lon="126.99702">
        <ele>167.4</ele>
      </trkpt>
      <trkpt lat="37.544565" lon="126.997053">
        <ele>167</ele>
      </trkpt>
      <trkpt lat="37.544588" lon="126.99708">
        <ele>166.8</ele>
      </trkpt>
      <trkpt lat="37.544605" lon="126.997106">
        <ele>166.6</ele>
      </trkpt>
      <trkpt lat="37.544626" lon="126.997124">
        <ele>166.4</ele>
      </trkpt>
      <trkpt lat="37.544643" lon="126.997149">
        <ele>166.2</ele>
      </trkpt>
      <trkpt lat="37.544662" lon="126.997173">
        <ele>166</ele>
      </trkpt>
      <trkpt lat="37.544684" lon="126.997201">
        <ele>165.6</ele>
      </trkpt>
      <trkpt lat="37.544699" lon="126.997226">
        <ele>165.4</ele>
      </trkpt>
      <trkpt lat="37.544718" lon="126.997253">
        <ele>165</ele>
      </trkpt>
      <trkpt lat="37.544734" lon="126.997282">
        <ele>164.8</ele>
      </trkpt>
      <trkpt lat="37.54475" lon="126.997305">
        <ele>164.4</ele>
      </trkpt>
      <trkpt lat="37.544776" lon="126.99733">
        <ele>164.2</ele>
      </trkpt>
      <trkpt lat="37.544797" lon="126.99735">
        <ele>164</ele>
      </trkpt>
      <trkpt lat="37.544829" lon="126.997384">
        <ele>163.8</ele>
      </trkpt>
      <trkpt lat="37.544853" lon="126.997411">
        <ele>163.4</ele>
      </trkpt>
      <trkpt lat="37.544883" lon="126.997437">
        <ele>163.2</ele>
      </trkpt>
      <trkpt lat="37.544911" lon="126.997467">
        <ele>162.8</ele>
      </trkpt>
      <trkpt lat="37.544936" lon="126.997488">
        <ele>162.6</ele>
      </trkpt>
      <trkpt lat="37.544965" lon="126.997519">
        <ele>162.2</ele>
      </trkpt>
      <trkpt lat="37.544988" lon="126.997538">
        <ele>162.2</ele>
      </trkpt>
      <trkpt lat="37.54502" lon="126.997569">
        <ele>161.8</ele>
      </trkpt>
      <trkpt lat="37.545041" lon="126.997595">
        <ele>161.4</ele>
      </trkpt>
      <trkpt lat="37.545067" lon="126.997626">
        <ele>161.2</ele>
      </trkpt>
      <trkpt lat="37.545088" lon="126.997647">
        <ele>160.8</ele>
      </trkpt>
      <trkpt lat="37.545113" lon="126.997668">
        <ele>160.4</ele>
      </trkpt>
      <trkpt lat="37.54514" lon="126.997695">
        <ele>160</ele>
      </trkpt>
      <trkpt lat="37.545165" lon="126.997708">
        <ele>159.8</ele>
      </trkpt>
      <trkpt lat="37.54519" lon="126.997736">
        <ele>159.4</ele>
      </trkpt>
      <trkpt lat="37.54521" lon="126.997762">
        <ele>159</ele>
      </trkpt>
      <trkpt lat="37.545234" lon="126.997794">
        <ele>158.8</ele>
      </trkpt>
      <trkpt lat="37.54525" lon="126.997823">
        <ele>158.4</ele>
      </trkpt>
      <trkpt lat="37.545271" lon="126.997848">
        <ele>158</ele>
      </trkpt>
      <trkpt lat="37.545288" lon="126.997878">
        <ele>157.8</ele>
      </trkpt>
      <trkpt lat="37.545304" lon="126.997907">
        <ele>157.6</ele>
      </trkpt>
      <trkpt lat="37.545322" lon="126.997944">
        <ele>157.2</ele>
      </trkpt>
      <trkpt lat="37.545338" lon="126.997972">
        <ele>157</ele>
      </trkpt>
      <trkpt lat="37.545369" lon="126.997995">
        <ele>156.8</ele>
      </trkpt>
      <trkpt lat="37.545394" lon="126.998019">
        <ele>156.4</ele>
      </trkpt>
      <trkpt lat="37.545424" lon="126.99804">
        <ele>156.2</ele>
      </trkpt>
      <trkpt lat="37.545455" lon="126.998062">
        <ele>155.8</ele>
      </trkpt>
      <trkpt lat="37.545481" lon="126.998067">
        <ele>155.6</ele>
      </trkpt>
      <trkpt lat="37.545513" lon="126.998074">
        <ele>155.2</ele>
      </trkpt>
      <trkpt lat="37.545541" lon="126.998083">
        <ele>155</ele>
      </trkpt>
      <trkpt lat="37.545571" lon="126.998095">
        <ele>154.8</ele>
      </trkpt>
      <trkpt lat="37.545601" lon="126.998112">
        <ele>154.4</ele>
      </trkpt>
      <trkpt lat="37.54563" lon="126.998125">
        <ele>154</ele>
      </trkpt>
      <trkpt lat="37.545659" lon="126.998143">
        <ele>153.8</ele>
      </trkpt>
      <trkpt lat="37.545682" lon="126.998156">
        <ele>153.4</ele>
      </trkpt>
      <trkpt lat="37.545711" lon="126.998178">
        <ele>153.2</ele>
      </trkpt>
      <trkpt lat="37.545731" lon="126.998198">
        <ele>153</ele>
      </trkpt>
      <trkpt lat="37.545757" lon="126.998224">
        <ele>152.8</ele>
      </trkpt>
      <trkpt lat="37.545778" lon="126.998251">
        <ele>152.6</ele>
      </trkpt>
      <trkpt lat="37.545795" lon="126.998281">
        <ele>152.6</ele>
      </trkpt>
      <trkpt lat="37.545812" lon="126.998312">
        <ele>152.4</ele>
      </trkpt>
      <trkpt lat="37.545834" lon="126.998342">
        <ele>152.2</ele>
      </trkpt>
      <trkpt lat="37.545849" lon="126.998377">
        <ele>152.2</ele>
      </trkpt>
      <trkpt lat="37.545868" lon="126.998414">
        <ele>152</ele>
      </trkpt>
      <trkpt lat="37.545886" lon="126.998447">
        <ele>151.6</ele>
      </trkpt>
      <trkpt lat="37.545903" lon="126.998473">
        <ele>151.6</ele>
      </trkpt>
      <trkpt lat="37.54592" lon="126.998501">
        <ele>151.4</ele>
      </trkpt>
      <trkpt lat="37.545937" lon="126.998524">
        <ele>151.4</ele>
      </trkpt>
      <trkpt lat="37.545957" lon="126.998553">
        <ele>151.2</ele>
      </trkpt>
      <trkpt lat="37.545978" lon="126.998578">
        <ele>151</ele>
      </trkpt>
      <trkpt lat="37.546002" lon="126.998606">
        <ele>150.8</ele>
      </trkpt>
      <trkpt lat="37.546021" lon="126.998628">
        <ele>150.6</ele>
      </trkpt>
      <trkpt lat="37.546046" lon="126.998652">
        <ele>150.4</ele>
      </trkpt>
      <trkpt lat="37.54607" lon="126.998675">
        <ele>150.2</ele>
      </trkpt>
      <trkpt lat="37.546098" lon="126.998687">
        <ele>150</ele>
      </trkpt>
      <trkpt lat="37.546128" lon="126.998703">
        <ele>149.8</ele>
      </trkpt>
      <trkpt lat="37.546156" lon="126.998704">
        <ele>149.6</ele>
      </trkpt>
      <trkpt lat="37.54619" lon="126.998715">
        <ele>149.4</ele>
      </trkpt>
      <trkpt lat="37.546216" lon="126.998726">
        <ele>149.2</ele>
      </trkpt>
      <trkpt lat="37.546245" lon="126.998735">
        <ele>149</ele>
      </trkpt>
      <trkpt lat="37.546278" lon="126.998741">
        <ele>148.6</ele>
      </trkpt>
      <trkpt lat="37.5463" lon="126.998743">
        <ele>148.4</ele>
      </trkpt>
      <trkpt lat="37.546334" lon="126.998748">
        <ele>148.2</ele>
      </trkpt>
      <trkpt lat="37.546364" lon="126.998752">
        <ele>148</ele>
      </trkpt>
      <trkpt lat="37.546397" lon="126.998759">
        <ele>147.8</ele>
      </trkpt>
      <trkpt lat="37.546424" lon="126.998764">
        <ele>147.4</ele>
      </trkpt>
      <trkpt lat="37.546453" lon="126.998768">
        <ele>147</ele>
      </trkpt>
      <trkpt lat="37.54648" lon="126.998782">
        <ele>146.6</ele>
      </trkpt>
      <trkpt lat="37.54651" lon="126.99879">
        <ele>146.4</ele>
      </trkpt>
      <trkpt lat="37.546542" lon="126.998801">
        <ele>146</ele>
      </trkpt>
      <trkpt lat="37.546569" lon="126.998804">
        <ele>145.8</ele>
      </trkpt>
      <trkpt lat="37.546597" lon="126.998809">
        <ele>145.6</ele>
      </trkpt>
      <trkpt lat="37.546622" lon="126.998815">
        <ele>145.6</ele>
      </trkpt>
      <trkpt lat="37.546646" lon="126.99882">
        <ele>145.2</ele>
      </trkpt>
      <trkpt lat="37.546673" lon="126.998831">
        <ele>145</ele>
      </trkpt>
      <trkpt lat="37.546702" lon="126.998845">
        <ele>145</ele>
      </trkpt>
      <trkpt lat="37.546734" lon="126.998869">
        <ele>144.6</ele>
      </trkpt>
      <trkpt lat="37.546758" lon="126.998893">
        <ele>144.2</ele>
      </trkpt>
      <trkpt lat="37.546785" lon="126.998917">
        <ele>144</ele>
      </trkpt>
      <trkpt lat="37.546809" lon="126.998945">
        <ele>143.8</ele>
      </trkpt>
      <trkpt lat="37.546833" lon="126.99897">
        <ele>143.4</ele>
      </trkpt>
      <trkpt lat="37.546855" lon="126.999003">
        <ele>143.2</ele>
      </trkpt>
      <trkpt lat="37.546874" lon="126.999035">
        <ele>143</ele>
      </trkpt>
      <trkpt lat="37.546895" lon="126.999066">
        <ele>142.8</ele>
      </trkpt>
      <trkpt lat="37.54691" lon="126.999095">
        <ele>142.6</ele>
      </trkpt>
      <trkpt lat="37.54693" lon="126.999121">
        <ele>142.6</ele>
      </trkpt>
      <trkpt lat="37.546953" lon="126.999152">
        <ele>142.4</ele>
      </trkpt>
      <trkpt lat="37.546972" lon="126.999166">
        <ele>142.2</ele>
      </trkpt>
      <trkpt lat="37.546994" lon="126.999194">
        <ele>142</ele>
      </trkpt>
      <trkpt lat="37.547016" lon="126.999222">
        <ele>141.8</ele>
      </trkpt>
      <trkpt lat="37.547049" lon="126.999247">
        <ele>141.4</ele>
      </trkpt>
      <trkpt lat="37.547076" lon="126.999267">
        <ele>141.2</ele>
      </trkpt>
      <trkpt lat="37.547109" lon="126.999278">
        <ele>140.8</ele>
      </trkpt>
      <trkpt lat="37.547147" lon="126.999297">
        <ele>140.4</ele>
      </trkpt>
      <trkpt lat="37.547175" lon="126.999305">
        <ele>140</ele>
      </trkpt>
      <trkpt lat="37.547209" lon="126.999318">
        <ele>139.6</ele>
      </trkpt>
      <trkpt lat="37.547242" lon="126.999325">
        <ele>139.2</ele>
      </trkpt>
      <trkpt lat="37.547277" lon="126.999332">
        <ele>138.8</ele>
      </trkpt>
      <trkpt lat="37.547306" lon="126.999345">
        <ele>138.6</ele>
      </trkpt>
      <trkpt lat="37.547339" lon="126.999357">
        <ele>138.4</ele>
      </trkpt>
      <trkpt lat="37.547366" lon="126.999368">
        <ele>138.2</ele>
      </trkpt>
      <trkpt lat="37.547398" lon="126.99937">
        <ele>138</ele>
      </trkpt>
      <trkpt lat="37.547431" lon="126.999376">
        <ele>137.6</ele>
      </trkpt>
      <trkpt lat="37.547458" lon="126.999379">
        <ele>137.4</ele>
      </trkpt>
      <trkpt lat="37.547491" lon="126.999385">
        <ele>137.2</ele>
      </trkpt>
      <trkpt lat="37.547517" lon="126.999383">
        <ele>137</ele>
      </trkpt>
      <trkpt lat="37.547554" lon="126.999381">
        <ele>136.6</ele>
      </trkpt>
      <trkpt lat="37.547582" lon="126.999374">
        <ele>136.4</ele>
      </trkpt>
      <trkpt lat="37.547618" lon="126.999368">
        <ele>136.2</ele>
      </trkpt>
      <trkpt lat="37.547646" lon="126.999366">
        <ele>136</ele>
      </trkpt>
      <trkpt lat="37.547677" lon="126.999365">
        <ele>135.8</ele>
      </trkpt>
      <trkpt lat="37.547707" lon="126.999362">
        <ele>135.6</ele>
      </trkpt>
      <trkpt lat="37.54774" lon="126.999356">
        <ele>135.4</ele>
      </trkpt>
      <trkpt lat="37.547773" lon="126.999349">
        <ele>135.2</ele>
      </trkpt>
      <trkpt lat="37.547803" lon="126.999337">
        <ele>135</ele>
      </trkpt>
      <trkpt lat="37.547834" lon="126.999323">
        <ele>134.8</ele>
      </trkpt>
      <trkpt lat="37.547857" lon="126.999306">
        <ele>134.6</ele>
      </trkpt>
      <trkpt lat="37.547887" lon="126.999291">
        <ele>134.6</ele>
      </trkpt>
      <trkpt lat="37.54791" lon="126.999278">
        <ele>134.4</ele>
      </trkpt>
      <trkpt lat="37.547947" lon="126.999262">
        <ele>134.2</ele>
      </trkpt>
      <trkpt lat="37.54797" lon="126.999261">
        <ele>134</ele>
      </trkpt>
      <trkpt lat="37.548006" lon="126.999256">
        <ele>134</ele>
      </trkpt>
      <trkpt lat="37.548032" lon="126.999246">
        <ele>133.8</ele>
      </trkpt>
      <trkpt lat="37.548066" lon="126.999239">
        <ele>133.6</ele>
      </trkpt>
      <trkpt lat="37.548098" lon="126.999232">
        <ele>133.4</ele>
      </trkpt>
      <trkpt lat="37.54813" lon="126.999229">
        <ele>133.2</ele>
      </trkpt>
      <trkpt lat="37.548162" lon="126.999217">
        <ele>133</ele>
      </trkpt>
      <trkpt lat="37.548186" lon="126.999201">
        <ele>132.8</ele>
      </trkpt>
      <trkpt lat="37.548221" lon="126.999187">
        <ele>132.6</ele>
      </trkpt>
      <trkpt lat="37.548245" lon="126.999172">
        <ele>132.4</ele>
      </trkpt>
      <trkpt lat="37.548278" lon="126.999156">
        <ele>132.2</ele>
      </trkpt>
      <trkpt lat="37.548302" lon="126.999142">
        <ele>132</ele>
      </trkpt>
      <trkpt lat="37.548333" lon="126.999132">
        <ele>131.8</ele>
      </trkpt>
      <trkpt lat="37.548364" lon="126.999127">
        <ele>131.6</ele>
      </trkpt>
      <trkpt lat="37.548392" lon="126.999117">
        <ele>131.4</ele>
      </trkpt>
      <trkpt lat="37.548426" lon="126.999105">
        <ele>131.2</ele>
      </trkpt>
      <trkpt lat="37.548455" lon="126.999099">
        <ele>131</ele>
      </trkpt>
      <trkpt lat="37.548486" lon="126.999093">
        <ele>130.8</ele>
      </trkpt>
      <trkpt lat="37.548517" lon="126.999087">
        <ele>130.6</ele>
      </trkpt>
      <trkpt lat="37.548553" lon="126.999075">
        <ele>130.4</ele>
      </trkpt>
      <trkpt lat="37.548584" lon="126.999067">
        <ele>130.2</ele>
      </trkpt>
      <trkpt lat="37.548611" lon="126.999053">
        <ele>130</ele>
      </trkpt>
      <trkpt lat="37.548643" lon="126.999038">
        <ele>129.6</ele>
      </trkpt>
      <trkpt lat="37.548667" lon="126.999024">
        <ele>129.4</ele>
      </trkpt>
      <trkpt lat="37.548701" lon="126.999012">
        <ele>129.2</ele>
      </trkpt>
      <trkpt lat="37.548731" lon="126.999009">
        <ele>128.8</ele>
      </trkpt>
      <trkpt lat="37.54876" lon="126.998997">
        <ele>128.6</ele>
      </trkpt>
      <trkpt lat="37.548795" lon="126.998987">
        <ele>128.4</ele>
      </trkpt>
      <trkpt lat="37.548822" lon="126.99897">
        <ele>128</ele>
      </trkpt>
      <trkpt lat="37.548858" lon="126.998955">
        <ele>127.8</ele>
      </trkpt>
      <trkpt lat="37.548884" lon="126.998944">
        <ele>127.4</ele>
      </trkpt>
      <trkpt lat="37.548918" lon="126.998934">
        <ele>127.2</ele>
      </trkpt>
      <trkpt lat="37.548947" lon="126.998926">
        <ele>126.8</ele>
      </trkpt>
      <trkpt lat="37.548972" lon="126.998911">
        <ele>126.6</ele>
      </trkpt>
      <trkpt lat="37.549003" lon="126.998896">
        <ele>126.4</ele>
      </trkpt>
      <trkpt lat="37.549026" lon="126.998881">
        <ele>126</ele>
      </trkpt>
      <trkpt lat="37.549061" lon="126.998867">
        <ele>125.8</ele>
      </trkpt>
      <trkpt lat="37.54909" lon="126.998848">
        <ele>125.6</ele>
      </trkpt>
      <trkpt lat="37.549123" lon="126.998838">
        <ele>125.4</ele>
      </trkpt>
      <trkpt lat="37.549149" lon="126.998834">
        <ele>125.2</ele>
      </trkpt>
      <trkpt lat="37.549176" lon="126.998827">
        <ele>124.8</ele>
      </trkpt>
      <trkpt lat="37.549203" lon="126.998821">
        <ele>124.8</ele>
      </trkpt>
      <trkpt lat="37.549227" lon="126.998814">
        <ele>124.6</ele>
      </trkpt>
      <trkpt lat="37.549257" lon="126.998811">
        <ele>124.4</ele>
      </trkpt>
      <trkpt lat="37.549283" lon="126.998803">
        <ele>124.2</ele>
      </trkpt>
      <trkpt lat="37.54932" lon="126.998795">
        <ele>124</ele>
      </trkpt>
      <trkpt lat="37.549352" lon="126.998788">
        <ele>123.6</ele>
      </trkpt>
      <trkpt lat="37.549383" lon="126.998774">
        <ele>123.4</ele>
      </trkpt>
      <trkpt lat="37.549418" lon="126.998759">
        <ele>123</ele>
      </trkpt>
      <trkpt lat="37.549443" lon="126.998741">
        <ele>122.8</ele>
      </trkpt>
      <trkpt lat="37.549474" lon="126.99873">
        <ele>122.6</ele>
      </trkpt>
      <trkpt lat="37.549499" lon="126.998718">
        <ele>122.2</ele>
      </trkpt>
      <trkpt lat="37.549525" lon="126.998703">
        <ele>121.8</ele>
      </trkpt>
      <trkpt lat="37.54955" lon="126.99869">
        <ele>121.4</ele>
      </trkpt>
      <trkpt lat="37.549572" lon="126.998672">
        <ele>121</ele>
      </trkpt>
      <trkpt lat="37.549601" lon="126.998652">
        <ele>120.6</ele>
      </trkpt>
      <trkpt lat="37.549631" lon="126.998639">
        <ele>120.2</ele>
      </trkpt>
      <trkpt lat="37.549656" lon="126.998622">
        <ele>119.8</ele>
      </trkpt>
      <trkpt lat="37.549687" lon="126.998602">
        <ele>119.4</ele>
      </trkpt>
      <trkpt lat="37.549712" lon="126.99859">
        <ele>119</ele>
      </trkpt>
      <trkpt lat="37.549742" lon="126.998576">
        <ele>118.6</ele>
      </trkpt>
      <trkpt lat="37.549772" lon="126.998569">
        <ele>118</ele>
      </trkpt>
      <trkpt lat="37.549799" lon="126.998556">
        <ele>117.6</ele>
      </trkpt>
      <trkpt lat="37.549832" lon="126.998543">
        <ele>117.2</ele>
      </trkpt>
      <trkpt lat="37.54986" lon="126.998535">
        <ele>116.8</ele>
      </trkpt>
      <trkpt lat="37.549891" lon="126.998537">
        <ele>116.4</ele>
      </trkpt>
      <trkpt lat="37.54992" lon="126.998539">
        <ele>116.2</ele>
      </trkpt>
      <trkpt lat="37.549954" lon="126.99852">
        <ele>131.05</ele>
      </trkpt>
      <trkpt lat="37.550057" lon="126.998614">
        <ele>128.65</ele>
      </trkpt>
      <trkpt lat="37.550155" lon="126.99873">
        <ele>126.45</ele>
      </trkpt>
      <trkpt lat="37.550262" lon="126.99878">
        <ele>126.44</ele>
      </trkpt>
      <trkpt lat="37.550505" lon="126.998828">
        <ele>125.38</ele>
      </trkpt>
      <trkpt lat="37.550708" lon="126.998844">
        <ele>121.76</ele>
      </trkpt>
      <trkpt lat="37.550776" lon="126.998808">
        <ele>120.45</ele>
      </trkpt>
      <trkpt lat="37.550806" lon="126.998813">
        <ele>119.74</ele>
      </trkpt>
      <trkpt lat="37.550799" lon="126.998768">
        <ele>120.14</ele>
      </trkpt>
      <trkpt lat="37.550806" lon="126.998813">
        <ele>119.74</ele>
      </trkpt>
      <trkpt lat="37.550856" lon="126.998811">
        <ele>118.65</ele>
      </trkpt>
      <trkpt lat="37.550917" lon="126.998911">
        <ele>116.71</ele>
      </trkpt>
      <trkpt lat="37.551083" lon="126.999101">
        <ele>113</ele>
      </trkpt>
      <trkpt lat="37.551416" lon="126.99948">
        <ele>108.71</ele>
      </trkpt>
      <trkpt lat="37.551586" lon="126.999694">
        <ele>105.43</ele>
      </trkpt>
      <trkpt lat="37.551686" lon="126.99992">
        <ele>101.39</ele>
      </trkpt>
      <trkpt lat="37.551686" lon="126.99992">
        <ele>101.39</ele>
      </trkpt>
      <trkpt lat="37.551711" lon="127.000024">
        <ele>99.81</ele>
      </trkpt>
      <trkpt lat="37.551714" lon="127.000148">
        <ele>98.66</ele>
      </trkpt>
      <trkpt lat="37.551694" lon="127.00026">
        <ele>97.69</ele>
      </trkpt>
      <trkpt lat="37.551665" lon="127.00034">
        <ele>96.76</ele>
      </trkpt>
      <trkpt lat="37.551484" lon="127.000554">
        <ele>93.53</ele>
      </trkpt>
      <trkpt lat="37.551424" lon="127.000663">
        <ele>92.5</ele>
      </trkpt>
      <trkpt lat="37.55135" lon="127.000769">
        <ele>91.98</ele>
      </trkpt>
      <trkpt lat="37.551269" lon="127.000844">
        <ele>92.86</ele>
      </trkpt>
      <trkpt lat="37.551195" lon="127.00075">
        <ele>93.95</ele>
      </trkpt>
      <trkpt lat="37.551154" lon="127.000803">
        <ele>95.35</ele>
      </trkpt>
      <trkpt lat="37.551098" lon="127.000904">
        <ele>97.41</ele>
      </trkpt>
      <trkpt lat="37.550974" lon="127.001158">
        <ele>102.34</ele>
      </trkpt>
      <trkpt lat="37.550725" lon="127.001668">
        <ele>106.05</ele>
      </trkpt>
      <trkpt lat="37.55064" lon="127.001869">
        <ele>107.08</ele>
      </trkpt>
      <trkpt lat="37.550587" lon="127.001942">
        <ele>107.4</ele>
      </trkpt>
      <trkpt lat="37.5505" lon="127.001974">
        <ele>108.03</ele>
      </trkpt>
      <trkpt lat="37.550452" lon="127.001953">
        <ele>109.37</ele>
      </trkpt>
      <trkpt lat="37.550452" lon="127.001953">
        <ele>109.37</ele>
      </trkpt>
      <trkpt lat="37.550415" lon="127.001936">
        <ele>110.42</ele>
      </trkpt>
      <trkpt lat="37.550366" lon="127.001853">
        <ele>111.05</ele>
      </trkpt>
      <trkpt lat="37.550347" lon="127.001743">
        <ele>111.15</ele>
      </trkpt>
      <trkpt lat="37.550406" lon="127.001211">
        <ele>111.31</ele>
      </trkpt>
      <trkpt lat="37.550275" lon="127.00121">
        <ele>111.09</ele>
      </trkpt>
      <trkpt lat="37.5502" lon="127.001167">
        <ele>110.89</ele>
      </trkpt>
      <trkpt lat="37.55015" lon="127.001094">
        <ele>111</ele>
      </trkpt>
      <trkpt lat="37.550071" lon="127.001186">
        <ele>110.25</ele>
      </trkpt>
      <trkpt lat="37.550041" lon="127.001415">
        <ele>109.56</ele>
      </trkpt>
      <trkpt lat="37.550027" lon="127.001544">
        <ele>109.66</ele>
      </trkpt>
      <trkpt lat="37.549853" lon="127.001841">
        <ele>109.93</ele>
      </trkpt>
      <trkpt lat="37.549694" lon="127.002002">
        <ele>110.08</ele>
      </trkpt>
      <trkpt lat="37.549699" lon="127.002214">
        <ele>110.24</ele>
      </trkpt>
      <trkpt lat="37.549686" lon="127.002413">
        <ele>110.39</ele>
      </trkpt>
      <trkpt lat="37.549648" lon="127.002589">
        <ele>110.53</ele>
      </trkpt>
      <trkpt lat="37.549626" lon="127.002807">
        <ele>110.7</ele>
      </trkpt>
      <trkpt lat="37.54987" lon="127.003198">
        <ele>111.06</ele>
      </trkpt>
      <trkpt lat="37.550345" lon="127.004012">
        <ele>111.79</ele>
      </trkpt>
      <trkpt lat="37.55023" lon="127.004124">
        <ele>112.2</ele>
      </trkpt>
      <trkpt lat="37.55023" lon="127.004124">
        <ele>112.2</ele>
      </trkpt>
      <trkpt lat="37.550134" lon="127.004248">
        <ele>113.1</ele>
      </trkpt>
      <trkpt lat="37.549945" lon="127.004328">
        <ele>114.2</ele>
      </trkpt>
      <trkpt lat="37.549832" lon="127.004446">
        <ele>113.07</ele>
      </trkpt>
      <trkpt lat="37.549607" lon="127.004409">
        <ele>110.66</ele>
      </trkpt>
      <trkpt lat="37.5495" lon="127.004425">
        <ele>109.48</ele>
      </trkpt>
      <trkpt lat="37.549409" lon="127.004361">
        <ele>109.94</ele>
      </trkpt>
      <trkpt lat="37.549335" lon="127.004213">
        <ele>110.25</ele>
      </trkpt>
      <trkpt lat="37.549222" lon="127.004232">
        <ele>108.98</ele>
      </trkpt>
      <trkpt lat="37.549156" lon="127.00432">
        <ele>108.09</ele>
      </trkpt>
      <trkpt lat="37.549109" lon="127.004304">
        <ele>107.47</ele>
      </trkpt>
      <trkpt lat="37.548963" lon="127.004218">
        <ele>104.97</ele>
      </trkpt>
      <trkpt lat="37.548837" lon="127.004186">
        <ele>102.19</ele>
      </trkpt>
      <trkpt lat="37.548771" lon="127.004208">
        <ele>100.76</ele>
      </trkpt>
      <trkpt lat="37.548732" lon="127.004304">
        <ele>99.92</ele>
      </trkpt>
      <trkpt lat="37.548727" lon="127.004361">
        <ele>99.85</ele>
      </trkpt>
      <trkpt lat="37.548667" lon="127.00443">
        <ele>99.38</ele>
      </trkpt>
      <trkpt lat="37.548504" lon="127.004413">
        <ele>96.89</ele>
      </trkpt>
      <trkpt lat="37.548392" lon="127.004437">
        <ele>95.39</ele>
      </trkpt>
      <trkpt lat="37.548392" lon="127.004437">
        <ele>95.38</ele>
      </trkpt>
      <trkpt lat="37.548292" lon="127.004494">
        <ele>93.78</ele>
      </trkpt>
      <trkpt lat="37.548232" lon="127.004269">
        <ele>91.74</ele>
      </trkpt>
      <trkpt lat="37.548158" lon="127.004155">
        <ele>90.02</ele>
      </trkpt>
      <trkpt lat="37.548067" lon="127.004055">
        <ele>87.37</ele>
      </trkpt>
      <trkpt lat="37.547997" lon="127.004039">
        <ele>84.89</ele>
      </trkpt>
      <trkpt lat="37.54787" lon="127.004055">
        <ele>80.13</ele>
      </trkpt>
      <trkpt lat="37.547812" lon="127.004071">
        <ele>77.86</ele>
      </trkpt>
      <trkpt lat="37.547689" lon="127.004119">
        <ele>73.8</ele>
      </trkpt>
      <trkpt lat="37.547453" lon="127.004269">
        <ele>75.62</ele>
      </trkpt>
      <trkpt lat="37.547355" lon="127.004306">
        <ele>78.92</ele>
      </trkpt>
      <trkpt lat="37.547192" lon="127.004377">
        <ele>84.73</ele>
      </trkpt>
      <trkpt lat="37.547192" lon="127.004377">
        <ele>84.72</ele>
      </trkpt>
      <trkpt lat="37.547104" lon="127.004412">
        <ele>87.15</ele>
      </trkpt>
      <trkpt lat="37.54711164249142" lon="127.00444662564001">
        <ele>71.42681314243644</ele>
      </trkpt>
      <trkpt lat="37.547104" lon="127.00446">
        <ele>72</ele>
      </trkpt>
      <trkpt lat="37.547093" lon="127.004477">
        <ele>72.4</ele>
      </trkpt>
      <trkpt lat="37.547086" lon="127.004492">
        <ele>72.6</ele>
      </trkpt>
      <trkpt lat="37.54708" lon="127.004513">
        <ele>72.8</ele>
      </trkpt>
      <trkpt lat="37.547086" lon="127.004534">
        <ele>73</ele>
      </trkpt>
      <trkpt lat="37.547096" lon="127.004543">
        <ele>73</ele>
      </trkpt>
      <trkpt lat="37.54711" lon="127.004568">
        <ele>73</ele>
      </trkpt>
      <trkpt lat="37.547106" lon="127.004585">
        <ele>73.2</ele>
      </trkpt>
      <trkpt lat="37.5471" lon="127.004605">
        <ele>73.4</ele>
      </trkpt>
      <trkpt lat="37.54709" lon="127.00463">
        <ele>73.6</ele>
      </trkpt>
      <trkpt lat="37.547092" lon="127.004646">
        <ele>73.8</ele>
      </trkpt>
      <trkpt lat="37.547095" lon="127.00466">
        <ele>73.8</ele>
      </trkpt>
      <trkpt lat="37.547102" lon="127.004668">
        <ele>74</ele>
      </trkpt>
      <trkpt lat="37.547113" lon="127.004679">
        <ele>74.2</ele>
      </trkpt>
      <trkpt lat="37.547123" lon="127.004691">
        <ele>74.6</ele>
      </trkpt>
      <trkpt lat="37.547132" lon="127.004703">
        <ele>75</ele>
      </trkpt>
      <trkpt lat="37.547144" lon="127.004706">
        <ele>75.4</ele>
      </trkpt>
      <trkpt lat="37.547157" lon="127.004717">
        <ele>75.8</ele>
      </trkpt>
      <trkpt lat="37.547164" lon="127.00472">
        <ele>76.2</ele>
      </trkpt>
      <trkpt lat="37.547174" lon="127.004721">
        <ele>76.8</ele>
      </trkpt>
      <trkpt lat="37.547187" lon="127.004735">
        <ele>77</ele>
      </trkpt>
      <trkpt lat="37.547194" lon="127.004742">
        <ele>77.4</ele>
      </trkpt>
      <trkpt lat="37.5472" lon="127.004751">
        <ele>77.8</ele>
      </trkpt>
      <trkpt lat="37.547207" lon="127.004768">
        <ele>78.2</ele>
      </trkpt>
      <trkpt lat="37.547213" lon="127.004783">
        <ele>78.6</ele>
      </trkpt>
      <trkpt lat="37.547226" lon="127.004794">
        <ele>78.8</ele>
      </trkpt>
      <trkpt lat="37.547236" lon="127.004811">
        <ele>79</ele>
      </trkpt>
      <trkpt lat="37.547247" lon="127.004821">
        <ele>79.4</ele>
      </trkpt>
      <trkpt lat="37.547255" lon="127.004833">
        <ele>79.6</ele>
      </trkpt>
      <trkpt lat="37.547261" lon="127.004844">
        <ele>79.8</ele>
      </trkpt>
      <trkpt lat="37.547265" lon="127.004861">
        <ele>80.2</ele>
      </trkpt>
      <trkpt lat="37.547267" lon="127.004877">
        <ele>80.6</ele>
      </trkpt>
      <trkpt lat="37.54727" lon="127.004891">
        <ele>80.8</ele>
      </trkpt>
      <trkpt lat="37.547272" lon="127.004915">
        <ele>81</ele>
      </trkpt>
      <trkpt lat="37.547279" lon="127.004937">
        <ele>81.2</ele>
      </trkpt>
      <trkpt lat="37.54729" lon="127.004959">
        <ele>81.2</ele>
      </trkpt>
      <trkpt lat="37.547299" lon="127.004978">
        <ele>81.4</ele>
      </trkpt>
      <trkpt lat="37.54731" lon="127.005002">
        <ele>81.6</ele>
      </trkpt>
      <trkpt lat="37.547314" lon="127.005029">
        <ele>81.8</ele>
      </trkpt>
      <trkpt lat="37.54732" lon="127.005051">
        <ele>82</ele>
      </trkpt>
      <trkpt lat="37.547323" lon="127.005084">
        <ele>82.2</ele>
      </trkpt>
      <trkpt lat="37.547318" lon="127.005111">
        <ele>82.2</ele>
      </trkpt>
      <trkpt lat="37.547309" lon="127.005141">
        <ele>82.2</ele>
      </trkpt>
      <trkpt lat="37.547291" lon="127.005163">
        <ele>82</ele>
      </trkpt>
      <trkpt lat="37.547272" lon="127.005185">
        <ele>82</ele>
      </trkpt>
      <trkpt lat="37.54725" lon="127.005208">
        <ele>81.8</ele>
      </trkpt>
      <trkpt lat="37.547232" lon="127.005226">
        <ele>81.8</ele>
      </trkpt>
      <trkpt lat="37.547215" lon="127.005241">
        <ele>82</ele>
      </trkpt>
      <trkpt lat="37.547204" lon="127.005264">
        <ele>82</ele>
      </trkpt>
      <trkpt lat="37.547188" lon="127.005285">
        <ele>82.2</ele>
      </trkpt>
      <trkpt lat="37.547177" lon="127.005304">
        <ele>82.4</ele>
      </trkpt>
      <trkpt lat="37.547164" lon="127.005326">
        <ele>82.6</ele>
      </trkpt>
      <trkpt lat="37.547149" lon="127.005342">
        <ele>82.8</ele>
      </trkpt>
      <trkpt lat="37.547136" lon="127.005363">
        <ele>83</ele>
      </trkpt>
      <trkpt lat="37.547119" lon="127.005389">
        <ele>83.2</ele>
      </trkpt>
      <trkpt lat="37.54711" lon="127.005406">
        <ele>83.4</ele>
      </trkpt>
      <trkpt lat="37.547093" lon="127.005429">
        <ele>83.6</ele>
      </trkpt>
      <trkpt lat="37.547075" lon="127.005441">
        <ele>84</ele>
      </trkpt>
      <trkpt lat="37.547056" lon="127.005454">
        <ele>84.2</ele>
      </trkpt>
      <trkpt lat="37.547034" lon="127.005454">
        <ele>84.6</ele>
      </trkpt>
      <trkpt lat="37.54701" lon="127.005456">
        <ele>84.8</ele>
      </trkpt>
      <trkpt lat="37.546982" lon="127.005457">
        <ele>85</ele>
      </trkpt>
      <trkpt lat="37.546959" lon="127.005462">
        <ele>85.2</ele>
      </trkpt>
      <trkpt lat="37.546927" lon="127.005457">
        <ele>85.2</ele>
      </trkpt>
      <trkpt lat="37.546903" lon="127.005455">
        <ele>85.2</ele>
      </trkpt>
      <trkpt lat="37.546878" lon="127.005458">
        <ele>85.2</ele>
      </trkpt>
      <trkpt lat="37.546851" lon="127.005464">
        <ele>85</ele>
      </trkpt>
      <trkpt lat="37.546827" lon="127.005474">
        <ele>85</ele>
      </trkpt>
      <trkpt lat="37.546802" lon="127.005492">
        <ele>84.8</ele>
      </trkpt>
      <trkpt lat="37.546786" lon="127.005509">
        <ele>84.6</ele>
      </trkpt>
      <trkpt lat="37.546761" lon="127.005527">
        <ele>84.4</ele>
      </trkpt>
      <trkpt lat="37.54674" lon="127.005543">
        <ele>84.2</ele>
      </trkpt>
      <trkpt lat="37.546716" lon="127.005555">
        <ele>84.2</ele>
      </trkpt>
      <trkpt lat="37.546692" lon="127.005564">
        <ele>84.2</ele>
      </trkpt>
      <trkpt lat="37.546667" lon="127.005579">
        <ele>84</ele>
      </trkpt>
      <trkpt lat="37.546645" lon="127.005594">
        <ele>84</ele>
      </trkpt>
      <trkpt lat="37.546619" lon="127.005611">
        <ele>84</ele>
      </trkpt>
      <trkpt lat="37.546592" lon="127.005625">
        <ele>84</ele>
      </trkpt>
      <trkpt lat="37.54657" lon="127.00564">
        <ele>83.8</ele>
      </trkpt>
      <trkpt lat="37.546549" lon="127.005655">
        <ele>83.8</ele>
      </trkpt>
      <trkpt lat="37.546532" lon="127.005672">
        <ele>84</ele>
      </trkpt>
      <trkpt lat="37.546512" lon="127.005689">
        <ele>84</ele>
      </trkpt>
      <trkpt lat="37.546499" lon="127.005704">
        <ele>84.4</ele>
      </trkpt>
      <trkpt lat="37.546485" lon="127.005719">
        <ele>84.6</ele>
      </trkpt>
      <trkpt lat="37.546468" lon="127.005732">
        <ele>84.8</ele>
      </trkpt>
      <trkpt lat="37.546451" lon="127.005752">
        <ele>85</ele>
      </trkpt>
      <trkpt lat="37.546432" lon="127.005765">
        <ele>85.2</ele>
      </trkpt>
      <trkpt lat="37.546407" lon="127.005782">
        <ele>85.4</ele>
      </trkpt>
      <trkpt lat="37.546385" lon="127.005799">
        <ele>85.6</ele>
      </trkpt>
      <trkpt lat="37.546366" lon="127.005812">
        <ele>85.8</ele>
      </trkpt>
      <trkpt lat="37.546342" lon="127.005828">
        <ele>86</ele>
      </trkpt>
      <trkpt lat="37.546322" lon="127.005841">
        <ele>86.2</ele>
      </trkpt>
      <trkpt lat="37.5463" lon="127.005863">
        <ele>86.4</ele>
      </trkpt>
      <trkpt lat="37.546283" lon="127.005874">
        <ele>86.6</ele>
      </trkpt>
      <trkpt lat="37.546262" lon="127.005887">
        <ele>86.6</ele>
      </trkpt>
      <trkpt lat="37.546249" lon="127.005901">
        <ele>86.8</ele>
      </trkpt>
      <trkpt lat="37.546235" lon="127.005918">
        <ele>87.2</ele>
      </trkpt>
      <trkpt lat="37.54622" lon="127.005929">
        <ele>87.6</ele>
      </trkpt>
      <trkpt lat="37.546207" lon="127.005948">
        <ele>88</ele>
      </trkpt>
      <trkpt lat="37.546191" lon="127.005965">
        <ele>88.6</ele>
      </trkpt>
      <trkpt lat="37.546182" lon="127.005981">
        <ele>89.2</ele>
      </trkpt>
      <trkpt lat="37.546173" lon="127.006002">
        <ele>89.8</ele>
      </trkpt>
      <trkpt lat="37.546164" lon="127.006031">
        <ele>90.2</ele>
      </trkpt>
      <trkpt lat="37.546159" lon="127.006054">
        <ele>90.4</ele>
      </trkpt>
      <trkpt lat="37.546151" lon="127.006086">
        <ele>90.4</ele>
      </trkpt>
      <trkpt lat="37.546143" lon="127.006111">
        <ele>90.2</ele>
      </trkpt>
      <trkpt lat="37.546132" lon="127.006134">
        <ele>90.2</ele>
      </trkpt>
      <trkpt lat="37.546119" lon="127.006154">
        <ele>90</ele>
      </trkpt>
      <trkpt lat="37.546108" lon="127.006176">
        <ele>90</ele>
      </trkpt>
      <trkpt lat="37.546093" lon="127.006196">
        <ele>90</ele>
      </trkpt>
      <trkpt lat="37.546087" lon="127.006218">
        <ele>90</ele>
      </trkpt>
      <trkpt lat="37.546072" lon="127.006241">
        <ele>90</ele>
      </trkpt>
      <trkpt lat="37.546061" lon="127.006262">
        <ele>90.2</ele>
      </trkpt>
      <trkpt lat="37.546042" lon="127.006282">
        <ele>90.6</ele>
      </trkpt>
      <trkpt lat="37.546029" lon="127.006305">
        <ele>90.8</ele>
      </trkpt>
      <trkpt lat="37.546022" lon="127.006331">
        <ele>91.2</ele>
      </trkpt>
      <trkpt lat="37.54601" lon="127.006351">
        <ele>91.6</ele>
      </trkpt>
      <trkpt lat="37.545998" lon="127.006366">
        <ele>92</ele>
      </trkpt>
      <trkpt lat="37.545978" lon="127.006377">
        <ele>92.4</ele>
      </trkpt>
      <trkpt lat="37.54596" lon="127.006383">
        <ele>92.8</ele>
      </trkpt>
      <trkpt lat="37.545938" lon="127.006379">
        <ele>93.2</ele>
      </trkpt>
      <trkpt lat="37.545916" lon="127.006381">
        <ele>93.4</ele>
      </trkpt>
      <trkpt lat="37.545895" lon="127.006387">
        <ele>93.6</ele>
      </trkpt>
      <trkpt lat="37.545874" lon="127.006394">
        <ele>93.8</ele>
      </trkpt>
      <trkpt lat="37.545858" lon="127.006404">
        <ele>94</ele>
      </trkpt>
      <trkpt lat="37.545835" lon="127.006413">
        <ele>94.4</ele>
      </trkpt>
      <trkpt lat="37.545813" lon="127.006416">
        <ele>94.8</ele>
      </trkpt>
      <trkpt lat="37.545797" lon="127.006425">
        <ele>95.2</ele>
      </trkpt>
      <trkpt lat="37.545772" lon="127.006427">
        <ele>95.6</ele>
      </trkpt>
      <trkpt lat="37.545754" lon="127.006434">
        <ele>96.2</ele>
      </trkpt>
      <trkpt lat="37.545735" lon="127.006449">
        <ele>96.8</ele>
      </trkpt>
      <trkpt lat="37.545722" lon="127.006457">
        <ele>97.4</ele>
      </trkpt>
      <trkpt lat="37.5457" lon="127.006463">
        <ele>97.8</ele>
      </trkpt>
      <trkpt lat="37.545685" lon="127.006469">
        <ele>98.2</ele>
      </trkpt>
      <trkpt lat="37.545675" lon="127.006483">
        <ele>98.6</ele>
      </trkpt>
      <trkpt lat="37.545657" lon="127.006496">
        <ele>99</ele>
      </trkpt>
      <trkpt lat="37.545644" lon="127.006507">
        <ele>99.4</ele>
      </trkpt>
      <trkpt lat="37.545627" lon="127.006521">
        <ele>99.8</ele>
      </trkpt>
      <trkpt lat="37.545613" lon="127.006543">
        <ele>100</ele>
      </trkpt>
      <trkpt lat="37.5456" lon="127.006562">
        <ele>100.2</ele>
      </trkpt>
      <trkpt lat="37.545586" lon="127.006578">
        <ele>100.6</ele>
      </trkpt>
      <trkpt lat="37.545572" lon="127.006595">
        <ele>100.8</ele>
      </trkpt>
      <trkpt lat="37.545555" lon="127.006613">
        <ele>101</ele>
      </trkpt>
      <trkpt lat="37.545538" lon="127.006632">
        <ele>101</ele>
      </trkpt>
      <trkpt lat="37.545517" lon="127.006651">
        <ele>101.2</ele>
      </trkpt>
      <trkpt lat="37.545498" lon="127.006657">
        <ele>101.2</ele>
      </trkpt>
      <trkpt lat="37.545474" lon="127.006669">
        <ele>101.2</ele>
      </trkpt>
      <trkpt lat="37.545454" lon="127.00668">
        <ele>101.4</ele>
      </trkpt>
      <trkpt lat="37.545411" lon="127.006719">
        <ele>124.08</ele>
      </trkpt>
      <trkpt lat="37.545432" lon="127.006756">
        <ele>124.46</ele>
      </trkpt>
      <trkpt lat="37.545466" lon="127.006893">
        <ele>124.62</ele>
      </trkpt>
      <trkpt lat="37.545467" lon="127.006958">
        <ele>125.04</ele>
      </trkpt>
      <trkpt lat="37.545436" lon="127.007009">
        <ele>127.08</ele>
      </trkpt>
      <trkpt lat="37.545424" lon="127.007065">
        <ele>128.4</ele>
      </trkpt>
      <trkpt lat="37.545385" lon="127.007101">
        <ele>130.87</ele>
      </trkpt>
      <trkpt lat="37.545355" lon="127.007143">
        <ele>133.2</ele>
      </trkpt>
      <trkpt lat="37.545298" lon="127.007253">
        <ele>138.11</ele>
      </trkpt>
      <trkpt lat="37.545295" lon="127.007394">
        <ele>141.49</ele>
      </trkpt>
      <trkpt lat="37.545314" lon="127.007463">
        <ele>142.57</ele>
      </trkpt>
      <trkpt lat="37.545306" lon="127.007525">
        <ele>144.67</ele>
      </trkpt>
      <trkpt lat="37.5453" lon="127.007577">
        <ele>146.43</ele>
      </trkpt>
      <trkpt lat="37.545342" lon="127.007684">
        <ele>148.1</ele>
      </trkpt>
      <trkpt lat="37.545353" lon="127.007826">
        <ele>152.44</ele>
      </trkpt>
      <trkpt lat="37.545441" lon="127.008038">
        <ele>153.24</ele>
      </trkpt>
      <trkpt lat="37.545515" lon="127.008118">
        <ele>150.86</ele>
      </trkpt>
      <trkpt lat="37.545554" lon="127.00819">
        <ele>149.46</ele>
      </trkpt>
      <trkpt lat="37.545608" lon="127.008266">
        <ele>147.34</ele>
      </trkpt>
      <trkpt lat="37.545716" lon="127.008367">
        <ele>142.53</ele>
      </trkpt>
      <trkpt lat="37.545873" lon="127.008618">
        <ele>137</ele>
      </trkpt>
      <trkpt lat="37.54605" lon="127.00882">
        <ele>134.98</ele>
      </trkpt>
      <trkpt lat="37.546142" lon="127.008991">
        <ele>134.06</ele>
      </trkpt>
      <trkpt lat="37.546266" lon="127.009171">
        <ele>130.08</ele>
      </trkpt>
      <trkpt lat="37.546266" lon="127.009171">
        <ele>130.08</ele>
      </trkpt>
      <trkpt lat="37.546275" lon="127.009184">
        <ele>129.79</ele>
      </trkpt>
      <trkpt lat="37.546361" lon="127.009228">
        <ele>128.69</ele>
      </trkpt>
      <trkpt lat="37.54654" lon="127.009241">
        <ele>128.52</ele>
      </trkpt>
      <trkpt lat="37.546582" lon="127.009212">
        <ele>129.18</ele>
      </trkpt>
      <trkpt lat="37.546783" lon="127.009166">
        <ele>129.47</ele>
      </trkpt>
      <trkpt lat="37.546895" lon="127.009152">
        <ele>129.86</ele>
      </trkpt>
      <trkpt lat="37.5471" lon="127.009169">
        <ele>132.04</ele>
      </trkpt>
      <trkpt lat="37.547138" lon="127.009202">
        <ele>131.76</ele>
      </trkpt>
      <trkpt lat="37.547418" lon="127.009316">
        <ele>132.32</ele>
      </trkpt>
      <trkpt lat="37.547548" lon="127.009417">
        <ele>131.04</ele>
      </trkpt>
      <trkpt lat="37.54769" lon="127.009554">
        <ele>129.36</ele>
      </trkpt>
      <trkpt lat="37.547735" lon="127.009569">
        <ele>128.97</ele>
      </trkpt>
      <trkpt lat="37.547895" lon="127.00958">
        <ele>126.46</ele>
      </trkpt>
      <trkpt lat="37.547967" lon="127.009598">
        <ele>124.92</ele>
      </trkpt>
      <trkpt lat="37.54798" lon="127.009611">
        <ele>124.64</ele>
      </trkpt>
      <trkpt lat="37.54798" lon="127.009611">
        <ele>124.64</ele>
      </trkpt>
      <trkpt lat="37.54798" lon="127.009611">
        <ele>124.64</ele>
      </trkpt>
      <trkpt lat="37.548002" lon="127.009632">
        <ele>124.16</ele>
      </trkpt>
      <trkpt lat="37.548013" lon="127.009709">
        <ele>123.82</ele>
      </trkpt>
      <trkpt lat="37.54799" lon="127.009872">
        <ele>123.37</ele>
      </trkpt>
      <trkpt lat="37.548003" lon="127.00996">
        <ele>122.38</ele>
      </trkpt>
      <trkpt lat="37.548019" lon="127.010001">
        <ele>121.79</ele>
      </trkpt>
      <trkpt lat="37.548046" lon="127.010013">
        <ele>121.28</ele>
      </trkpt>
      <trkpt lat="37.548106" lon="127.01027">
        <ele>119.03</ele>
      </trkpt>
      <trkpt lat="37.54808" lon="127.01068">
        <ele>113.78</ele>
      </trkpt>
      <trkpt lat="37.5481" lon="127.01087">
        <ele>111.32</ele>
      </trkpt>
      <trkpt lat="37.5481" lon="127.01087">
        <ele>111.31</ele>
      </trkpt>
      <trkpt lat="37.548118" lon="127.010906">
        <ele>110.87</ele>
      </trkpt>
      <trkpt lat="37.548151" lon="127.010971">
        <ele>110.01</ele>
      </trkpt>
      <trkpt lat="37.54835" lon="127.011189">
        <ele>108.37</ele>
      </trkpt>
      <trkpt lat="37.548549" lon="127.011407">
        <ele>111.53</ele>
      </trkpt>
      <trkpt lat="37.548748" lon="127.011625">
        <ele>112.61</ele>
      </trkpt>
      <trkpt lat="37.54882" lon="127.011688">
        <ele>111.18</ele>
      </trkpt>
      <trkpt lat="37.548931" lon="127.011759">
        <ele>108.69</ele>
      </trkpt>
      <trkpt lat="37.549171" lon="127.011896">
        <ele>100.79</ele>
      </trkpt>
      <trkpt lat="37.549411" lon="127.012032">
        <ele>96.86</ele>
      </trkpt>
      <trkpt lat="37.549692" lon="127.01222">
        <ele>95</ele>
      </trkpt>
      <trkpt lat="37.5495" lon="127.012448">
        <ele>92.15</ele>
      </trkpt>
      <trkpt lat="37.5495" lon="127.012448">
        <ele>92.15</ele>
      </trkpt>
      <trkpt lat="37.549372" lon="127.012535">
        <ele>89.44</ele>
      </trkpt>
      <trkpt lat="37.54953" lon="127.013061">
        <ele>86.87</ele>
      </trkpt>
      <trkpt lat="37.549709" lon="127.013395">
        <ele>89.92</ele>
      </trkpt>
      <trkpt lat="37.549944" lon="127.013672">
        <ele>94.17</ele>
      </trkpt>
      <trkpt lat="37.549975" lon="127.013763">
        <ele>93.95</ele>
      </trkpt>
      <trkpt lat="37.550079" lon="127.01398">
        <ele>92.91</ele>
      </trkpt>
      <trkpt lat="37.550166" lon="127.014032">
        <ele>93.54</ele>
      </trkpt>
      <trkpt lat="37.550324" lon="127.014186">
        <ele>93.5</ele>
      </trkpt>
      <trkpt lat="37.550426" lon="127.014306">
        <ele>94.03</ele>
      </trkpt>
      <trkpt lat="37.550505" lon="127.014463">
        <ele>93.63</ele>
      </trkpt>
      <trkpt lat="37.550619" lon="127.014423">
        <ele>97.31</ele>
      </trkpt>
      <trkpt lat="37.550749" lon="127.01432">
        <ele>101.39</ele>
      </trkpt>
      <trkpt lat="37.55097" lon="127.014291">
        <ele>105.01</ele>
      </trkpt>
      <trkpt lat="37.551168" lon="127.014531">
        <ele>108.61</ele>
      </trkpt>
      <trkpt lat="37.551342" lon="127.014805">
        <ele>112.27</ele>
      </trkpt>
      <trkpt lat="37.551631" lon="127.015152">
        <ele>119.55</ele>
      </trkpt>
      <trkpt lat="37.551773" lon="127.015299">
        <ele>122.59</ele>
      </trkpt>
      <trkpt lat="37.551874" lon="127.01543">
        <ele>124.89</ele>
      </trkpt>
      <trkpt lat="37.551874" lon="127.01543">
        <ele>124.89</ele>
      </trkpt>
      <trkpt lat="37.551874" lon="127.01543">
        <ele>124.89</ele>
      </trkpt>
      <trkpt lat="37.55194" lon="127.015518">
        <ele>126.4</ele>
      </trkpt>
      <trkpt lat="37.551938" lon="127.015514">
        <ele>126.36</ele>
      </trkpt>
      <trkpt lat="37.551938" lon="127.015514">
        <ele>126.36</ele>
      </trkpt>
      <trkpt lat="37.551773" lon="127.015299">
        <ele>122.59</ele>
      </trkpt>
      <trkpt lat="37.551631" lon="127.015152">
        <ele>119.55</ele>
      </trkpt>
      <trkpt lat="37.551342" lon="127.014805">
        <ele>112.27</ele>
      </trkpt>
      <trkpt lat="37.551168" lon="127.014531">
        <ele>108.61</ele>
      </trkpt>
      <trkpt lat="37.55097" lon="127.014291">
        <ele>105.01</ele>
      </trkpt>
      <trkpt lat="37.550749" lon="127.01432">
        <ele>101.39</ele>
      </trkpt>
      <trkpt lat="37.550619" lon="127.014423">
        <ele>97.31</ele>
      </trkpt>
      <trkpt lat="37.550505" lon="127.014463">
        <ele>93.63</ele>
      </trkpt>
      <trkpt lat="37.550631" lon="127.014667">
        <ele>92.91</ele>
      </trkpt>
      <trkpt lat="37.550765" lon="127.01493">
        <ele>90.33</ele>
      </trkpt>
      <trkpt lat="37.550833" lon="127.015039">
        <ele>89.21</ele>
      </trkpt>
      <trkpt lat="37.55106" lon="127.015151">
        <ele>92.56</ele>
      </trkpt>
      <trkpt lat="37.551254" lon="127.015324">
        <ele>97.38</ele>
      </trkpt>
      <trkpt lat="37.551316" lon="127.01541">
        <ele>98.44</ele>
      </trkpt>
      <trkpt lat="37.551492" lon="127.015889">
        <ele>99.79</ele>
      </trkpt>
      <trkpt lat="37.551524" lon="127.016024">
        <ele>100.35</ele>
      </trkpt>
      <trkpt lat="37.551546" lon="127.016522">
        <ele>102.78</ele>
      </trkpt>
      <trkpt lat="37.551546" lon="127.016742">
        <ele>103.99</ele>
      </trkpt>
      <trkpt lat="37.551534" lon="127.017019">
        <ele>103.45</ele>
      </trkpt>
      <trkpt lat="37.551605" lon="127.017166">
        <ele>104.73</ele>
      </trkpt>
      <trkpt lat="37.551644" lon="127.017295">
        <ele>105.42</ele>
      </trkpt>
      <trkpt lat="37.551648" lon="127.017502">
        <ele>103.81</ele>
      </trkpt>
      <trkpt lat="37.551703" lon="127.017617">
        <ele>103.8</ele>
      </trkpt>
      <trkpt lat="37.551835" lon="127.017855">
        <ele>103.48</ele>
      </trkpt>
      <trkpt lat="37.551944" lon="127.018014">
        <ele>102.02</ele>
      </trkpt>
      <trkpt lat="37.552004" lon="127.01807">
        <ele>101.63</ele>
      </trkpt>
      <trkpt lat="37.552075" lon="127.018166">
        <ele>99.13</ele>
      </trkpt>
      <trkpt lat="37.552219" lon="127.018212">
        <ele>98.53</ele>
      </trkpt>
      <trkpt lat="37.552339" lon="127.018176">
        <ele>100.42</ele>
      </trkpt>
      <trkpt lat="37.552385" lon="127.018118">
        <ele>103.13</ele>
      </trkpt>
      <trkpt lat="37.552638" lon="127.018068">
        <ele>104.43</ele>
      </trkpt>
      <trkpt lat="37.552834" lon="127.01787">
        <ele>109.69</ele>
      </trkpt>
      <trkpt lat="37.553203" lon="127.017178">
        <ele>113.95</ele>
      </trkpt>
      <trkpt lat="37.553305" lon="127.016968">
        <ele>115.9</ele>
      </trkpt>
      <trkpt lat="37.553313" lon="127.016877">
        <ele>116.77</ele>
      </trkpt>
      <trkpt lat="37.553203" lon="127.017002">
        <ele>116.51</ele>
      </trkpt>
      <trkpt lat="37.552658" lon="127.017495">
        <ele>120.39</ele>
      </trkpt>
      <trkpt lat="37.552572" lon="127.017538">
        <ele>120.91</ele>
      </trkpt>
      <trkpt lat="37.552359" lon="127.017531">
        <ele>121.65</ele>
      </trkpt>
      <trkpt lat="37.552359" lon="127.017531">
        <ele>121.65</ele>
      </trkpt>
      <trkpt lat="37.552572" lon="127.017538">
        <ele>120.91</ele>
      </trkpt>
      <trkpt lat="37.552585" lon="127.017531">
        <ele>120.84</ele>
      </trkpt>
      <trkpt lat="37.552585" lon="127.017531">
        <ele>120.83</ele>
      </trkpt>
      <trkpt lat="37.552658" lon="127.017495">
        <ele>120.39</ele>
      </trkpt>
      <trkpt lat="37.553203" lon="127.017002">
        <ele>116.51</ele>
      </trkpt>
      <trkpt lat="37.553313" lon="127.016877">
        <ele>116.77</ele>
      </trkpt>
      <trkpt lat="37.553335" lon="127.016862">
        <ele>116.65</ele>
      </trkpt>
      <trkpt lat="37.553335" lon="127.016862">
        <ele>116.65</ele>
      </trkpt>
      <trkpt lat="37.55338" lon="127.016833">
        <ele>116.41</ele>
      </trkpt>
      <trkpt lat="37.553626" lon="127.016911">
        <ele>114.18</ele>
      </trkpt>
      <trkpt lat="37.553942" lon="127.017032">
        <ele>111.55</ele>
      </trkpt>
      <trkpt lat="37.554157" lon="127.017048">
        <ele>110.53</ele>
      </trkpt>
      <trkpt lat="37.554559" lon="127.017037">
        <ele>105.39</ele>
      </trkpt>
      <trkpt lat="37.554715" lon="127.017124">
        <ele>104.6</ele>
      </trkpt>
      <trkpt lat="37.55491" lon="127.01728">
        <ele>102.29</ele>
      </trkpt>
      <trkpt lat="37.555157" lon="127.017271">
        <ele>99.75</ele>
      </trkpt>
      <trkpt lat="37.555422" lon="127.017285">
        <ele>97.57</ele>
      </trkpt>
      <trkpt lat="37.55561" lon="127.017323">
        <ele>96.56</ele>
      </trkpt>
      <trkpt lat="37.555937" lon="127.017435">
        <ele>95.68</ele>
      </trkpt>
      <trkpt lat="37.555937" lon="127.017435">
        <ele>95.68</ele>
      </trkpt>
      <trkpt lat="37.55601" lon="127.017461">
        <ele>95.48</ele>
      </trkpt>
      <trkpt lat="37.556198" lon="127.017717">
        <ele>90.75</ele>
      </trkpt>
      <trkpt lat="37.556277" lon="127.017785">
        <ele>90.36</ele>
      </trkpt>
      <trkpt lat="37.556514" lon="127.017849">
        <ele>92.37</ele>
      </trkpt>
      <trkpt lat="37.556623" lon="127.017937">
        <ele>91.88</ele>
      </trkpt>
      <trkpt lat="37.556623" lon="127.017937">
        <ele>91.89</ele>
      </trkpt>
      <trkpt lat="37.55674" lon="127.018213">
        <ele>87.46</ele>
      </trkpt>
      <trkpt lat="37.556807" lon="127.018432">
        <ele>86.38</ele>
      </trkpt>
      <trkpt lat="37.556807" lon="127.018432">
        <ele>86.38</ele>
      </trkpt>
      <trkpt lat="37.556783" lon="127.018624">
        <ele>85.09</ele>
      </trkpt>
      <trkpt lat="37.556714" lon="127.018825">
        <ele>82.42</ele>
      </trkpt>
      <trkpt lat="37.556707" lon="127.018917">
        <ele>81.72</ele>
      </trkpt>
      <trkpt lat="37.556755" lon="127.019144">
        <ele>80.51</ele>
      </trkpt>
      <trkpt lat="37.556768" lon="127.019317">
        <ele>77.93</ele>
      </trkpt>
      <trkpt lat="37.556763" lon="127.019439">
        <ele>76.31</ele>
      </trkpt>
      <trkpt lat="37.556794" lon="127.019583">
        <ele>75.78</ele>
      </trkpt>
      <trkpt lat="37.55682" lon="127.019679">
        <ele>76.73</ele>
      </trkpt>
      <trkpt lat="37.55682" lon="127.019679">
        <ele>76.73</ele>
      </trkpt>
      <trkpt lat="37.556834" lon="127.019729">
        <ele>77.23</ele>
      </trkpt>
      <trkpt lat="37.556474" lon="127.019914">
        <ele>72.33</ele>
      </trkpt>
      <trkpt lat="37.556315" lon="127.01996">
        <ele>70.66</ele>
      </trkpt>
      <trkpt lat="37.556324" lon="127.020022">
        <ele>71.18</ele>
      </trkpt>
      <trkpt lat="37.556324" lon="127.020022">
        <ele>71.19</ele>
      </trkpt>
      <trkpt lat="37.556372" lon="127.020359">
        <ele>74.01</ele>
      </trkpt>
      <trkpt lat="37.556275" lon="127.020391">
        <ele>74.23</ele>
      </trkpt>
      <trkpt lat="37.556275" lon="127.020391">
        <ele>74.23</ele>
      </trkpt>
      <trkpt lat="37.556095" lon="127.020451">
        <ele>74.65</ele>
      </trkpt>
      <trkpt lat="37.55542" lon="127.020585">
        <ele>75.33</ele>
      </trkpt>
      <trkpt lat="37.555123" lon="127.020638">
        <ele>73.04</ele>
      </trkpt>
      <trkpt lat="37.555083" lon="127.020655">
        <ele>72.92</ele>
      </trkpt>
      <trkpt lat="37.555083" lon="127.020655">
        <ele>72.92</ele>
      </trkpt>
      <trkpt lat="37.555038" lon="127.020674">
        <ele>72.78</ele>
      </trkpt>
      <trkpt lat="37.554989" lon="127.02074">
        <ele>72.81</ele>
      </trkpt>
      <trkpt lat="37.554948" lon="127.020827">
        <ele>72.71</ele>
      </trkpt>
      <trkpt lat="37.55491" lon="127.020973">
        <ele>73.29</ele>
      </trkpt>
      <trkpt lat="37.554915" lon="127.021046">
        <ele>73.85</ele>
      </trkpt>
      <trkpt lat="37.554915" lon="127.021046">
        <ele>73.86</ele>
      </trkpt>
      <trkpt lat="37.554933" lon="127.021302">
        <ele>75.83</ele>
      </trkpt>
      <trkpt lat="37.554984" lon="127.021717">
        <ele>76.73</ele>
      </trkpt>
      <trkpt lat="37.554984" lon="127.021717">
        <ele>76.73</ele>
      </trkpt>
      <trkpt lat="37.554991" lon="127.021777">
        <ele>76.87</ele>
      </trkpt>
      <trkpt lat="37.555171" lon="127.021928">
        <ele>78.19</ele>
      </trkpt>
      <trkpt lat="37.555244" lon="127.021927">
        <ele>78.64</ele>
      </trkpt>
      <trkpt lat="37.555244" lon="127.021927">
        <ele>78.64</ele>
      </trkpt>
      <trkpt lat="37.555301" lon="127.021926">
        <ele>79</ele>
      </trkpt>
      <trkpt lat="37.555278" lon="127.022126">
        <ele>78.98</ele>
      </trkpt>
      <trkpt lat="37.555347" lon="127.022142">
        <ele>79</ele>
      </trkpt>
      <trkpt lat="37.555461" lon="127.02227">
        <ele>78.96</ele>
      </trkpt>
      <trkpt lat="37.555513" lon="127.022351">
        <ele>78.59</ele>
      </trkpt>
      <trkpt lat="37.555579" lon="127.022467">
        <ele>77.82</ele>
      </trkpt>
      <trkpt lat="37.555663" lon="127.022765">
        <ele>76</ele>
      </trkpt>
      <trkpt lat="37.555663" lon="127.022786">
        <ele>75.68</ele>
      </trkpt>
      <trkpt lat="37.555663" lon="127.022786">
        <ele>75.67</ele>
      </trkpt>
      <trkpt lat="37.555675" lon="127.02333">
        <ele>67.43</ele>
      </trkpt>
      <trkpt lat="37.555669" lon="127.023809">
        <ele>62.69</ele>
      </trkpt>
      <trkpt lat="37.555679" lon="127.024292">
        <ele>58.03</ele>
      </trkpt>
      <trkpt lat="37.555692" lon="127.024456">
        <ele>58.01</ele>
      </trkpt>
      <trkpt lat="37.555687" lon="127.024614">
        <ele>58.72</ele>
      </trkpt>
      <trkpt lat="37.555666" lon="127.024813">
        <ele>58.81</ele>
      </trkpt>
      <trkpt lat="37.55563" lon="127.02528">
        <ele>59.66</ele>
      </trkpt>
      <trkpt lat="37.555669" lon="127.025496">
        <ele>58.14</ele>
      </trkpt>
      <trkpt lat="37.555669" lon="127.025496">
        <ele>58.14</ele>
      </trkpt>
      <trkpt lat="37.555669" lon="127.025496">
        <ele>58.14</ele>
      </trkpt>
      <trkpt lat="37.555668" lon="127.025494">
        <ele>58.16</ele>
      </trkpt>
      <trkpt lat="37.555529" lon="127.025518">
        <ele>57.99</ele>
      </trkpt>
      <trkpt lat="37.555273" lon="127.025636">
        <ele>58.48</ele>
      </trkpt>
      <trkpt lat="37.555273" lon="127.025636">
        <ele>58.48</ele>
      </trkpt>
      <trkpt lat="37.555234" lon="127.025654">
        <ele>58.55</ele>
      </trkpt>
      <trkpt lat="37.555043" lon="127.025797">
        <ele>59.12</ele>
      </trkpt>
      <trkpt lat="37.554926" lon="127.026011">
        <ele>60.14</ele>
      </trkpt>
      <trkpt lat="37.554784" lon="127.026351">
        <ele>64.16</ele>
      </trkpt>
      <trkpt lat="37.554622" lon="127.026814">
        <ele>70.81</ele>
      </trkpt>
      <trkpt lat="37.55452" lon="127.02725">
        <ele>78.19</ele>
      </trkpt>
      <trkpt lat="37.554223" lon="127.027273">
        <ele>85.37</ele>
      </trkpt>
      <trkpt lat="37.55384" lon="127.027391">
        <ele>88.22</ele>
      </trkpt>
      <trkpt lat="37.553653" lon="127.027498">
        <ele>86.23</ele>
      </trkpt>
      <trkpt lat="37.553542" lon="127.027648">
        <ele>85.91</ele>
      </trkpt>
      <trkpt lat="37.553418" lon="127.027846">
        <ele>87.84</ele>
      </trkpt>
      <trkpt lat="37.553166" lon="127.027975">
        <ele>89.53</ele>
      </trkpt>
      <trkpt lat="37.553007" lon="127.028104">
        <ele>92.09</ele>
      </trkpt>
      <trkpt lat="37.55285" lon="127.028266">
        <ele>92.33</ele>
      </trkpt>
      <trkpt lat="37.552793" lon="127.028389">
        <ele>93.15</ele>
      </trkpt>
      <trkpt lat="37.552735" lon="127.028695">
        <ele>96.59</ele>
      </trkpt>
      <trkpt lat="37.552757" lon="127.028898">
        <ele>99.28</ele>
      </trkpt>
      <trkpt lat="37.552697" lon="127.028932">
        <ele>98.81</ele>
      </trkpt>
      <trkpt lat="37.552676" lon="127.028932">
        <ele>98.52</ele>
      </trkpt>
      <trkpt lat="37.552569" lon="127.028974">
        <ele>97.22</ele>
      </trkpt>
      <trkpt lat="37.552468" lon="127.028993">
        <ele>95.73</ele>
      </trkpt>
      <trkpt lat="37.552366" lon="127.029031">
        <ele>94.07</ele>
      </trkpt>
      <trkpt lat="37.552177" lon="127.029139">
        <ele>90.42</ele>
      </trkpt>
      <trkpt lat="37.551864" lon="127.029253">
        <ele>85.19</ele>
      </trkpt>
      <trkpt lat="37.551654" lon="127.029397">
        <ele>82.57</ele>
      </trkpt>
      <trkpt lat="37.551533" lon="127.029433">
        <ele>80.63</ele>
      </trkpt>
      <trkpt lat="37.551242" lon="127.029381">
        <ele>75.98</ele>
      </trkpt>
      <trkpt lat="37.551097" lon="127.029371">
        <ele>73.1</ele>
      </trkpt>
      <trkpt lat="37.551097" lon="127.029371">
        <ele>73.1</ele>
      </trkpt>
      <trkpt lat="37.550916" lon="127.029326">
        <ele>70.51</ele>
      </trkpt>
      <trkpt lat="37.550623" lon="127.029276">
        <ele>65.09</ele>
      </trkpt>
      <trkpt lat="37.550291" lon="127.02923">
        <ele>60.79</ele>
      </trkpt>
      <trkpt lat="37.550146" lon="127.029149">
        <ele>58.78</ele>
      </trkpt>
      <trkpt lat="37.549753" lon="127.028866">
        <ele>55.98</ele>
      </trkpt>
      <trkpt lat="37.54963" lon="127.028802">
        <ele>55.45</ele>
      </trkpt>
      <trkpt lat="37.549443" lon="127.028743">
        <ele>53.12</ele>
      </trkpt>
      <trkpt lat="37.549393" lon="127.028759">
        <ele>52.32</ele>
      </trkpt>
      <trkpt lat="37.549366" lon="127.028786">
        <ele>51.85</ele>
      </trkpt>
      <trkpt lat="37.549306" lon="127.028944">
        <ele>50.36</ele>
      </trkpt>
      <trkpt lat="37.549283" lon="127.029085">
        <ele>50.75</ele>
      </trkpt>
      <trkpt lat="37.549287" lon="127.029124">
        <ele>51.01</ele>
      </trkpt>
      <trkpt lat="37.549039" lon="127.029307">
        <ele>61.03</ele>
      </trkpt>
      <trkpt lat="37.54899" lon="127.029202">
        <ele>60.54</ele>
      </trkpt>
      <trkpt lat="37.548939" lon="127.029127">
        <ele>61.04</ele>
      </trkpt>
      <trkpt lat="37.548894" lon="127.029025">
        <ele>60.13</ele>
      </trkpt>
      <trkpt lat="37.548867" lon="127.029011">
        <ele>60.81</ele>
      </trkpt>
      <trkpt lat="37.548824" lon="127.028936">
        <ele>60.43</ele>
      </trkpt>
      <trkpt lat="37.548794" lon="127.02896">
        <ele>61.98</ele>
      </trkpt>
      <trkpt lat="37.548801" lon="127.029046">
        <ele>64.24</ele>
      </trkpt>
      <trkpt lat="37.548837" lon="127.029218">
        <ele>67.39</ele>
      </trkpt>
      <trkpt lat="37.548862" lon="127.029441">
        <ele>70.78</ele>
      </trkpt>
      <trkpt lat="37.548927" lon="127.029504">
        <ele>68.59</ele>
      </trkpt>
      <trkpt lat="37.548986" lon="127.029592">
        <ele>66.49</ele>
      </trkpt>
      <trkpt lat="37.549003" lon="127.02966">
        <ele>66</ele>
      </trkpt>
      <trkpt lat="37.548996" lon="127.029738">
        <ele>65.25</ele>
      </trkpt>
      <trkpt lat="37.548965" lon="127.02981">
        <ele>65.07</ele>
      </trkpt>
      <trkpt lat="37.548922" lon="127.029844">
        <ele>65.28</ele>
      </trkpt>
      <trkpt lat="37.548856" lon="127.029856">
        <ele>66.45</ele>
      </trkpt>
      <trkpt lat="37.548697" lon="127.029852">
        <ele>70.04</ele>
      </trkpt>
      <trkpt lat="37.54851" lon="127.02997">
        <ele>72.66</ele>
      </trkpt>
      <trkpt lat="37.548475" lon="127.03003">
        <ele>73.1</ele>
      </trkpt>
      <trkpt lat="37.54847" lon="127.03021">
        <ele>70.63</ele>
      </trkpt>
      <trkpt lat="37.548442" lon="127.030276">
        <ele>70.12</ele>
      </trkpt>
      <trkpt lat="37.548353" lon="127.030351">
        <ele>71.43</ele>
      </trkpt>
      <trkpt lat="37.54814" lon="127.030505">
        <ele>73.43</ele>
      </trkpt>
      <trkpt lat="37.548008" lon="127.0306">
        <ele>74.67</ele>
      </trkpt>
      <trkpt lat="37.547939" lon="127.030676">
        <ele>74.56</ele>
      </trkpt>
      <trkpt lat="37.548025" lon="127.030914">
        <ele>70.27</ele>
      </trkpt>
      <trkpt lat="37.5482" lon="127.031193">
        <ele>66.74</ele>
      </trkpt>
      <trkpt lat="37.548298" lon="127.031304">
        <ele>63.59</ele>
      </trkpt>
      <trkpt lat="37.548311" lon="127.031331">
        <ele>63.29</ele>
      </trkpt>
      <trkpt lat="37.548315" lon="127.031366">
        <ele>63.15</ele>
      </trkpt>
      <trkpt lat="37.548272" lon="127.031494">
        <ele>61.56</ele>
      </trkpt>
      <trkpt lat="37.548194" lon="127.031581">
        <ele>60.68</ele>
      </trkpt>
      <trkpt lat="37.548122" lon="127.03165">
        <ele>57.69</ele>
      </trkpt>
      <trkpt lat="37.548092" lon="127.031695">
        <ele>55.96</ele>
      </trkpt>
      <trkpt lat="37.548093" lon="127.031792">
        <ele>52.81</ele>
      </trkpt>
      <trkpt lat="37.548201" lon="127.031891">
        <ele>51.84</ele>
      </trkpt>
      <trkpt lat="37.548251" lon="127.03189">
        <ele>52.21</ele>
      </trkpt>
      <trkpt lat="37.548474" lon="127.031806">
        <ele>52.12</ele>
      </trkpt>
      <trkpt lat="37.54857" lon="127.031818">
        <ele>50.04</ele>
      </trkpt>
      <trkpt lat="37.548588" lon="127.03186">
        <ele>48.74</ele>
      </trkpt>
      <trkpt lat="37.548638" lon="127.031891">
        <ele>47.04</ele>
      </trkpt>
      <trkpt lat="37.548638" lon="127.032213">
        <ele>42.37</ele>
      </trkpt>
      <trkpt lat="37.548614" lon="127.032353">
        <ele>40.54</ele>
      </trkpt>
      <trkpt lat="37.548537" lon="127.032637">
        <ele>35.5</ele>
      </trkpt>
      <trkpt lat="37.548972" lon="127.032988">
        <ele>25.97</ele>
      </trkpt>
      <trkpt lat="37.548775" lon="127.033388">
        <ele>18.93</ele>
      </trkpt>
      <trkpt lat="37.548936" lon="127.03352">
        <ele>17.94</ele>
      </trkpt>
      <trkpt lat="37.548926" lon="127.033575">
        <ele>17.3</ele>
      </trkpt>
      <trkpt lat="37.548937" lon="127.033633">
        <ele>16.71</ele>
      </trkpt>
      <trkpt lat="37.548971" lon="127.033678">
        <ele>16.42</ele>
      </trkpt>
      <trkpt lat="37.549736" lon="127.034161">
        <ele>17</ele>
      </trkpt>
      <trkpt lat="37.550632" lon="127.034787">
        <ele>17.8</ele>
      </trkpt>
      <trkpt lat="37.550883" lon="127.034957">
        <ele>20.43</ele>
      </trkpt>
      <trkpt lat="37.551191" lon="127.035052">
        <ele>20.44</ele>
      </trkpt>
      <trkpt lat="37.55131" lon="127.035197">
        <ele>21</ele>
      </trkpt>
      <trkpt lat="37.551264" lon="127.035223">
        <ele>21</ele>
      </trkpt>
      <trkpt lat="37.551281" lon="127.035259">
        <ele>21</ele>
      </trkpt>
      <trkpt lat="37.551271" lon="127.035348">
        <ele>21.07</ele>
      </trkpt>
      <trkpt lat="37.551294" lon="127.035462">
        <ele>21.2</ele>
      </trkpt>
      <trkpt lat="37.551344" lon="127.035516">
        <ele>20.98</ele>
      </trkpt>
      <trkpt lat="37.551412" lon="127.035546">
        <ele>20.81</ele>
      </trkpt>
      <trkpt lat="37.551424" lon="127.035576">
        <ele>20.66</ele>
      </trkpt>
      <trkpt lat="37.551411" lon="127.035581">
        <ele>20.68</ele>
      </trkpt>
      <trkpt lat="37.551067" lon="127.035707">
        <ele>21.75</ele>
      </trkpt>
      <trkpt lat="37.550778" lon="127.035874">
        <ele>14.63</ele>
      </trkpt>
      <trkpt lat="37.550683" lon="127.035947">
        <ele>11.19</ele>
      </trkpt>
      <trkpt lat="37.550846" lon="127.036248">
        <ele>11.68</ele>
      </trkpt>
      <trkpt lat="37.550982" lon="127.036509">
        <ele>9.61</ele>
      </trkpt>
      <trkpt lat="37.551719" lon="127.037932">
        <ele>9.69</ele>
      </trkpt>
      <trkpt lat="37.551874" lon="127.038381">
        <ele>8.22</ele>
      </trkpt>
      <trkpt lat="37.552043" lon="127.038742">
        <ele>8.6</ele>
      </trkpt>
      <trkpt lat="37.552331" lon="127.039597">
        <ele>8.85</ele>
      </trkpt>
      <trkpt lat="37.552609" lon="127.040352">
        <ele>8.54</ele>
      </trkpt>
      <trkpt lat="37.552694" lon="127.040603">
        <ele>8.33</ele>
      </trkpt>
      <trkpt lat="37.55306" lon="127.041844">
        <ele>8.41</ele>
      </trkpt>
      <trkpt lat="37.553204" lon="127.042416">
        <ele>8.52</ele>
      </trkpt>
      <trkpt lat="37.553221" lon="127.042429">
        <ele>8.77</ele>
      </trkpt>
      <trkpt lat="37.553308" lon="127.042957">
        <ele>9.26</ele>
      </trkpt>
      <trkpt lat="37.553458" lon="127.044094">
        <ele>15.86</ele>
      </trkpt>
      <trkpt lat="37.55352" lon="127.044398">
        <ele>12.81</ele>
      </trkpt>
      <trkpt lat="37.553604" lon="127.044737">
        <ele>10.64</ele>
      </trkpt>
      <trkpt lat="37.553735" lon="127.045321">
        <ele>10.88</ele>
      </trkpt>
      <trkpt lat="37.553762" lon="127.045405">
        <ele>11.02</ele>
      </trkpt>
      <trkpt lat="37.553811" lon="127.0455">
        <ele>11.42</ele>
      </trkpt>
      <trkpt lat="37.553894" lon="127.045561">
        <ele>12.49</ele>
      </trkpt>
      <trkpt lat="37.553918" lon="127.045673">
        <ele>12</ele>
      </trkpt>
    </trkseg>
  </trk>
</gpx>
